timestamp_s,m1_c,m2_c,m3_c,m4_c,m5_c,m6_c,m7_c,m8_c,m9_c,m10_c,m11_c,m12_c
1775545318.7634,36,36,36,35,35,35,36,37,36,36,36,36
1775545318.9641,35,36,36,35,35,35,36,37,36,36,36,36
1775545319.1645,35,37,36,35,35,35,36,36,36,36,36,36
1775545319.3650,35,37,36,35,35,35,36,36,36,36,36,36
1775545319.5653,35,37,36,35,35,35,36,37,36,36,36,36
1775545319.7659,35,37,36,35,35,35,36,36,36,36,36,36
1775545319.9666,35,37,36,35,35,35,36,37,36,36,36,36
1775545320.1668,36,37,36,35,35,35,36,37,36,36,36,36
1775545320.3671,35,37,36,35,36,35,36,37,36,36,36,36
1775545320.5674,36,37,36,35,36,35,36,37,36,36,36,36
1775545320.7679,35,37,36,35,35,35,36,37,36,36,36,36
1775545320.9687,36,37,36,35,36,35,36,37,36,36,36,36
1775545321.1689,36,37,36,35,35,35,36,37,36,36,36,36
1775545321.3692,36,37,36,35,36,35,36,37,36,36,36,36
1775545321.5696,35,37,36,35,36,35,36,37,36,37,36,36
1775545321.7699,36,37,36,35,36,35,36,37,36,37,36,36
1775545321.9702,35,37,36,35,36,35,36,37,36,36,36,36
1775545322.1705,36,37,36,35,35,35,36,37,36,37,36,36
1775545322.3708,35,37,36,35,36,35,36,37,36,37,36,36
1775545322.5711,36,37,36,35,36,35,36,37,36,36,36,36
1775545322.7715,36,37,36,35,36,35,36,37,36,37,36,36
1775545322.9718,35,37,36,35,36,35,36,37,36,36,36,36
1775545323.1721,35,37,36,35,36,35,36,37,36,37,36,36
1775545323.3724,36,37,36,35,36,35,36,37,36,36,36,36
1775545323.5735,36,37,36,35,36,35,36,37,36,37,36,36
1775545323.7738,36,37,36,36,36,35,36,37,36,37,36,36
1775545323.9742,36,37,36,36,36,35,36,37,36,37,36,36
1775545324.1760,36,37,36,36,36,35,36,37,36,37,36,36
1775545324.3762,36,37,36,36,36,35,36,37,36,37,36,36
1775545324.5770,36,37,36,36,36,35,36,37,36,37,36,36
1775545324.7773,36,37,36,36,36,35,36,37,36,37,36,36
1775545324.9776,36,37,36,36,36,35,36,37,36,37,36,36
1775545325.1779,36,37,36,36,36,35,36,37,36,37,36,36
1775545325.3787,36,37,36,36,36,35,36,37,36,37,36,36
1775545325.5793,36,37,36,36,36,35,36,37,36,37,36,36
1775545325.7806,36,37,36,36,36,35,36,37,36,37,37,36
1775545325.9809,36,37,36,36,36,35,36,37,36,37,37,36
1775545326.1813,36,37,36,36,36,35,36,37,36,37,36,36
1775545326.3819,36,37,36,36,36,35,36,37,36,37,37,36
1775545326.5822,36,37,36,36,36,35,36,37,36,37,36,36
1775545326.7828,36,37,36,36,36,35,36,37,36,37,37,36
1775545326.9831,36,37,36,36,36,35,36,37,36,37,36,36
1775545327.1834,36,37,36,36,36,35,36,37,36,37,37,36
1775545327.3838,36,37,36,36,36,35,36,37,36,37,37,36
1775545327.5841,36,37,36,36,36,35,36,37,36,37,37,36
1775545327.7844,36,37,36,36,36,35,36,37,36,37,37,36
1775545327.9847,36,37,36,36,36,35,36,37,36,37,37,36
1775545328.1849,36,37,36,36,36,35,36,37,36,37,37,36
1775545328.3852,36,37,36,36,36,35,36,37,36,37,37,36
1775545328.5855,36,37,36,36,36,35,36,37,36,37,37,36
1775545328.7861,36,37,36,36,36,35,36,37,36,37,37,36
1775545328.9866,36,37,36,36,36,35,36,37,36,37,37,36
1775545329.1877,36,37,36,36,36,35,36,37,36,37,37,36
1775545329.3879,36,37,36,36,36,35,36,37,36,37,37,36
1775545329.5883,36,37,36,36,36,35,36,37,36,37,37,36
1775545329.7886,36,37,36,36,36,35,36,37,36,37,37,36
1775545329.9889,36,37,36,36,36,35,36,37,36,37,37,36
1775545330.1892,36,37,36,36,36,35,36,37,36,37,37,37
1775545330.3894,36,37,36,36,36,35,36,37,36,37,37,36
1775545330.5897,36,37,36,36,36,35,36,37,36,37,37,36
1775545330.7900,36,37,36,36,36,35,36,37,36,37,37,37
1775545330.9904,36,37,36,36,36,35,36,37,36,37,37,37
1775545331.1907,36,37,36,36,36,35,36,37,36,37,37,37
1775545331.3909,36,37,36,36,36,35,36,37,36,37,37,37
1775545331.5912,36,37,36,36,36,35,36,37,36,37,37,37
1775545331.7914,36,37,36,36,36,35,36,37,36,37,37,36
1775545331.9917,36,37,36,36,36,35,36,37,36,37,37,37
1775545332.1923,36,37,36,36,36,35,36,37,36,37,37,37
1775545332.3925,36,37,37,36,36,35,36,37,36,37,37,37
1775545332.5928,36,37,37,36,36,35,36,37,36,37,37,37
1775545332.7931,36,37,36,36,36,35,36,37,36,37,37,37
1775545332.9946,36,37,37,36,36,35,36,37,36,37,37,37
1775545333.1955,36,37,37,36,36,35,36,37,36,37,37,37
1775545333.3963,36,37,37,36,36,35,36,37,36,37,37,37
1775545333.5969,36,37,36,36,36,35,36,37,36,37,37,37
1775545333.7974,36,37,37,36,36,35,36,37,36,37,37,37
1775545333.9980,36,37,37,36,36,35,36,37,36,37,37,37
1775545334.1985,36,37,37,36,36,36,36,37,36,37,37,37
1775545334.3988,36,37,37,36,36,35,37,37,36,37,37,37
1775545334.5991,36,37,37,36,36,35,36,37,36,37,37,37
1775545334.8003,36,37,37,36,36,35,36,37,36,37,37,37
1775545335.0010,36,37,37,36,36,35,37,37,36,37,37,37
1775545335.2018,36,37,37,36,36,36,36,37,36,37,37,37
1775545335.4023,36,37,37,36,36,35,36,37,36,37,37,37
1775545335.6025,36,37,37,36,36,36,37,37,36,37,37,37
1775545335.8029,36,37,37,36,36,36,37,37,36,37,37,37
1775545336.0032,36,37,37,36,36,36,37,37,36,37,37,37
1775545336.2035,36,37,37,36,36,36,37,37,36,37,37,37
1775545336.4037,36,37,37,36,36,36,37,37,36,37,37,37
1775545336.6042,36,37,37,36,36,35,37,37,36,37,37,37
1775545336.8047,36,37,37,36,36,35,37,37,36,37,37,37
1775545337.0050,36,37,37,36,36,36,37,37,36,37,37,37
1775545337.2056,36,37,37,36,36,35,36,37,36,37,37,37
1775545337.4059,36,37,37,36,36,35,37,37,36,37,37,37
1775545337.6062,36,37,37,36,36,35,36,37,36,37,37,37
1775545337.8065,36,37,37,36,36,36,37,37,36,37,37,37
1775545338.0068,36,37,37,36,36,36,37,37,36,37,37,37
1775545338.2070,36,37,37,36,36,36,37,37,36,37,37,37
1775545338.4073,36,37,37,36,36,36,37,37,36,37,37,37
1775545338.6077,36,37,37,36,36,36,37,37,36,37,37,37
1775545338.8079,36,37,37,36,36,36,37,37,36,37,37,37
1775545339.0082,36,37,37,36,36,36,37,37,36,37,37,37
1775545339.2084,36,37,37,36,36,36,37,37,36,37,37,37
1775545339.4087,36,37,37,36,36,36,37,37,36,37,37,37
1775545339.6089,37,37,37,36,36,36,37,37,36,37,37,37
1775545339.8093,36,37,37,36,36,36,37,37,36,37,37,37
1775545340.0095,36,37,37,36,36,36,36,37,37,37,37,37
1775545340.2098,36,37,37,36,36,36,37,37,36,37,37,37
1775545340.4100,36,37,37,36,36,36,37,37,37,37,37,37
1775545340.6103,36,37,37,36,36,36,37,37,36,37,37,37
1775545340.8106,36,37,37,36,36,36,37,37,36,37,37,37
1775545341.0108,36,37,37,36,36,36,37,37,37,37,37,37
1775545341.2111,36,37,37,36,36,36,37,37,37,37,37,37
1775545341.4114,36,37,37,36,36,36,37,37,37,37,37,37
1775545341.6118,36,37,37,36,36,36,37,37,37,37,37,37
1775545341.8121,37,37,37,36,36,36,37,37,37,37,37,37
1775545342.0124,36,37,37,36,36,36,37,37,37,37,37,37
1775545342.2126,36,38,37,36,36,36,37,38,37,37,37,37
1775545342.4129,36,37,37,36,36,36,37,38,37,37,37,37
1775545342.6131,36,38,37,36,36,36,37,37,37,37,37,37
1775545342.8134,37,38,37,36,36,36,37,37,37,37,37,37
1775545343.0136,37,38,37,36,36,36,37,38,37,37,37,37
1775545343.2150,36,37,37,36,36,36,37,38,37,37,37,37
1775545343.4156,37,38,37,36,37,36,37,38,37,37,37,37
1775545343.6162,37,38,37,36,36,36,37,38,37,37,37,37
1775545343.8181,37,38,37,36,37,36,37,38,37,37,37,37
1775545344.0191,37,38,37,36,37,36,37,38,37,38,37,37
1775545344.2194,37,38,37,36,36,36,37,38,37,38,37,37
1775545344.4201,37,38,37,36,36,36,37,38,37,37,37,37
1775545344.6206,37,38,37,36,37,36,37,38,37,38,37,37
1775545344.8215,37,38,37,36,37,36,37,38,37,37,37,37
1775545345.0228,37,38,37,36,37,36,37,38,37,38,37,37
1775545345.2231,37,38,37,36,37,36,37,38,37,38,37,37
1775545345.4235,37,38,37,36,37,36,37,38,37,38,37,37
1775545345.6243,37,38,37,36,37,36,37,38,37,38,37,37
1775545345.8251,37,38,37,36,37,36,37,38,37,38,37,37
1775545346.0256,37,38,37,36,37,36,37,38,37,38,37,37
1775545346.2259,37,38,37,36,37,36,37,38,37,38,37,37
1775545346.4261,37,38,37,36,37,36,37,38,37,38,37,37
1775545346.6266,37,38,37,36,37,36,37,38,37,38,37,37
1775545346.8269,37,38,37,36,37,36,37,38,37,37,37,37
1775545347.0274,37,38,37,36,37,36,37,38,37,38,37,37
1775545347.2282,37,38,37,36,37,36,37,38,37,38,37,37
1775545347.4284,37,38,37,36,37,36,37,38,37,38,37,37
1775545347.6288,37,38,37,36,37,36,37,38,37,38,37,37
1775545347.8291,37,38,37,36,37,36,37,38,37,38,37,37
1775545348.0297,37,38,37,36,37,36,37,38,37,38,37,37
1775545348.2300,37,38,37,36,37,36,37,38,37,38,37,37
1775545348.4304,37,38,37,37,37,36,37,38,37,38,37,37
1775545348.6308,37,38,37,36,37,36,37,38,37,38,37,37
1775545348.8311,37,38,37,37,37,36,37,38,37,38,37,37
1775545349.0313,37,38,37,36,37,36,37,38,37,38,37,37
1775545349.2315,37,38,37,36,37,36,37,38,37,38,37,37
1775545349.4318,37,38,37,37,37,36,37,38,37,38,37,37
1775545349.6323,37,38,37,37,37,36,37,38,37,38,37,37
1775545349.8325,37,38,37,36,37,36,37,38,37,38,37,37
1775545350.0332,37,38,37,37,37,36,37,38,37,38,37,37
1775545350.2344,37,38,37,36,37,36,37,38,37,38,37,37
1775545350.4354,37,38,37,37,37,36,37,38,37,38,37,37
1775545350.6364,37,38,37,37,37,36,37,38,37,38,37,37
1775545350.8369,37,38,37,37,37,36,37,38,37,38,37,37
1775545351.0372,37,38,37,37,37,36,37,38,37,38,37,37
1775545351.2375,37,38,37,37,37,36,37,38,37,38,37,37
1775545351.4389,37,38,37,37,37,36,37,38,37,38,37,37
1775545351.6393,37,38,37,37,37,36,37,38,37,38,37,37
1775545351.8399,37,38,37,37,37,36,37,38,37,38,38,37
1775545352.0404,37,38,37,37,37,36,37,38,37,38,37,37
1775545352.2407,37,38,37,37,37,36,37,38,37,38,37,37
1775545352.4409,37,38,37,37,37,36,37,38,37,38,38,37
1775545352.6416,37,38,37,37,37,36,37,38,37,38,38,37
1775545352.8423,37,38,37,37,37,36,37,38,37,38,38,37
1775545353.0432,37,38,37,37,37,36,37,38,37,38,37,37
1775545353.2435,37,38,37,37,37,36,37,38,37,38,38,37
1775545353.4439,37,38,37,37,37,36,37,38,37,38,37,37
1775545353.6442,37,38,37,37,37,36,37,38,37,38,37,37
1775545353.8446,37,38,37,37,37,36,37,38,37,38,38,37
1775545354.0449,37,38,37,37,37,36,37,38,37,38,38,37
1775545354.2451,37,38,37,37,37,36,37,38,37,38,38,37
1775545354.4454,37,38,37,37,37,36,37,38,37,38,38,37
1775545354.6457,37,38,37,37,37,36,37,38,37,38,38,37
1775545354.8460,37,38,37,37,37,36,37,38,37,38,38,37
1775545355.0463,37,38,37,37,37,36,37,38,37,38,38,37
1775545355.2475,37,38,37,37,37,36,37,38,37,38,38,37
1775545355.4481,37,38,37,37,37,36,37,38,37,38,38,37
1775545355.6486,37,38,37,37,37,36,37,38,37,38,38,37
1775545355.8489,37,38,37,37,37,36,37,38,37,38,38,37
1775545356.0491,37,38,37,37,37,36,37,38,37,38,38,37
1775545356.2494,37,38,37,37,37,36,37,38,37,38,38,37
1775545356.4496,37,38,37,37,37,36,37,38,37,38,38,37
1775545356.6501,37,38,37,37,37,36,37,38,37,38,38,37
1775545356.8503,37,38,37,37,37,36,37,38,37,38,38,37
1775545357.0518,37,38,37,37,37,36,37,38,37,38,38,37
1775545357.2522,37,38,37,37,37,36,37,38,37,38,38,37
1775545357.4528,37,38,37,37,37,36,37,38,37,38,38,37
1775545357.6531,37,38,38,37,37,36,37,38,37,38,38,37
1775545357.8535,37,38,38,37,37,36,37,38,37,38,38,37
1775545358.0538,37,38,37,37,37,36,37,38,37,38,38,37
1775545358.2540,37,38,37,37,37,36,37,38,37,38,38,37
1775545358.4552,37,38,38,37,37,36,37,38,37,38,38,37
1775545358.6556,37,38,37,37,37,36,37,38,37,38,38,37
1775545358.8560,37,38,37,37,37,36,37,38,37,38,38,37
1775545359.0562,37,38,37,37,37,36,37,38,37,38,38,38
1775545359.2569,37,38,37,37,37,36,37,38,37,38,38,37
1775545359.4575,37,38,37,37,37,36,37,38,37,38,38,38
1775545359.6587,37,38,37,37,37,36,37,38,37,38,38,37
1775545359.8597,37,38,38,37,37,36,38,38,37,38,38,37
1775545360.0599,37,38,38,37,37,36,37,38,37,38,38,37
1775545360.2602,37,38,38,37,37,36,37,38,37,38,38,38
1775545360.4606,37,38,37,37,37,36,37,38,37,38,38,38
1775545360.6608,37,38,38,37,37,36,38,38,37,38,38,38
1775545360.8611,37,38,38,37,37,36,38,38,37,38,38,38
1775545361.0615,37,38,38,37,37,36,38,38,37,38,38,38
1775545361.2618,37,38,38,37,37,36,38,38,37,38,38,38
1775545361.4622,37,38,38,37,37,36,37,38,37,38,38,38
1775545361.6626,37,38,38,37,37,36,38,38,37,38,38,38
1775545361.8629,37,38,38,37,37,36,38,38,37,38,38,38
1775545362.0641,37,38,38,37,37,36,38,38,37,38,38,38
1775545362.2643,37,38,38,37,37,36,38,38,37,38,38,38
1775545362.4646,37,38,38,37,37,36,37,38,37,38,38,38
1775545362.6648,37,38,38,37,37,36,37,38,37,38,38,38
1775545362.8657,37,38,38,37,37,36,38,38,37,38,38,38
1775545363.0661,37,38,38,37,37,36,38,38,37,38,38,38
1775545363.2669,37,38,38,37,37,36,38,38,37,38,38,38
1775545363.4672,37,38,38,37,37,36,38,38,37,38,38,38
1775545363.6675,37,38,38,37,37,36,37,38,37,38,38,38
1775545363.8691,37,38,38,37,37,36,38,38,37,38,38,38
1775545364.0699,37,38,38,37,37,36,38,38,37,38,38,38
1775545364.2702,38,38,38,37,37,36,38,38,37,38,38,38
1775545364.4705,38,38,38,37,37,36,38,38,38,38,38,38
1775545364.6712,37,38,38,37,37,37,38,38,37,38,38,38
1775545364.8714,37,38,38,37,37,36,38,38,37,38,38,38
1775545365.0719,37,38,38,37,37,36,38,38,37,38,38,38
1775545365.2720,38,38,38,37,37,36,38,38,37,38,38,38
1775545365.4723,37,38,38,37,37,36,38,38,37,38,38,38
1775545365.6729,37,38,38,37,37,37,38,38,37,38,38,38
1775545365.8733,37,38,38,37,37,36,38,38,38,38,38,38
1775545366.0736,37,38,38,37,37,36,38,38,37,38,38,38
1775545366.2739,37,38,38,37,37,37,38,38,37,38,38,38
1775545366.4749,37,38,38,37,37,36,38,38,37,38,38,38
1775545366.6753,37,38,38,37,37,36,38,38,37,38,38,38
1775545366.8756,37,38,38,37,37,36,37,38,37,38,38,38
1775545367.0758,37,38,38,37,37,36,38,38,37,38,38,38
1775545367.2767,38,38,38,37,37,36,38,38,37,38,38,38
1775545367.4776,37,38,38,37,37,36,38,38,37,38,38,38
1775545367.6784,37,38,38,37,37,36,38,38,37,38,38,38
1775545367.8789,37,38,38,37,37,36,38,38,37,38,38,38
1775545368.0802,37,38,38,37,37,36,38,38,38,38,38,38
1775545368.2805,37,38,38,37,37,36,38,38,38,38,38,38
1775545368.4807,37,38,38,37,37,37,38,38,37,38,38,38
1775545368.6823,37,38,38,37,37,36,38,38,38,38,38,38
1775545368.8827,38,38,38,37,37,37,38,38,38,38,38,38
1775545369.0829,37,38,38,37,37,37,38,38,38,38,38,38
1775545369.2836,37,38,38,37,37,37,38,38,38,38,38,38
1775545369.4840,38,38,38,37,37,37,38,38,38,38,38,38
1775545369.6842,37,38,38,37,37,37,38,38,37,38,38,38
1775545369.8846,38,38,38,37,37,37,38,38,37,38,38,38
1775545370.0849,37,38,38,37,37,36,38,38,38,38,38,38
1775545370.2852,37,38,38,37,37,37,38,38,38,38,38,38
1775545370.4855,37,38,38,37,37,37,38,38,38,38,38,38
1775545370.6857,37,38,38,37,37,37,38,38,38,38,38,38
1775545370.8863,37,38,38,37,37,37,38,38,38,38,38,38
1775545371.0865,37,38,38,37,37,37,38,38,38,38,38,38
1775545371.2871,38,38,38,37,37,37,38,38,38,38,38,38
1775545371.4879,37,38,38,37,37,36,38,38,38,38,38,38
1775545371.6895,37,38,38,37,37,37,38,38,38,38,38,38
1775545371.8898,37,38,38,37,37,37,38,39,38,38,38,38
1775545372.0904,38,38,38,37,37,37,38,38,38,38,38,38
1775545372.2909,37,38,38,37,37,37,38,38,38,38,38,38
1775545372.4916,37,38,38,37,37,37,38,38,38,38,38,38
1775545372.6920,37,38,38,37,37,37,38,38,38,38,38,38
1775545372.8923,38,38,38,37,37,37,38,38,38,39,38,38
1775545373.0931,37,38,38,37,37,37,38,38,38,38,38,38
1775545373.2935,37,38,38,37,37,37,38,38,38,39,38,38
1775545373.4939,38,38,38,37,37,37,38,38,38,39,38,38
1775545373.6941,38,38,38,37,37,37,38,38,38,39,38,38
1775545373.8949,37,38,38,37,37,37,38,38,38,39,38,38
1775545374.0953,37,38,38,37,37,37,38,39,38,39,38,38
1775545374.2955,37,38,38,37,37,37,38,38,38,39,38,38
1775545374.4958,38,38,38,37,37,37,38,38,38,39,38,38
1775545374.6962,37,38,38,37,37,37,38,38,38,39,38,38
1775545374.8964,38,39,38,37,37,37,38,38,38,39,38,38
1775545375.0967,38,38,38,37,37,37,38,38,38,39,38,38
1775545375.2970,37,38,38,37,37,37,38,38,38,39,38,38
1775545375.4973,38,39,38,37,37,37,38,38,38,39,38,38
1775545375.6975,38,39,38,37,37,37,38,38,38,39,38,38
1775545375.8979,38,38,38,37,37,37,38,38,38,39,38,38
1775545376.0993,38,39,38,37,37,37,38,38,38,39,38,38
1775545376.2996,38,39,38,37,37,37,38,39,38,39,38,38
1775545376.5002,38,38,38,37,37,37,38,38,38,39,38,38
1775545376.7007,38,39,38,37,37,37,38,39,38,39,38,38
1775545376.9009,38,39,38,37,37,37,38,39,38,39,38,38
1775545377.1015,38,39,38,37,37,37,38,38,38,39,38,38
1775545377.3018,38,39,38,37,37,37,38,39,38,39,38,38
1775545377.5023,38,39,38,37,37,37,38,39,38,39,38,38
1775545377.7025,38,39,38,37,37,37,38,39,38,39,38,38
1775545377.9028,38,39,38,37,38,37,38,39,38,39,38,38
1775545378.1032,38,39,38,37,37,37,38,38,38,39,38,38
1775545378.3040,38,39,38,37,37,37,38,39,38,39,38,38
1775545378.5042,38,39,38,37,37,37,38,39,38,39,38,38
1775545378.7045,38,39,38,37,38,37,38,39,38,39,38,38
1775545378.9050,38,39,38,37,38,37,38,39,38,39,38,38
1775545379.1053,38,39,38,37,38,37,38,39,38,39,38,38
1775545379.3055,38,39,38,37,37,37,38,39,38,39,38,38
1775545379.5060,38,39,38,37,37,37,38,39,38,39,38,38
1775545379.7072,38,39,38,37,37,37,38,39,38,39,38,38
1775545379.9078,38,39,38,37,38,37,38,39,38,39,38,38
1775545380.1081,38,39,38,37,38,37,38,39,38,39,38,38
1775545380.3086,38,39,38,37,38,37,38,39,38,39,38,38
1775545380.5090,38,39,38,37,38,37,38,39,38,39,38,38
1775545380.7098,38,39,38,37,38,37,38,39,38,39,38,38
1775545380.9105,38,39,38,37,38,37,38,39,38,39,38,38
1775545381.1108,38,39,38,37,38,37,38,39,38,39,38,38
1775545381.3115,38,39,38,37,38,37,38,39,38,39,38,38
1775545381.5122,38,39,38,37,38,37,38,39,38,39,38,38
1775545381.7127,38,39,38,37,38,37,38,39,38,39,38,38
1775545381.9130,38,39,38,37,38,37,38,39,38,39,38,38
1775545382.1133,38,39,38,37,38,37,38,39,38,39,38,38
1775545382.3136,38,39,38,38,38,37,38,39,38,39,38,38
1775545382.5138,38,39,38,37,38,37,38,39,38,39,38,38
1775545382.7143,38,39,38,37,37,37,38,39,38,39,38,38
1775545382.9146,38,39,38,38,38,37,38,39,38,39,38,38
1775545383.1149,38,39,38,37,37,37,38,39,38,39,38,38
1775545383.3153,38,39,38,38,38,37,38,39,38,39,38,38
1775545383.5156,38,39,38,38,38,37,38,39,38,39,38,38
1775545383.7160,38,39,38,37,38,37,38,39,38,39,38,38
1775545383.9162,38,39,38,37,38,37,38,39,38,39,38,38
1775545384.1166,38,39,38,37,38,37,38,39,38,39,38,38
1775545384.3173,38,39,38,37,38,37,38,39,38,39,38,38
1775545384.5198,38,39,38,38,38,37,38,39,38,39,38,38
1775545384.7200,38,39,38,37,38,37,38,39,38,39,38,38
1775545384.9205,38,39,38,38,38,37,38,39,38,39,38,38
1775545385.1212,38,39,38,38,38,37,38,39,38,39,38,38
1775545385.3232,38,39,38,38,38,37,38,39,38,39,38,38
1775545385.5234,38,39,38,38,38,37,38,39,38,39,38,38
1775545385.7238,38,39,38,38,38,37,38,39,38,39,38,38
1775545385.9241,38,39,38,38,38,37,38,39,38,39,38,38
1775545386.1246,38,39,38,38,38,37,38,39,38,39,38,38
1775545386.3250,38,39,38,38,38,37,38,39,38,39,38,38
1775545386.5253,38,39,38,38,38,37,38,39,38,39,38,38
1775545386.7266,38,39,38,38,38,37,38,39,38,39,38,38
1775545386.9268,38,39,38,38,38,37,38,39,38,39,38,38
1775545387.1277,38,39,38,38,38,37,38,39,38,39,38,38
1775545387.3279,38,39,38,38,38,37,38,39,38,39,38,38
1775545387.5282,38,39,38,38,38,37,38,39,38,39,38,38
1775545387.7293,38,39,38,38,38,37,38,39,38,39,38,38
1775545387.9297,38,39,38,38,38,37,38,39,38,39,38,38
1775545388.1306,38,39,38,38,38,37,38,39,38,39,38,38
1775545388.3308,38,39,38,38,38,37,38,39,38,39,38,38
1775545388.5317,38,39,38,38,38,37,38,39,38,39,38,38
1775545388.7325,38,39,38,38,38,37,38,39,38,39,39,38
1775545388.9330,38,39,38,38,38,37,38,39,38,39,39,38
1775545389.1337,38,39,38,38,38,37,38,39,38,39,38,38
1775545389.3347,38,39,38,38,38,37,38,39,38,39,38,38
1775545389.5349,38,39,38,38,38,37,38,39,38,39,38,38
1775545389.7352,38,39,38,38,38,37,38,39,38,39,38,38
1775545389.9357,38,39,38,38,38,37,38,39,38,39,38,38
1775545390.1359,38,39,38,38,38,37,38,39,38,39,38,38
1775545390.3362,38,39,38,38,38,37,38,39,38,39,38,38
1775545390.5365,38,39,38,38,38,37,38,39,38,39,39,38
1775545390.7367,38,39,38,38,38,37,38,39,38,39,38,38
1775545390.9370,38,39,38,38,38,37,38,39,38,39,39,38
1775545391.1372,38,39,38,38,38,37,38,39,38,39,39,38
1775545391.3375,38,39,38,38,38,37,38,39,38,39,38,38
1775545391.5379,38,39,38,38,38,37,38,39,38,39,39,38
1775545391.7381,38,39,38,38,38,37,38,39,38,39,39,38
1775545391.9385,38,39,38,38,38,37,38,39,38,39,38,38
1775545392.1393,38,39,38,38,38,37,38,39,38,39,39,38
1775545392.3395,38,39,38,38,38,37,38,39,38,39,39,38
1775545392.5398,38,39,38,38,38,37,38,39,38,39,39,38
1775545392.7402,38,39,38,38,38,37,38,39,38,39,39,38
1775545392.9405,38,39,38,38,38,37,38,39,38,39,39,38
1775545393.1410,38,39,38,38,38,37,38,39,38,39,39,38
1775545393.3415,38,39,38,38,38,37,38,39,38,39,39,38
1775545393.5420,38,39,38,38,38,37,38,39,38,39,39,38
1775545393.7422,38,39,38,38,38,37,38,39,38,39,39,38
1775547375.3705,36,37,37,36,36,35,37,37,37,37,37,37
1775547375.5710,36,37,37,36,36,36,37,37,37,37,37,37
1775547375.7713,36,37,37,36,36,35,37,37,37,37,37,37
1775547375.9715,36,37,37,36,36,36,37,37,37,37,37,37
1775547376.1719,36,37,37,36,36,35,37,37,37,37,37,37
1775547376.3722,37,37,37,36,36,36,37,37,37,37,37,37
1775547376.5724,36,37,37,36,36,36,37,37,37,37,37,37
1775547376.7727,36,37,37,36,36,36,37,37,37,37,37,37
1775547376.9730,36,37,37,36,36,36,37,37,37,37,37,37
1775547377.1734,36,37,37,36,36,36,37,38,37,37,37,37
1775547377.3736,36,37,37,36,36,36,37,37,37,37,37,37
1775547377.5739,36,37,37,36,36,36,37,38,37,37,37,37
1775547377.7741,36,37,37,36,36,36,37,38,37,37,37,37
1775547377.9744,36,37,37,36,36,36,37,38,37,37,37,37
1775547378.1745,36,38,37,36,36,36,37,38,37,37,37,37
1775547378.3748,36,37,37,36,36,36,37,37,37,37,37,37
1775547378.5751,36,37,37,36,36,36,37,38,37,37,37,37
1775547378.7753,36,37,37,36,36,36,37,38,37,37,37,37
1775547378.9756,36,37,37,36,36,36,37,38,37,37,37,37
1775547379.1760,36,38,37,36,36,36,37,38,37,37,37,37
1775547379.3765,36,37,37,36,36,36,37,38,37,37,37,37
1775547379.5770,36,38,37,36,36,36,37,38,37,37,37,37
1775547379.7773,36,38,37,36,36,36,37,38,37,37,37,37
1775547379.9808,36,38,37,36,36,36,37,38,37,37,37,37
1775547380.1843,36,38,37,36,36,36,37,38,37,37,37,37
1775547380.3850,36,38,37,36,37,36,37,38,37,37,37,37
1775547380.5854,36,38,37,36,37,36,37,38,37,37,37,37
1775547380.7867,36,38,37,36,37,36,37,38,37,37,37,37
1775547380.9875,36,38,37,36,36,36,37,38,37,37,37,37
1775547381.1879,36,38,37,36,37,36,37,38,37,37,37,37
1775547381.3882,37,38,37,36,36,36,37,38,37,37,37,37
1775547381.5887,37,38,37,36,37,36,37,38,37,37,37,37
1775547381.7890,36,38,37,36,36,36,37,38,37,37,37,37
1775547381.9893,36,38,37,36,37,36,37,38,37,37,37,37
1775547382.1896,37,38,37,36,37,36,37,38,37,37,37,37
1775547382.3901,37,38,37,36,36,36,37,38,37,37,37,37
1775547382.5904,37,38,37,36,37,36,37,38,37,37,37,37
1775547382.7907,37,38,37,36,37,36,37,38,37,37,37,37
1775547382.9909,37,38,37,36,36,36,37,38,37,37,37,37
1775547383.1912,37,38,37,36,37,36,37,38,37,37,37,37
1775547383.3914,37,38,37,36,37,36,37,38,37,37,37,37
1775547383.5917,37,38,37,36,37,36,37,38,37,37,37,37
1775547383.7920,37,38,37,36,37,36,37,38,37,37,37,37
1775547383.9926,37,38,37,36,37,36,37,38,37,37,37,37
1775547384.1929,37,38,37,36,37,36,37,38,37,37,37,37
1775547384.3931,37,38,37,36,37,36,37,38,37,37,37,37
1775547384.5935,37,38,37,36,37,36,37,38,37,37,37,37
1775547384.7938,37,38,37,36,37,36,37,38,37,38,37,37
1775547384.9941,37,38,37,36,37,36,37,38,37,38,37,37
1775547385.1943,37,38,37,36,37,36,37,38,37,38,37,37
1775547385.3946,37,38,37,36,37,36,37,38,37,38,37,37
1775547385.5948,37,38,37,36,37,36,37,38,37,38,37,37
1775547385.7951,37,38,37,36,37,36,37,38,37,38,37,37
1775547385.9954,37,38,37,36,37,36,37,38,37,38,37,37
1775547386.1957,37,38,37,36,37,36,37,38,37,38,37,37
1775547386.3959,37,38,37,36,37,36,37,38,37,38,37,37
1775547386.5962,37,38,37,36,37,36,37,38,37,38,37,37
1775547386.7984,37,38,37,37,37,36,37,38,37,38,37,37
1775547386.9989,37,38,37,37,37,36,37,38,37,38,37,37
1775547387.1997,37,38,37,37,37,36,37,38,37,38,37,37
1775547387.4001,37,38,37,37,37,36,37,38,37,38,37,37
1775547387.6004,37,38,37,37,37,36,37,38,37,38,37,37
1775547387.8017,37,38,37,37,37,36,37,38,37,38,37,37
1775547388.0031,37,38,37,37,37,36,37,38,37,38,37,37
1775547388.2035,37,38,37,37,37,36,37,38,37,38,37,37
1775547388.4040,37,38,37,37,37,36,37,38,37,38,37,37
1775547388.6043,37,38,37,37,37,36,37,38,37,38,37,37
1775547388.8046,37,38,37,37,37,36,37,38,37,38,37,37
1775547389.0053,37,38,37,37,37,36,37,38,37,38,37,37
1775547389.2057,37,38,37,37,37,36,37,38,37,38,38,37
1775547389.4063,37,38,37,37,37,36,37,38,37,38,38,37
1775547389.6067,37,38,37,37,37,36,37,38,37,38,38,37
1775547389.8070,37,38,37,37,37,36,37,38,37,38,38,37
1775547390.0076,37,38,37,37,37,36,37,38,37,38,38,37
1775547390.2079,37,38,37,37,37,36,37,38,37,38,38,37
1775547390.4081,37,38,37,37,37,36,37,38,37,38,38,37
1775547390.6084,37,38,37,37,37,36,38,38,37,38,38,37
1775547390.8087,37,38,37,37,37,36,38,38,37,38,38,38
1775547391.0099,37,38,37,37,37,36,37,38,37,38,38,37
1775547391.2105,37,38,37,37,37,36,37,38,37,38,38,38
1775547391.4182,37,38,37,37,37,36,37,38,37,38,38,37
1775547391.6244,37,38,37,37,37,36,37,38,37,38,38,38
1775547391.8247,37,38,37,37,37,36,38,38,37,38,38,38
1775547392.0251,37,38,38,37,37,36,38,38,37,38,38,38
1775547392.2254,37,38,37,37,37,36,37,38,37,38,38,38
1775547392.4257,37,38,37,37,37,36,38,38,37,38,38,38
1775547392.6261,37,38,37,37,37,36,38,38,37,38,38,38
1775547392.8264,37,38,37,37,37,36,37,38,37,38,38,38
1775547393.0266,37,38,37,37,37,36,37,38,37,38,38,38
1775547393.2271,37,38,37,37,37,36,38,38,37,38,38,38
1775547393.4278,37,38,38,37,37,36,37,38,37,38,38,38
1775547393.6287,37,38,37,37,37,36,37,38,37,38,38,38
1775547393.8290,37,38,37,37,37,36,37,38,37,38,38,38
1775547394.0294,37,38,37,37,37,36,38,38,37,38,38,38
1775547394.2297,37,38,37,37,37,36,37,38,37,38,38,38
1775547394.4299,37,38,38,37,37,36,37,38,37,38,38,38
1775547394.6301,37,38,37,37,37,36,38,38,37,38,38,38
1775547394.8303,37,38,37,37,37,36,37,38,37,38,38,38
1775547395.0306,37,38,37,37,37,36,38,38,37,38,38,38
1775547395.2309,37,38,38,37,37,36,37,38,37,38,38,38
1775547395.4314,37,38,38,37,37,36,38,38,38,38,38,38
1775547395.6317,37,38,38,37,37,36,38,38,37,38,38,38
1775547395.8319,37,38,38,37,37,36,37,38,37,38,38,38
1775547396.0322,37,38,38,37,37,36,38,38,37,38,38,38
1775547396.2326,37,38,38,37,37,36,38,38,38,38,38,38
1775547396.4329,37,38,38,37,37,36,38,38,37,38,38,38
1775547396.6332,37,38,38,37,37,36,38,38,37,38,38,38
1775547396.8335,37,38,38,37,37,36,38,38,37,38,38,38
1775547397.0339,37,38,38,37,37,36,38,38,37,38,38,38
1775547397.2342,37,38,38,37,37,36,38,38,38,38,38,38
1775547397.4345,37,38,38,37,37,36,38,38,38,38,38,38
1775547397.6348,37,38,38,37,37,36,38,38,37,38,38,38
1775547397.8350,37,38,38,37,37,36,38,38,38,38,38,38
1775547398.0353,37,38,38,37,37,36,38,38,38,38,38,38
1775547398.2357,37,38,38,37,37,36,38,38,38,38,38,38
1775547398.4359,37,38,38,37,37,36,38,38,38,38,38,38
1775547398.6362,37,38,38,37,37,36,38,38,38,38,38,38
1775547398.8372,37,38,38,37,37,36,38,38,38,38,38,38
1775547399.0377,37,38,38,37,37,37,38,38,38,38,38,38
1775547399.2384,37,38,38,37,37,36,38,38,38,38,38,38
1775547399.4391,37,38,38,37,37,36,38,38,38,38,38,38
1775547399.6396,38,38,38,37,37,37,38,38,38,38,38,38
1775547399.8400,37,38,38,37,37,36,38,38,38,38,38,38
1775547400.0403,37,38,38,37,37,36,38,38,38,38,38,38
1775547400.2406,37,38,38,37,37,36,38,38,38,38,38,38
1775547400.4414,37,38,38,37,37,36,38,38,38,38,38,38
1775547400.6416,37,38,38,37,37,37,38,38,38,38,38,38
1775547400.8419,37,38,38,37,37,37,38,38,38,38,38,38
1775547401.0422,37,38,38,37,37,37,38,38,38,38,38,38
1775547401.2424,37,38,38,37,37,36,38,38,38,38,38,38
1775547401.4427,37,38,38,37,37,37,38,38,38,38,38,38
1775547401.6430,37,38,38,37,37,36,38,38,38,38,38,38
1775547401.8432,37,38,38,37,37,37,38,38,38,38,38,38
1775547402.0435,37,38,38,37,37,37,38,38,38,38,38,38
1775547402.2437,37,38,38,37,37,37,38,38,38,38,38,38
1775547402.4440,37,38,38,37,37,37,38,38,38,38,38,38
1775547402.6443,37,38,38,37,37,37,38,38,38,38,38,38
1775547402.8446,37,38,38,37,37,37,38,38,38,38,38,38
1775547403.0448,37,38,38,37,37,37,38,38,38,38,38,38
1775547403.2451,37,38,38,37,37,37,38,38,38,38,38,38
1775547403.4454,37,39,38,37,37,37,38,38,38,38,38,38
1775547403.6456,37,39,38,37,37,36,38,38,38,38,38,38
1775547403.8459,38,39,38,37,37,37,38,38,38,38,38,38
1775547404.0461,37,39,38,37,37,37,38,38,38,38,38,38
1775547404.2463,38,38,38,37,37,37,38,38,38,38,38,38
1775547404.4466,37,38,38,37,37,37,38,38,38,38,38,38
1775547404.6469,38,39,38,37,37,37,38,38,38,38,38,38
1775547404.8474,37,39,38,37,37,37,38,38,38,38,38,38
1775547405.0477,37,38,38,37,37,37,38,38,38,38,38,38
1775547405.2479,37,39,38,37,37,37,38,38,38,38,38,38
1775547405.4482,37,38,38,37,37,37,38,38,38,38,38,38
1775547405.6484,37,39,38,37,37,37,38,38,38,38,38,38
1775547405.8487,37,39,38,37,37,37,38,38,38,38,38,38
1775547406.0490,37,39,38,37,37,37,38,38,38,38,38,38
1775547406.2492,37,39,38,37,37,37,38,38,38,38,38,38
1775547406.4495,37,39,38,37,37,37,38,38,38,38,38,38
1775547406.6497,37,39,38,37,37,37,38,39,38,38,38,38
1775547406.8502,37,39,38,37,37,37,38,39,38,38,38,38
1775547407.0505,37,39,38,37,37,37,38,38,38,38,38,38
1775547407.2507,37,39,38,37,37,37,38,38,38,38,38,38
1775547407.4510,38,39,38,38,37,37,38,39,38,38,38,38
1775547407.6513,37,39,38,37,37,37,38,39,38,38,38,38
1775547407.8516,38,39,38,37,37,37,38,39,38,38,38,38
1775547408.0522,37,39,38,37,37,37,38,39,38,38,38,38
1775547408.2525,37,39,38,37,38,37,38,39,38,38,38,38
1775547408.4527,37,39,38,37,37,37,38,38,38,38,38,38
1775547408.6531,37,39,38,37,37,37,38,39,38,38,38,38
1775547408.8534,37,39,38,37,37,37,38,38,38,38,38,38
1775547409.0536,37,39,38,37,37,37,38,39,38,38,38,38
1775547409.2539,37,39,38,38,37,37,38,39,38,38,38,38
1775547409.4542,37,39,38,37,37,37,38,39,38,38,38,38
1775547409.6546,37,39,38,38,37,37,38,39,38,38,38,38
1775547409.8548,37,39,38,37,38,37,38,39,38,38,38,38
1775547410.0551,37,39,38,38,37,37,38,39,38,38,38,38
1775547410.2554,37,39,38,37,38,37,38,39,38,38,38,38
1775547410.4556,38,39,38,38,37,37,38,39,38,38,38,38
1775547410.6559,37,39,38,38,38,37,38,39,38,39,38,38
1775547410.8560,37,39,38,38,38,37,38,39,38,38,38,38
1775547411.0563,37,39,38,38,38,37,38,39,38,38,38,38
1775547411.2565,37,39,38,38,38,37,38,39,38,39,38,38
1775547411.4568,38,39,38,38,38,37,38,39,38,39,38,38
1775547411.6574,37,39,38,37,38,37,38,39,38,38,38,38
1775547411.8577,37,39,38,38,38,37,38,39,38,38,38,38
1775547412.0583,37,39,38,38,38,37,38,39,38,38,38,38
1775547412.2588,37,39,38,38,38,37,38,39,38,39,38,38
1775547412.4592,37,39,38,38,38,37,38,39,38,39,38,38
1775547412.6596,38,39,38,37,38,37,38,39,38,39,38,38
1775547412.8598,37,39,38,38,38,37,38,39,38,39,38,38
1775547413.0601,37,39,38,38,38,37,38,39,38,39,38,38
1775547413.2608,38,39,38,38,38,37,38,39,38,39,38,38
1775547413.4610,38,39,38,38,38,37,38,39,38,38,38,38
1775547413.6615,38,39,38,38,38,37,38,39,38,38,38,38
1775547413.8624,38,39,38,38,38,37,38,39,38,38,38,38
1775547414.0626,38,39,38,38,38,37,38,39,38,39,38,38
1775547414.2629,38,39,38,38,38,37,38,39,38,39,38,38
1775547414.4631,37,39,38,38,38,37,38,39,38,39,38,38
1775547414.6634,38,39,38,38,38,37,38,39,38,39,38,38
1775547414.8638,38,39,38,38,38,37,38,39,38,39,38,38
1775547415.0641,37,39,38,38,38,37,38,39,38,38,38,38
1775547415.2643,38,39,38,38,38,37,38,39,38,39,38,38
1775547415.4648,37,39,38,38,38,37,38,39,38,39,38,38
1775547415.6651,38,39,38,38,38,37,38,39,38,39,38,38
1775547415.8654,38,39,38,38,38,37,38,39,38,39,38,38
1775547416.0657,38,39,38,38,38,37,38,39,38,39,38,38
1775547416.2660,38,39,38,38,38,37,38,39,38,39,38,38
1775547416.4663,38,39,38,38,38,37,38,39,38,39,38,38
1775547416.6665,38,39,38,38,38,37,38,39,38,39,38,38
1775547416.8668,38,39,38,38,38,37,38,39,38,38,38,38
1775547417.0671,38,39,38,38,38,37,38,39,38,39,38,38
1775547417.2674,38,39,38,38,38,37,38,39,38,39,38,38
1775547417.4677,38,39,38,38,37,37,38,39,38,39,38,38
1775547417.6681,38,39,38,38,38,37,38,39,38,39,38,38
1775547417.8684,38,39,38,38,38,37,38,39,38,38,38,38
1775547418.0687,38,39,38,38,38,37,38,39,38,39,38,38
1775547418.2689,38,39,38,38,38,37,38,39,38,39,38,38
1775547418.4692,38,39,38,38,38,37,38,39,38,39,38,38
1775547418.6694,38,39,38,38,38,37,38,39,38,39,38,38
1775547418.8697,38,39,38,38,38,37,38,39,38,39,38,38
1775547419.0700,38,39,38,38,38,37,38,39,38,39,38,38
1775547419.2702,38,39,38,38,38,37,38,39,38,39,38,38
1775547419.4707,38,39,38,38,38,37,38,39,38,39,38,38
1775547419.6710,38,39,38,38,38,37,38,39,38,39,38,38
1775547419.8713,38,39,38,38,38,37,38,39,38,39,38,38
1775547420.0715,38,39,38,38,38,37,38,39,38,39,38,38
1775547420.2718,38,39,38,38,38,37,38,39,38,39,38,38
1775547420.4720,38,39,38,38,38,37,38,39,38,39,38,38
1775547420.6724,38,39,38,38,38,37,38,39,38,39,38,38
1775547420.8728,38,39,38,38,38,37,38,39,38,39,38,38
1775547421.0731,38,39,38,38,38,37,38,39,38,39,39,38
1775547421.2734,38,39,38,38,38,37,38,39,38,39,38,38
1775547421.4736,38,39,38,38,38,37,38,39,38,39,38,38
1775547421.6739,38,39,38,38,38,37,38,39,38,39,38,38
1775547421.8741,38,39,38,38,38,37,38,39,38,39,38,38
1775547422.0744,38,39,38,38,38,37,38,39,38,39,38,38
1775547422.2747,38,39,38,38,38,37,38,39,38,39,38,38
1775547422.4750,38,39,38,38,38,37,38,39,38,39,38,38
1775547422.6754,38,39,38,38,38,37,38,39,38,39,39,38
1775547422.8756,38,39,38,38,38,37,39,39,38,39,38,38
1775547423.0759,38,39,38,38,38,37,39,39,38,39,38,38
1775547423.2761,38,39,38,38,38,37,39,39,38,39,38,38
1775547423.4765,38,39,38,38,38,37,39,39,38,39,38,38
1775547423.6767,38,39,38,38,38,37,39,39,38,39,39,38
1775547423.8770,38,39,38,38,38,37,39,39,38,39,39,38
1775547424.0778,38,39,38,38,38,37,38,39,38,39,38,38
1775547424.2783,38,39,38,38,38,37,39,39,38,39,38,38
1775547424.4785,38,39,38,38,38,37,39,39,38,39,38,38
1775547424.6792,38,39,38,38,38,37,39,39,38,39,39,38
1775547424.8800,38,39,38,38,38,37,39,39,38,39,38,38
1775547425.0806,38,39,38,38,38,37,39,39,38,39,38,38
1775547425.2808,38,39,38,38,38,37,39,39,38,39,38,38
1775547425.4811,38,39,38,38,38,37,39,39,38,39,38,38
1775547425.6814,38,39,38,38,38,37,38,39,38,39,39,38
1775547425.8818,38,39,38,38,38,37,39,39,38,39,39,38
1775547426.0822,38,39,38,38,38,37,39,39,38,39,39,38
1775547426.2827,38,39,38,38,38,37,38,39,38,39,39,38
1775547426.4829,38,39,38,38,38,37,38,39,38,39,39,38
1775547426.6834,38,39,38,38,38,37,39,39,38,39,39,38
1775547426.8836,38,39,38,38,38,37,39,39,38,39,39,38
1775547427.0839,38,39,38,38,38,37,39,39,38,39,39,38
1775547427.2842,38,39,38,38,38,37,39,39,38,39,38,38
1775547427.4845,38,39,38,38,38,37,38,39,38,39,38,38
1775547427.6848,38,39,38,38,38,37,39,39,38,39,39,38
1775547427.8850,38,39,38,38,38,37,39,39,38,39,39,38
1775547428.0853,38,39,38,38,38,37,38,39,38,39,39,39
1775547428.2857,38,39,38,38,38,37,38,39,38,39,39,38
1775547428.4861,38,39,38,38,38,37,38,39,38,39,39,38
1775547428.6864,38,39,38,38,38,37,38,39,38,39,39,39
1775547428.8866,38,39,38,38,38,37,38,39,38,39,39,38
1775547429.0869,38,39,38,38,38,37,39,39,38,39,39,38
1775547429.2870,38,39,38,38,38,37,39,39,38,39,39,38
1775547429.4872,38,39,39,38,38,37,39,39,38,39,39,39
1775547429.6875,38,39,38,38,38,37,39,39,38,39,39,38
1775547429.8878,38,39,39,38,38,37,38,39,38,39,39,39
1775547430.0880,38,39,39,38,38,37,39,39,38,39,39,38
1775547430.2883,38,39,39,38,38,37,39,39,38,39,39,39
1775547430.4894,38,39,38,38,38,37,38,39,38,39,39,39
1775547430.6896,38,39,39,38,38,37,39,39,38,39,39,39
1775547430.8899,38,39,39,38,38,37,39,39,38,39,39,38
1775547431.0902,38,39,39,38,38,37,39,39,39,39,39,39
1775547431.2904,38,39,39,38,38,37,39,39,38,39,39,39
1775547431.4907,38,39,39,38,38,37,39,39,38,39,39,39
1775547431.6909,38,39,39,38,38,37,39,39,38,39,39,38
1775547431.8912,38,39,39,38,38,37,39,39,38,39,39,39
1775547432.0915,38,39,39,38,38,37,39,39,38,39,39,39
1775547432.2917,38,39,39,38,38,37,39,39,38,39,39,39
1775547432.4920,38,39,39,38,38,37,39,39,38,39,39,39
1775547432.6923,38,39,39,38,38,37,39,39,38,39,39,39
1775547432.8925,38,39,39,38,38,37,39,39,38,39,39,39
1775547433.0928,38,39,39,38,38,37,39,39,38,39,39,39
1775547433.2932,38,39,39,38,38,37,39,39,38,39,39,39
1775547433.4935,38,39,39,38,38,37,39,39,38,39,39,39
1775547433.6937,38,39,39,38,38,37,39,39,38,39,39,39
1775547433.8940,38,39,39,38,38,37,39,39,38,39,39,39
1775547434.0943,38,39,39,38,38,37,39,39,38,39,39,39
1775547434.2945,38,39,39,38,38,37,39,39,38,39,39,39
1775547434.4948,38,39,39,38,38,37,39,39,38,39,39,39
1775547434.6951,38,39,39,38,38,37,39,39,38,39,39,39
1775547434.8953,38,39,39,38,38,37,39,39,39,39,39,39
1775547435.0956,38,39,39,38,38,37,39,39,39,39,39,39
1775547435.2965,38,39,39,38,38,37,39,39,39,39,39,39
1775547435.4968,38,39,39,38,38,37,39,39,39,39,39,39
1775547435.6970,38,39,39,38,38,37,39,39,38,39,39,39
1775547435.8973,38,39,39,38,38,37,39,39,39,39,39,39
1775547436.0976,38,39,39,38,38,37,39,39,38,39,39,39
1775547436.2980,38,39,39,38,38,37,39,39,38,39,39,39
1775547436.4983,38,39,39,38,38,37,39,39,38,39,39,39
1775547436.6986,38,39,39,38,38,37,39,39,39,39,39,39
1775547436.8989,38,39,39,38,38,37,39,39,38,39,39,39
1775547437.0992,38,39,39,38,38,37,39,39,39,39,39,39
1775547437.2997,38,39,39,38,38,37,39,39,39,39,39,39
1775547437.5001,38,39,39,38,38,37,39,39,38,39,39,39
1775547437.7004,38,39,39,38,38,37,39,39,39,39,39,39
1775547437.9008,38,39,39,38,38,37,39,39,39,39,39,39
1775547438.1015,38,39,39,38,38,37,39,39,38,39,39,39
1775547438.3018,38,39,39,38,38,37,39,39,38,39,39,39
1775547438.5020,38,39,39,38,38,37,39,39,39,39,39,39
1775547438.7023,38,39,39,38,38,37,39,39,39,39,39,39
1775547438.9026,38,39,39,38,38,37,39,39,38,39,39,39
1775547439.1028,38,39,39,38,38,37,39,39,38,39,39,39
1775547439.3031,38,39,39,38,38,37,39,39,39,39,39,39
1775547439.5033,38,39,39,38,38,37,39,39,39,39,39,39
1775547439.7036,38,39,39,38,38,37,39,39,39,39,39,39
1775547439.9039,38,39,39,38,38,37,39,39,39,39,39,39
1775547440.1043,38,39,39,38,38,37,39,39,39,39,39,39
1775547440.3046,38,39,39,38,38,37,39,39,38,39,39,39
1775547440.5048,38,39,39,38,38,37,39,39,38,39,39,39
1775547440.7051,38,39,39,38,38,37,39,39,39,39,39,39
1775547440.9054,38,39,39,39,38,37,39,39,39,39,39,39
1775547441.1056,38,39,39,39,38,37,39,39,39,39,39,39
1775547441.3059,38,39,39,38,38,37,39,39,39,39,39,39
1775547441.5060,38,39,39,38,38,37,39,39,39,39,39,39
1775547441.7063,38,40,39,38,38,37,39,39,39,39,39,39
1775547441.9067,38,39,39,38,38,37,39,39,39,39,39,39
1775547442.1069,38,40,39,38,38,37,39,39,39,39,39,39
1775547442.3072,38,39,39,38,38,37,39,39,39,39,39,39
1775547442.5076,38,39,39,38,38,37,39,39,39,39,39,39
1775547442.7078,38,40,39,38,38,37,39,39,39,39,39,39
1775547442.9081,38,40,39,38,38,37,39,39,39,39,39,39
1775547443.1083,38,39,39,38,38,37,39,39,39,39,39,39
1775547443.3086,38,40,39,38,38,37,39,39,39,39,39,39
1775547443.5090,39,40,39,38,38,37,39,39,39,39,39,39
1775547443.7092,38,40,39,38,38,37,39,39,39,39,39,39
1775547443.9095,38,40,39,38,38,37,39,39,39,39,39,39
1775547444.1097,38,39,39,38,38,37,39,39,39,39,39,39
1775547444.3100,38,39,39,39,38,37,39,39,39,39,39,39
1775547444.5104,38,40,39,38,38,37,39,39,39,39,39,39
1775547444.7108,38,40,39,38,38,37,39,39,39,39,39,39
1775547444.9110,38,40,39,39,38,37,39,39,39,39,39,39
1775547445.1113,38,40,39,39,38,37,39,39,39,39,39,39
1775547445.3115,38,40,39,38,38,37,39,39,39,39,39,39
1775547445.5118,38,39,39,39,38,37,39,39,39,39,39,39
1775547445.7120,38,40,39,39,38,37,39,39,39,39,39,39
1775547445.9123,38,40,39,38,38,37,39,39,39,39,39,39
1775547446.1126,38,40,39,39,38,37,39,39,39,39,39,39
1775547446.3130,39,39,39,38,38,37,39,39,39,39,39,39
1775547446.5133,38,40,39,39,38,37,39,39,39,39,39,39
1775547446.7135,38,40,39,39,38,37,39,39,39,39,39,39
1775547446.9139,38,40,39,39,38,37,39,39,39,39,39,39
1775547447.1142,38,40,39,39,38,37,39,39,39,39,39,39
1775547447.3146,38,40,39,39,38,37,39,39,39,39,39,39
1775547447.5148,39,40,39,39,38,37,39,39,39,39,39,39
1775547447.7152,38,40,39,39,38,37,39,39,39,39,39,39
1775547447.9155,38,40,39,39,38,37,39,40,39,39,39,39
1775547448.1158,38,40,39,39,38,37,39,39,39,39,39,39
1775547448.3162,38,40,39,39,38,37,39,39,39,39,39,39
1775547448.5164,39,40,39,39,38,37,39,39,39,39,39,39
1775547448.7167,38,40,39,39,38,37,39,39,39,39,39,39
1775547448.9170,38,40,39,39,38,37,39,39,39,39,39,39
1775547449.1173,38,40,39,39,38,37,39,39,39,39,39,39
1775547449.3176,39,40,39,39,38,38,39,39,39,39,39,39
1775547449.5179,38,40,39,39,38,37,39,39,39,39,39,39
1775547449.7181,38,40,39,39,38,37,39,39,39,39,39,39
1775547449.9184,38,40,39,39,38,37,39,39,39,39,39,39
1775547450.1195,39,40,39,39,38,38,39,39,39,39,39,39
1775547450.3198,38,40,39,39,38,37,39,39,39,40,39,39
1775547450.5207,38,40,39,39,38,37,39,39,39,39,39,39
1775547450.7211,38,40,39,39,38,37,39,39,39,39,39,39
1775547450.9215,38,40,39,39,38,37,39,39,39,39,39,39
1775547451.1223,38,40,39,39,38,37,39,39,39,39,39,39
1775547451.3231,38,40,39,39,38,37,39,39,39,39,39,39
1775547451.5237,38,40,39,39,38,37,39,40,39,39,39,39
1775547451.7240,38,40,39,39,38,37,39,39,39,39,39,39
1775547451.9243,39,40,39,39,38,37,39,39,39,39,39,39
1775547452.1246,38,40,39,39,38,37,39,39,39,39,39,39
1775547452.3248,38,40,39,39,38,37,39,39,39,39,39,39
1775547452.5251,38,40,39,39,38,37,39,39,39,39,39,39
1775547452.7253,38,40,39,39,38,37,39,39,39,39,39,39
1775547452.9256,38,40,39,39,38,37,39,40,39,40,39,39
1775547453.1259,38,40,39,39,38,37,39,39,39,39,39,39
1775547453.3262,38,40,39,39,38,38,39,40,39,39,39,39
1775547453.5264,38,40,39,39,38,37,39,40,39,39,39,39
1775547453.7267,38,40,39,39,38,38,39,40,39,39,39,39
1775547453.9271,38,40,39,39,38,37,39,39,39,40,39,39
1775547454.1273,38,40,39,39,38,37,39,40,39,39,39,39
1775547454.3276,39,40,39,39,38,37,39,40,39,40,39,39
1775547454.5279,39,40,39,39,38,37,39,39,39,40,39,39
1775547454.7282,38,40,39,39,38,37,39,39,39,39,39,39
1775547454.9285,39,40,39,39,38,37,39,40,39,40,39,39
1775547455.1288,38,40,39,39,38,37,39,40,39,40,39,39
1775547455.3290,38,40,39,39,38,37,39,40,39,40,39,39
1775547455.5293,38,40,39,39,38,38,39,39,39,39,39,39
1775547455.7295,38,40,39,39,38,37,39,40,39,40,39,39
1775547455.9298,38,40,39,39,38,38,39,40,39,40,39,39
1775547456.1302,38,40,39,39,38,38,39,40,39,40,39,39
1775547456.3305,38,40,39,39,38,38,39,40,39,40,39,39
1775547456.5308,38,40,39,39,38,38,39,40,39,40,39,39
1775547456.7310,39,40,39,39,39,37,39,40,39,40,39,39
1775547456.9313,39,40,39,39,39,38,39,40,39,40,39,39
1775547457.1315,39,40,39,39,38,38,39,40,39,40,39,39
1775547457.3318,39,40,39,39,38,38,39,40,39,40,39,39
1775547457.5320,39,40,39,39,38,38,39,40,39,40,39,39
1775547457.7325,38,40,39,39,39,38,39,40,39,40,39,39
1775547457.9327,38,40,39,39,39,38,39,40,39,40,39,39
1775547458.1330,38,40,39,39,39,38,39,40,39,40,39,39
1775547458.3332,39,40,39,39,39,38,39,40,39,40,39,39
1775547458.5335,38,40,39,39,39,38,39,40,39,39,39,39
1775547458.7337,38,40,39,39,38,38,39,40,39,40,39,39
1775547458.9340,38,40,39,39,39,38,39,40,39,40,39,39
1775547459.1343,38,40,39,39,38,38,39,40,39,40,39,39
1775547459.3346,38,40,39,39,39,38,39,40,39,40,39,39
1775547459.5349,38,40,39,39,39,38,39,40,39,40,39,39
1775547459.7351,38,40,39,39,38,38,39,40,39,39,39,39
1775547459.9354,39,40,39,39,39,38,39,40,39,40,39,39
1775547460.1357,38,40,39,39,39,38,39,40,39,39,39,39
1775547460.3360,38,40,39,39,39,38,39,40,39,40,39,39
1775547460.5363,38,40,39,39,39,38,39,40,39,40,39,39
1775547460.7366,38,40,39,39,39,38,39,40,39,40,39,39
1775547460.9370,39,40,39,39,39,38,39,40,39,40,39,39
1775547461.1372,39,40,39,39,39,38,39,40,39,39,39,39
1775547461.3376,39,40,39,39,39,38,39,40,39,39,39,39
1775547461.5381,39,40,39,39,39,38,39,40,39,40,39,39
1775547461.7383,39,40,39,39,38,38,39,40,39,40,39,39
1775547461.9392,38,40,39,39,39,38,39,40,39,40,39,39
1775547462.1398,39,40,39,39,39,38,39,40,39,40,39,39
1775547462.3401,39,40,39,39,39,38,39,40,39,40,39,39
1775547462.5406,39,40,39,39,39,38,39,40,39,40,39,39
1775547462.7412,38,40,39,39,39,37,39,40,39,40,39,39
1775547462.9416,39,40,39,39,39,38,39,40,39,40,39,39
1775547463.1421,39,40,39,39,39,38,39,40,39,40,39,39
1775547463.3425,39,40,39,39,39,38,39,40,39,40,39,39
1775547463.5427,39,40,39,39,39,38,39,40,39,40,39,39
1775547463.7431,38,40,39,39,39,38,39,40,39,40,39,39
1775547463.9439,39,40,39,39,39,38,39,40,39,40,39,39
1775547464.1443,38,40,39,39,39,38,39,40,39,40,39,39
1775547464.3445,39,40,39,39,39,38,39,40,39,40,39,39
1775547464.5448,39,40,39,39,38,38,39,40,39,40,39,39
1775547464.7451,39,40,39,39,39,38,39,40,39,40,39,39
1775547464.9453,39,40,39,39,39,38,39,40,39,40,39,39
1775547465.1457,38,40,39,39,39,38,39,40,39,40,39,39
1775547465.3463,39,40,39,39,39,38,39,40,39,40,39,39
1775547465.5466,39,40,39,39,39,38,39,40,39,40,39,39
1775547465.7469,39,40,39,39,39,38,39,40,39,40,39,39
1775547465.9472,38,40,39,39,38,38,39,40,39,40,39,39
1775547466.1474,39,40,39,39,38,38,39,40,39,40,39,39
1775547466.3477,39,40,39,39,39,38,39,40,39,40,39,39
1775547466.5480,39,40,39,39,39,38,39,40,39,40,39,39
1775547466.7483,39,40,39,39,39,38,39,40,39,40,39,39
1775547466.9486,39,40,39,39,39,38,39,40,39,40,39,39
1775547467.1488,39,40,39,39,39,38,39,40,39,40,39,39
1775547467.3491,39,40,39,39,39,38,39,40,39,40,39,39
1775547467.5495,39,40,39,39,39,38,39,40,39,40,39,39
1775547467.7497,39,40,39,39,38,38,40,40,39,40,39,39
1775547467.9500,39,40,39,39,38,38,39,40,39,40,39,39
1775547468.1503,39,40,39,39,39,38,39,40,39,39,39,39
1775547468.3506,39,40,39,39,39,38,39,40,39,40,39,39
1775547468.5508,39,40,39,39,39,38,39,40,39,40,39,39
1775547468.7511,39,40,39,39,39,38,40,40,39,40,39,39
1775547468.9513,39,40,39,39,39,38,39,40,39,40,39,39
1775547469.1516,39,40,39,39,39,38,39,40,39,40,39,39
1775547469.3520,39,40,39,39,39,38,39,40,39,40,39,39
1775547469.5522,39,40,39,39,39,38,39,40,39,40,39,39
1775547469.7525,39,40,39,39,39,38,40,40,39,40,39,39
1775547469.9527,39,40,39,39,39,38,39,40,39,40,39,39
1775547470.1530,39,40,39,39,39,38,40,40,39,40,39,39
1775547470.3533,39,40,39,39,39,38,39,40,39,40,39,39
1775547470.5535,39,40,39,39,39,38,40,40,39,40,39,39
1775547470.7539,39,40,39,39,39,38,40,40,39,40,39,39
1775547470.9542,39,40,39,39,39,38,40,40,39,40,39,39
1775547471.1544,39,40,39,39,39,38,40,40,39,40,39,39
1775547471.3547,39,40,39,39,39,38,39,40,39,40,39,39
1775547471.5550,39,40,39,39,39,38,40,40,39,40,39,39
1775547471.7552,39,40,39,39,39,38,40,40,39,40,39,39
1775547471.9556,39,40,39,39,39,38,40,40,39,40,39,39
1775547472.1559,39,40,39,39,39,38,40,40,39,40,39,39
1775547472.3561,39,40,39,39,39,38,40,40,39,40,39,39
1775547472.5564,39,40,39,39,39,38,40,40,39,40,39,39
1775547472.7567,39,40,39,39,39,38,40,40,39,40,39,39
1775547472.9570,39,40,39,39,39,38,40,40,39,40,39,39
1775547473.1573,39,40,39,39,39,38,40,40,39,40,39,39
1775547473.3576,39,40,39,39,39,38,40,40,39,40,39,39
1775547473.5584,39,40,39,39,39,38,40,40,39,40,39,39
1775547473.7589,39,40,39,39,39,38,39,40,39,40,39,39
1775547473.9595,39,40,39,39,39,38,40,40,39,40,39,39
1775547474.1598,39,40,39,39,39,38,40,40,39,40,39,39
1775547474.3606,39,40,39,39,39,38,40,40,39,40,39,39
1775547474.5613,39,40,39,39,39,38,40,40,39,40,39,39
1775547474.7616,39,40,39,39,39,38,40,40,39,40,39,39
1775547474.9622,39,40,39,39,39,38,40,40,39,40,39,39
1775547475.1627,39,40,39,39,39,38,39,40,39,40,39,39
1775547475.3630,39,40,39,39,39,38,40,40,39,40,39,39
1775547475.5634,39,40,39,39,39,38,39,40,39,40,39,39
1775547475.7639,39,40,39,39,39,38,39,40,39,40,39,39
1775547475.9642,39,40,39,39,39,38,40,40,39,40,39,39
1775547476.1645,39,40,39,39,39,38,40,40,39,40,39,39
1775547476.3649,39,40,39,39,39,38,40,40,39,40,39,39
1775547476.5652,39,40,39,39,39,38,39,40,39,40,39,39
1775547476.7655,39,40,39,39,39,38,40,40,39,40,39,39
1775547476.9657,39,40,39,39,39,38,40,40,39,40,39,39
1775547477.1660,39,40,39,39,39,38,40,40,39,40,39,39
1775547477.3662,39,40,39,39,39,38,39,40,39,40,39,39
1775547477.5665,39,40,39,39,39,38,40,40,39,40,39,39
1775547477.7668,39,40,39,39,39,38,39,40,39,40,39,39
1775547477.9670,39,40,39,39,39,38,40,40,39,40,39,39
1775547478.1673,39,40,39,39,39,38,39,40,39,40,39,39
1775547478.3676,39,40,39,39,39,38,40,40,39,40,39,39
1775547478.5678,39,40,39,39,39,38,40,40,39,40,39,39
1775547478.7681,39,40,39,39,39,38,40,40,39,40,39,39
1775547478.9685,39,40,39,39,39,38,40,40,39,40,39,39
1775547479.1688,39,40,39,39,39,38,40,40,39,40,39,39
1775547479.3692,39,40,39,39,39,38,40,40,39,40,39,39
1775547479.5694,39,40,39,39,39,38,40,40,39,40,39,39
1775547479.7697,39,40,39,39,39,38,39,40,39,40,39,39
1775547479.9700,39,40,39,39,39,38,40,40,39,40,39,39
1775547480.1701,39,40,39,39,39,38,40,40,39,40,39,39
1775547480.3703,39,40,39,39,39,38,40,40,39,40,39,39
1775547480.5706,39,40,39,39,39,38,40,40,39,40,39,39
1775547480.7708,39,40,39,39,39,38,40,40,39,40,39,39
1775547480.9711,39,40,39,39,39,38,40,40,39,40,39,39
1775547481.1713,39,40,39,39,39,38,40,40,39,40,39,39
1775547481.3716,39,40,39,39,39,38,40,40,39,40,39,39
1775547481.5718,39,40,39,39,39,38,39,40,39,40,39,39
1775547481.7721,39,40,39,39,39,38,40,40,39,40,39,39
1775547481.9726,39,40,39,39,39,38,40,40,39,40,39,39
1775547482.1728,39,40,39,39,39,38,40,40,39,40,39,39
1775547482.3731,39,40,39,39,39,38,39,40,39,40,39,39
1775547482.5734,39,40,40,39,39,38,40,40,39,40,40,39
1775547482.7737,39,40,39,39,39,38,40,40,39,40,39,39
1775547482.9739,39,40,39,39,39,38,40,40,39,40,39,39
1775547483.1741,39,40,40,39,39,38,40,40,39,40,39,39
1775547483.3743,39,40,39,39,39,38,40,40,39,40,39,39
1775547483.5746,39,40,39,39,39,38,40,40,39,40,39,39
1775547483.7749,39,40,39,39,39,38,40,40,39,40,39,39
1775547483.9761,39,40,39,39,39,38,40,40,39,40,39,39
1775547484.1764,39,40,39,39,39,38,40,40,39,40,39,39
1775547484.3766,39,40,39,39,39,38,40,40,39,40,39,39
1775547484.5770,39,40,39,39,39,38,40,40,39,40,39,39
1775547484.7772,39,40,39,39,39,38,40,40,39,40,39,39
1775547484.9775,39,40,39,39,39,38,40,40,39,40,39,39
1775547485.1778,39,40,40,39,39,38,40,40,39,40,40,39
1775547485.3783,39,40,40,39,39,38,40,40,39,40,39,39
1775547485.5786,39,40,39,39,39,38,40,40,39,40,39,39
1775547485.7793,39,40,40,39,39,38,40,40,39,40,39,39
1775547485.9799,39,40,39,39,39,38,40,40,39,40,39,39
1775547486.1808,39,40,40,39,39,38,40,40,39,40,39,39
1775547486.3811,39,40,39,39,39,38,40,40,39,40,39,39
1775547486.5814,39,40,40,39,39,38,40,40,39,40,39,39
1775547486.7822,39,40,40,39,39,38,40,40,39,40,39,39
1775547486.9826,39,40,39,39,39,38,40,40,39,40,39,39
1775547487.1831,39,40,40,39,39,38,40,40,39,40,39,39
1775547487.3837,39,40,40,39,39,38,40,40,39,40,40,39
1775547487.5841,39,40,39,39,39,38,40,40,39,40,39,39
1775547487.7843,39,40,40,39,39,38,40,40,39,40,40,39
1775547487.9847,39,40,40,39,39,38,40,40,39,40,40,39
1775547488.1851,39,40,40,39,39,38,40,40,39,40,40,39
1775547488.3855,39,40,40,39,39,38,40,40,39,40,39,39
1775547488.5858,39,40,40,39,39,38,40,40,39,40,39,39
1775547488.7861,39,40,39,39,39,38,40,40,39,40,39,39
1775547488.9863,39,40,40,39,39,38,40,40,39,40,40,39
1775547489.1866,39,40,39,39,39,38,40,40,39,40,40,39
1775547489.3869,39,40,40,39,39,38,40,40,39,40,40,39
1775547489.5871,39,40,40,39,39,38,40,40,39,40,40,39
1775547489.7874,39,40,39,39,39,38,40,40,39,40,40,39
1775547489.9876,39,40,40,39,39,38,40,40,39,40,40,39
1775547490.1879,39,40,40,39,39,38,40,40,39,40,40,39
1775547490.3883,39,40,40,39,39,38,40,40,39,40,40,39
1775547490.5887,39,40,40,39,39,38,40,40,39,40,40,39
1775547490.7890,39,40,40,39,39,38,40,40,39,40,40,39
1775547490.9892,39,40,40,39,39,38,40,40,39,40,40,39
1775547491.1895,39,40,39,39,39,38,40,40,39,40,40,39
1775547491.3897,39,40,40,39,39,38,40,40,39,40,40,39
1775547491.5900,39,40,40,39,39,38,40,40,39,40,39,39
1775547491.7903,39,40,40,39,39,38,40,40,39,40,40,39
1775547491.9906,39,40,40,39,39,38,40,40,39,40,40,40
1775547492.1909,39,40,40,39,39,38,40,40,39,40,40,39
1775547492.3913,39,40,40,39,39,38,40,40,39,40,40,39
1775547492.5915,39,40,40,39,39,38,40,40,39,40,40,39
1775547492.7918,39,40,40,39,39,38,40,40,39,40,40,39
1775547492.9920,39,40,40,40,39,38,40,40,39,40,40,40
1775547493.1923,39,40,40,39,39,38,40,40,39,40,40,40
1775547493.3927,39,40,40,39,39,38,40,40,39,40,40,40
1775547493.5929,39,40,40,39,39,38,40,40,39,40,40,39
1775547493.7932,39,40,40,39,39,38,40,40,39,40,39,39
1775547493.9936,39,40,40,39,39,38,40,40,39,40,40,40
1775547494.1944,39,40,40,39,39,38,40,40,39,40,40,39
1775547494.3948,39,40,40,39,39,38,40,40,39,40,40,40
1775547494.5950,39,40,40,40,39,38,40,40,39,40,40,39
1775547494.7953,39,40,40,39,39,38,40,40,39,40,40,40
1775547494.9957,39,40,40,39,39,38,40,40,39,40,40,40
1775547495.1961,39,40,40,39,39,38,40,40,39,40,40,39
1775547495.3964,39,40,40,39,39,38,40,40,39,40,40,40
1775547495.5968,39,40,40,39,39,38,40,40,39,40,40,40
1775547495.7971,39,40,40,39,39,38,40,40,39,40,40,39
1775547495.9973,39,40,40,39,39,38,40,40,39,40,40,40
1775547496.1976,39,40,40,39,39,38,40,40,39,40,40,40
1775547496.3979,39,40,40,39,39,38,40,40,39,40,40,40
1775547496.5981,39,40,40,39,39,38,40,40,39,40,40,40
1775547496.7986,39,40,40,40,39,38,40,40,39,40,40,40
1775547496.9995,39,40,40,39,39,38,40,40,39,40,40,40
1775547497.1999,39,40,40,39,39,38,40,40,39,40,40,40
1775547497.4002,39,40,40,39,39,38,40,40,40,40,40,39
1775547497.6004,39,40,40,39,39,38,40,40,39,40,40,40
1775547497.8012,39,40,40,39,39,38,40,40,39,40,40,40
1775547498.0014,39,40,40,39,39,38,40,40,40,40,39,40
1775547498.2024,39,40,40,39,39,38,40,40,39,40,40,40
1775547498.4027,39,40,40,39,39,38,40,40,39,40,40,40
1775547498.6030,39,41,40,39,39,38,40,40,39,40,40,40
1775547498.8033,39,40,40,39,39,38,40,40,40,40,40,40
1775547499.0035,39,40,40,39,39,38,40,40,39,40,40,39
1775547499.2038,39,40,40,39,39,38,40,40,39,40,40,40
1775547499.4040,39,40,40,39,39,38,40,40,39,40,40,40
1775547499.6045,40,40,40,39,39,38,40,40,39,40,40,40
1775547499.8047,39,40,40,39,39,38,40,40,39,40,40,40
1775547500.0050,39,40,40,39,39,38,40,40,39,40,40,40
1775547500.2053,39,40,40,39,39,38,40,40,39,40,40,40
1775547500.4057,39,40,40,39,39,38,40,40,39,40,40,40
1775547500.6060,39,40,40,39,39,38,40,40,39,40,40,40
1775547500.8062,39,40,40,39,39,38,40,40,39,40,40,40
1775547501.0065,39,40,40,40,39,38,40,40,39,40,40,40
1775547501.2068,39,40,40,39,39,38,40,40,39,40,40,40
1775547501.4070,39,40,40,39,39,38,40,40,40,40,40,40
1775547501.6073,39,40,40,39,39,38,40,40,40,40,40,40
1775547501.8075,39,40,40,39,39,38,40,40,39,40,40,40
1775547502.0078,39,40,40,39,39,38,40,40,39,40,40,40
1775547502.2081,39,40,40,39,39,38,40,40,39,40,40,40
1775547502.4084,39,40,40,39,39,38,40,40,39,40,40,40
1775547502.6086,39,40,40,39,39,38,40,40,40,40,40,40
1775547502.8089,39,40,40,39,39,38,40,40,39,40,40,40
1775547503.0091,39,40,40,39,39,38,40,40,39,40,40,40
1775547503.2094,39,40,40,39,39,38,40,40,39,40,40,40
1775547503.4096,39,40,40,39,39,38,40,40,40,40,40,40
1775547503.6099,39,40,40,40,39,38,40,40,40,40,40,40
1775547503.8102,39,40,40,39,39,38,40,40,39,40,40,40
1775547504.0105,39,40,40,40,39,38,40,40,39,40,40,40
1775547504.2107,39,40,40,39,39,38,40,40,39,40,40,40
1775547504.4110,39,40,40,39,39,38,40,40,39,40,40,40
1775547504.6112,39,40,40,40,39,38,40,40,39,40,40,40
1775547504.8115,39,40,40,39,39,38,40,40,39,40,40,40
1775547505.0117,39,40,40,39,39,38,40,40,39,40,40,40
1775547505.2120,39,40,40,40,39,38,40,40,39,40,40,40
1775547505.4123,39,41,40,39,39,38,40,40,39,40,40,40
1775547505.6129,39,40,40,39,39,38,40,40,39,40,40,40
1775547505.8132,39,41,40,40,39,38,40,40,39,40,40,40
1775547506.0134,39,40,40,39,39,38,40,40,39,40,40,40
1775547506.2137,40,40,40,39,39,38,40,40,39,40,40,40
1775547506.4140,39,40,40,39,39,38,40,40,39,40,40,40
1775547506.6140,39,40,40,39,39,38,40,40,39,40,40,40
1775547506.8143,39,40,40,40,39,38,40,40,39,40,40,40
1775547507.0146,39,40,40,40,39,38,40,40,40,40,40,40
1775547507.2149,39,40,40,40,39,38,40,40,39,40,40,40
1775547507.4152,39,40,40,40,39,38,40,40,39,40,40,40
1775547507.6159,39,40,40,40,39,38,40,40,40,40,40,40
1775547507.8162,39,40,40,40,39,38,40,40,39,40,40,40
1775547508.0165,39,40,40,39,39,38,40,40,39,40,40,40
1775547508.2168,39,40,40,40,39,38,40,40,40,40,40,40
1775547508.4172,39,40,40,40,39,38,40,40,39,40,40,40
1775547508.6175,40,41,40,40,39,38,40,40,39,40,40,40
1775547508.8178,39,40,40,39,39,38,40,40,39,40,40,40
1775547509.0181,39,40,40,40,39,38,40,40,40,40,40,40
1775547509.2183,40,41,40,40,39,38,40,40,39,40,40,40
1775547509.4188,39,40,40,40,39,38,40,40,39,40,40,40
1775547509.6191,39,41,40,40,39,38,40,40,39,40,40,40
1775547509.8209,39,40,40,39,39,38,40,40,39,40,40,40
1775547510.0211,39,40,40,40,39,38,40,40,39,40,40,40
1775547510.2220,39,40,40,40,39,38,40,40,40,40,40,40
1775547510.4226,39,40,40,39,39,38,40,40,39,40,40,40
1775547510.6233,39,40,40,40,39,38,40,40,39,40,40,40
1775547510.8241,39,40,40,40,39,38,40,40,40,40,40,40
1775547511.0243,40,41,40,40,39,38,40,40,39,40,40,40
1775547511.2250,39,40,40,40,39,38,40,40,40,40,40,40
1775547511.4253,39,40,40,40,39,38,40,40,39,40,40,40
1775547511.6256,39,40,40,40,39,38,40,40,39,40,40,40
1775547511.8259,39,40,40,40,39,38,40,40,39,40,40,40
1775547512.0261,39,40,40,40,39,38,40,40,39,40,40,40
1775547512.2265,39,41,40,40,39,38,40,40,39,40,40,40
1775547512.4268,39,40,40,39,39,38,40,40,40,40,40,40
1775547512.6271,39,40,40,40,39,38,40,40,39,40,40,40
1775547512.8273,39,41,40,40,39,38,40,40,39,40,40,40
1775547513.0277,39,40,40,40,39,38,40,40,39,40,40,40
1775547513.2280,40,41,40,40,39,38,40,40,40,40,40,40
1775547513.4282,40,40,40,40,39,38,40,40,39,40,40,40
1775547513.6285,39,40,40,40,39,38,40,40,39,40,40,40
1775547513.8288,39,41,40,40,39,38,40,40,39,40,40,40
1775547514.0291,39,40,40,40,39,38,40,40,39,40,40,40
1775547514.2295,39,41,40,40,39,38,40,40,40,40,40,40
1775547514.4297,39,40,40,40,39,38,40,40,39,40,40,40
1775547514.6300,39,40,40,40,39,38,40,40,39,40,40,40
1775547514.8303,39,41,40,40,39,38,40,40,39,40,40,40
1775547515.0307,39,40,40,40,39,38,40,40,40,40,40,40
1775547515.2309,39,40,40,40,39,38,40,40,40,40,40,40
1775547515.4312,39,41,40,40,39,38,40,40,40,40,40,40
1775547515.6314,39,41,40,40,39,38,40,40,39,40,40,40
1775547515.8317,39,41,40,40,39,38,40,40,39,40,40,40
1775547516.0321,39,40,40,40,39,38,40,40,40,40,40,40
1775547516.2324,39,41,40,40,39,38,40,40,40,40,40,40
1775547516.4326,39,41,40,40,39,38,40,40,40,40,40,40
1775547516.6329,39,41,40,40,39,38,40,40,39,40,40,40
1775547516.8332,39,41,40,40,39,38,40,40,40,40,40,40
1775547517.0334,39,41,40,40,39,38,40,40,39,40,40,40
1775547517.2337,39,40,40,40,39,38,40,40,40,40,40,40
1775547517.4339,39,41,40,40,39,38,40,40,40,40,40,40
1775547517.6342,39,40,40,40,39,38,40,40,40,40,40,40
1775547517.8344,39,41,40,40,39,38,40,40,39,40,40,40
1775547518.0347,39,41,40,40,39,38,40,40,39,40,40,40
1775547518.2350,39,41,40,40,39,38,40,40,40,40,40,40
1775547518.4355,39,41,40,40,39,38,40,40,40,40,40,40
1775547518.6358,39,41,40,40,39,38,40,40,40,40,40,40
1775547518.8361,39,41,40,40,39,38,40,40,39,40,40,40
1775547519.0364,39,41,40,40,39,38,40,40,39,40,40,40
1775547519.2367,39,40,40,40,39,38,40,40,40,40,40,40
1775547519.4369,39,41,40,40,39,38,40,40,39,40,40,40
1775547519.6372,40,40,40,40,39,38,40,40,40,40,40,40
1775547519.8374,39,40,40,40,39,38,40,40,40,40,40,40
1775547520.0377,39,41,40,40,39,38,40,40,40,40,40,40
1775547520.2380,39,41,40,40,39,38,40,40,40,40,40,40
1775547520.4381,40,41,40,40,39,38,40,40,39,40,40,40
1775547520.6383,39,41,40,40,39,38,40,40,40,40,40,40
1775547520.8386,39,41,40,40,39,38,40,40,40,40,40,40
1775547521.0390,39,41,40,40,39,38,40,40,40,40,40,40
1775547521.2395,39,41,40,40,39,38,40,40,39,40,40,40
1775547521.4399,39,41,40,40,39,38,40,40,39,40,40,40
1775547521.6404,39,41,40,40,39,38,40,40,40,40,40,40
1775547521.8409,39,41,40,40,39,38,40,40,40,40,40,40
1775547522.0418,39,41,40,40,39,38,40,40,40,40,40,40
1775547522.2425,39,40,40,40,39,38,40,40,40,40,40,40
1775547522.4429,39,41,40,40,39,38,40,40,40,40,40,40
1775547522.6435,39,41,40,40,39,38,40,40,39,40,40,40
1775547522.8438,40,41,40,40,39,38,40,40,40,40,40,40
1775547523.0444,39,41,40,40,39,38,40,40,40,41,40,40
1775547523.2447,39,41,40,40,39,38,40,40,40,40,40,40
1775547523.4451,39,41,40,40,39,38,40,40,40,41,40,40
1775547523.6456,39,41,40,40,39,38,40,40,40,40,40,40
1775547523.8458,39,41,40,40,39,38,40,40,40,40,40,40
1775547524.0463,39,41,40,40,39,38,40,40,40,40,40,40
1775547524.2466,40,41,40,40,39,38,40,40,39,40,40,40
1775547524.4471,39,41,40,40,39,38,40,40,40,40,40,40
1775547524.6473,39,41,40,40,39,38,40,40,40,40,40,40
1775547524.8476,39,41,40,40,39,38,40,40,40,40,40,40
1775547525.0480,39,41,40,40,39,38,40,40,40,40,40,40
1775547525.2483,39,41,40,40,39,38,40,40,40,40,40,40
1775547525.4486,39,41,40,40,39,38,40,40,40,40,40,40
1775547525.6488,39,41,40,40,39,38,40,40,40,40,40,40
1775547525.8491,39,41,40,40,39,38,40,40,40,40,40,40
1775547526.0493,39,41,40,40,39,38,40,40,40,41,40,40
1775547526.2497,39,41,40,40,39,38,40,40,40,41,40,40
1775547526.4499,39,41,40,40,39,38,40,40,40,40,40,40
1775547526.6502,39,41,40,40,39,38,40,40,40,40,40,40
1775547526.8506,40,41,40,40,39,38,40,40,40,41,40,40
1775547527.0508,39,41,40,40,39,38,40,40,40,40,40,40
1775547527.2511,39,41,40,40,39,38,40,40,40,41,40,40
1775547527.4513,39,41,40,40,39,38,40,40,40,41,40,40
1775547527.6516,39,41,40,40,39,38,40,40,40,41,40,40
1775547527.8518,39,41,40,40,39,38,40,40,40,41,40,40
1775547528.0521,39,41,40,40,39,38,40,40,40,41,40,40
1775547528.2524,39,41,40,40,39,38,40,40,40,41,40,40
1775547528.4527,39,41,40,40,39,38,40,40,40,41,40,40
1775547528.6530,39,41,40,40,39,38,40,40,40,41,40,40
1775547528.8532,39,41,40,40,39,38,40,40,40,41,40,40
1775547529.0535,39,41,40,40,39,38,40,40,40,41,40,40
1775547529.2537,39,41,40,40,39,38,40,40,40,41,40,40
1775547529.4540,39,41,40,40,39,38,40,40,40,41,40,40
1775547529.6543,39,41,40,40,39,38,40,40,40,41,40,40
1775547529.8546,39,41,40,40,39,38,40,40,40,41,40,40
1775547530.0548,40,41,40,40,39,38,40,40,40,41,40,40
1775547530.2552,39,41,40,40,39,38,40,40,40,40,40,40
1775547530.4554,39,41,40,40,39,38,40,40,40,41,40,40
1775547530.6557,39,41,40,40,39,38,40,40,40,41,40,40
1775547530.8559,39,41,40,40,39,38,40,40,40,41,40,40
1775547531.0562,40,41,40,40,39,38,40,40,40,41,40,40
1775547531.2565,39,41,40,40,39,38,40,40,40,41,40,40
1775547531.4567,40,41,40,40,39,38,40,40,40,41,40,40
1775547531.6570,40,41,40,40,39,38,40,40,40,40,40,40
1775547531.8574,39,41,40,40,39,38,40,40,40,41,40,40
1775547532.0576,39,41,40,40,39,38,40,40,40,41,40,40
1775547532.2582,39,41,40,40,39,38,40,40,40,41,40,40
1775547532.4585,39,41,40,40,39,38,40,40,40,41,40,40
1775547532.6592,39,41,40,40,39,38,40,40,40,41,40,40
1775547532.8597,39,41,40,40,39,38,40,40,40,41,40,40
1775547533.0600,39,41,40,40,39,38,40,41,40,41,40,40
1775547533.2605,39,41,40,40,39,38,40,40,40,41,40,40
1775547533.4609,39,41,40,40,39,38,40,40,40,41,40,40
1775547533.6614,40,41,40,40,39,38,40,40,40,41,40,40
1775547533.8616,40,41,40,40,39,38,40,40,40,41,40,40
1775547534.0619,39,41,40,40,39,38,40,40,40,41,40,40
1775547534.2621,39,41,40,40,39,38,40,40,40,40,40,40
1775547534.4627,40,41,40,40,39,38,40,40,40,41,40,40
1775547534.6630,39,41,40,40,39,38,40,40,40,41,40,40
1775547534.8633,40,41,40,40,39,38,40,40,40,41,40,40
1775547535.0636,40,41,40,40,39,38,40,40,40,41,40,40
1775547535.2639,39,41,40,40,39,38,40,40,40,41,40,40
1775547535.4642,39,41,40,40,39,38,40,40,40,41,40,40
1775547535.6645,39,41,40,40,39,38,40,40,40,41,40,40
1775547535.8650,39,41,40,40,39,38,40,40,40,41,40,40
1775547536.0657,39,41,40,40,39,38,40,40,40,41,40,40
1775547536.2660,39,41,40,40,39,38,40,40,40,41,40,40
1775547536.4663,39,41,40,40,39,38,40,40,40,41,40,40
1775547536.6666,40,41,40,40,39,38,40,41,40,41,40,40
1775547536.8669,39,41,40,40,39,38,40,41,40,41,40,40
1775547537.0671,39,41,40,40,39,38,40,41,40,41,40,40
1775547537.2674,39,41,40,40,39,38,40,41,40,41,40,40
1775547537.4676,39,41,40,40,39,38,40,40,40,40,40,40
1775547537.6680,39,41,40,40,39,38,40,41,40,41,40,40
1775547537.8684,39,41,40,40,39,38,40,41,40,41,40,40
1775547538.0686,39,41,40,40,39,38,40,41,40,41,40,40
1775547538.2690,39,41,40,40,39,38,40,41,40,41,40,40
1775547538.4692,39,41,40,40,39,38,40,41,40,41,40,40
1775547538.6695,40,41,40,40,39,38,40,41,40,41,40,40
1775547538.8698,39,41,40,40,39,38,40,41,40,41,40,40
1775547539.0701,39,41,40,40,39,38,40,41,40,41,40,40
1775547539.2703,40,41,40,40,39,38,40,41,40,41,40,40
1775547539.4707,39,41,40,40,39,38,40,41,40,41,40,40
1775547539.6710,40,41,40,40,39,38,40,41,40,41,40,40
1775547539.8712,39,41,40,40,39,38,40,41,40,41,40,40
1775547540.0715,39,41,40,40,39,38,40,41,40,41,40,40
1775547540.2717,40,41,40,40,39,38,40,40,40,41,40,40
1775547540.4722,40,41,40,40,39,38,40,41,40,41,40,40
1775547540.6724,39,41,40,40,39,38,40,41,40,41,40,40
1775547540.8737,39,41,40,40,39,38,40,41,40,41,40,40
1775547541.0739,39,41,40,40,39,38,40,40,40,40,40,40
1775547541.2742,39,41,40,40,39,38,40,41,40,41,40,40
1775547541.4745,40,41,40,40,39,38,40,41,40,41,40,40
1775547541.6747,39,41,40,40,39,38,40,41,40,41,40,40
1775547541.8750,39,41,40,40,39,38,40,40,40,41,40,40
1775547542.0752,39,41,40,40,39,38,40,41,40,41,40,40
1775547542.2755,39,41,40,40,39,38,40,41,40,41,40,40
1775547542.4758,39,41,40,40,39,38,40,41,40,41,40,40
1775547542.6761,40,41,40,40,39,38,40,41,40,41,40,40
1775547542.8763,40,41,40,40,39,38,40,41,40,41,40,40
1775547543.0766,39,41,40,40,39,38,40,41,40,41,40,40
1775547543.2771,40,41,40,40,39,38,40,41,40,41,40,40
1775547543.4774,40,41,40,40,39,38,40,41,40,41,40,40
1775547543.6777,39,41,40,40,39,38,40,41,40,41,40,40
1775547543.8780,39,41,40,40,39,38,40,41,40,41,40,40
1775547544.0781,39,41,40,40,39,38,40,41,40,41,40,40
1775547544.2783,40,41,40,40,39,39,40,41,40,41,40,40
1775547544.4791,40,41,40,40,39,38,40,41,40,41,40,40
1775547544.6798,39,41,40,40,39,38,40,41,40,41,40,40
1775547544.8813,39,41,40,40,39,38,40,41,40,41,40,40
1775547545.0819,39,41,40,40,40,38,40,41,40,41,40,40
1775547545.2821,40,41,40,40,40,38,40,41,40,41,40,40
1775547545.4825,39,41,40,40,39,38,40,41,40,41,40,40
1775547545.6831,40,41,40,40,39,38,40,41,40,40,40,40
1775547545.8835,39,41,40,40,39,38,40,41,40,41,40,40
1775547546.0838,39,41,40,40,39,38,40,41,40,41,40,40
1775547546.2842,40,41,40,40,39,38,40,41,40,41,40,40
1775547546.4845,40,41,40,40,39,38,40,41,40,41,40,40
1775547546.6848,39,41,40,40,39,38,40,41,40,41,40,40
1775547546.8851,40,41,40,40,39,38,40,41,40,41,40,40
1775547547.0854,39,41,40,40,39,38,40,41,40,41,40,40
1775547547.2861,39,41,40,40,39,38,40,41,40,41,40,40
1775547547.4864,40,41,40,40,40,38,40,41,40,41,40,40
1775547547.6867,39,41,40,40,40,38,40,41,40,41,40,40
1775547547.8869,39,41,40,40,39,38,41,41,40,41,40,40
1775547548.0872,39,41,40,40,40,38,40,41,40,41,40,40
1775547548.2874,39,41,40,40,39,38,40,41,40,41,40,40
1775547548.4877,40,41,40,40,40,38,40,41,40,41,40,40
1775547548.6880,39,41,40,40,39,38,40,41,40,41,40,40
1775547548.8882,40,41,40,40,39,38,40,41,40,41,40,40
1775547549.0885,40,41,40,40,39,38,40,41,40,41,40,40
1775547549.2887,39,41,40,40,39,38,40,41,40,41,40,40
1775547549.4891,39,41,40,40,40,38,41,41,40,40,40,40
1775547549.6894,39,41,40,40,40,38,40,41,40,41,40,40
1775547549.8896,40,41,40,40,39,38,40,41,40,41,40,40
1775547550.0899,40,41,40,40,39,38,40,41,40,41,40,40
1775547550.2902,39,41,40,40,40,39,41,41,40,41,40,40
1775547550.4905,40,41,40,40,40,38,41,41,40,41,40,40
1775547550.6908,40,41,40,40,40,38,41,41,40,41,40,40
1775547550.8910,39,41,40,40,40,38,41,41,40,41,40,40
1775547551.0913,39,41,40,40,40,38,40,41,40,41,40,40
1775547551.2916,40,41,40,40,40,38,40,41,40,41,40,40
1775547551.4918,40,41,40,40,39,38,41,41,40,41,40,40
1775547551.6921,40,41,40,40,40,38,40,41,40,41,40,40
1775547551.8925,39,41,40,40,40,38,40,41,40,41,40,40
1775547552.0928,40,41,40,40,40,38,41,41,40,41,40,40
1775547552.2930,39,41,40,40,40,38,40,41,40,41,40,40
1775547552.4933,40,41,40,40,40,38,40,41,40,41,40,40
1775547552.6935,40,41,40,40,40,38,40,41,40,41,40,40
1775547552.8939,40,41,40,40,39,39,40,41,40,41,40,40
1775547553.0941,39,41,40,40,40,38,40,41,40,41,40,40
1775547553.2944,40,41,40,40,39,38,40,41,40,41,40,40
1775547553.4947,40,41,40,40,40,38,40,41,40,41,40,40
1775547553.6949,40,41,40,40,40,38,41,41,40,41,40,40
1775547553.8953,40,41,40,40,40,38,40,41,40,41,40,40
1775547554.0956,40,41,40,40,40,38,41,41,40,41,40,40
1775547554.2957,40,41,40,40,40,38,41,41,40,41,40,40
1775547554.4960,40,41,40,40,40,38,40,41,40,41,40,40
1775547554.6962,40,41,40,40,39,38,40,41,40,41,40,40
1775547554.8965,40,41,40,40,40,38,41,41,40,41,40,40
1775547555.0969,39,41,40,40,40,38,40,41,40,41,40,40
1775547555.2972,40,41,40,40,40,38,41,41,40,41,40,40
1775547555.4976,40,41,40,40,40,38,40,41,40,41,40,40
1775547555.6981,40,41,40,40,40,38,40,41,40,41,40,40
1775547555.8985,40,41,40,40,39,38,40,41,40,41,40,40
1775547556.0991,40,41,40,40,40,39,40,41,40,41,40,40
1775547556.2996,40,41,40,40,40,38,41,41,40,41,40,40
1775547556.5000,40,41,40,40,40,39,41,41,40,41,40,40
1775547556.7006,40,41,40,40,40,38,40,41,40,41,40,40
1775547556.9013,40,41,40,40,40,38,41,41,40,41,40,40
1775547557.1016,40,41,40,40,40,38,41,41,40,41,40,40
1775547557.3018,40,41,40,40,40,38,41,41,40,41,40,40
1775547557.5021,40,41,40,40,39,38,41,41,40,41,40,40
1775547557.7028,40,41,40,40,40,38,41,41,40,41,40,40
1775547557.9032,40,41,40,40,40,38,40,41,40,41,40,40
1775547558.1035,40,41,40,40,40,38,41,41,40,41,40,40
1775547558.3040,40,41,40,40,39,38,41,41,40,41,40,40
1775547558.5044,40,41,40,40,40,38,40,41,40,41,40,40
1775547558.7048,40,41,40,40,40,38,40,41,40,41,40,40
1775547558.9054,40,41,40,40,40,39,40,41,40,41,40,40
1775547559.1062,39,41,40,40,40,38,40,41,40,41,40,40
1775547559.3064,40,41,40,40,39,38,41,41,40,41,40,40
1775547559.5067,40,41,40,40,40,38,41,41,40,41,40,40
1775547559.7070,40,41,40,40,40,38,41,41,40,41,40,40
1775547559.9072,40,41,40,40,39,39,40,41,40,41,40,40
1775547560.1078,40,41,40,40,40,38,40,41,40,41,40,40
1775547560.3080,40,41,40,40,39,38,40,41,40,41,40,40
1775547560.5084,40,41,40,40,40,38,41,41,40,41,40,40
1775547560.7089,40,41,40,40,40,38,41,41,40,41,40,40
1775547560.9092,40,41,40,40,40,38,41,41,40,41,40,40
1775547561.1094,40,41,40,40,40,38,41,41,40,41,40,40
1775547561.3097,40,41,40,40,39,38,41,41,40,41,40,40
1775547561.5102,40,41,40,40,39,38,41,41,40,41,40,40
1775547561.7106,40,41,40,40,40,39,40,41,40,41,40,40
1775547561.9112,40,41,40,40,40,38,40,41,40,41,40,40
1775547562.1115,40,41,40,40,40,38,40,41,40,41,40,40
1775547562.3118,40,41,40,40,39,38,41,41,40,41,40,40
1775547562.5120,40,41,40,40,40,38,41,41,40,41,40,40
1775547562.7123,40,41,40,40,40,38,41,41,40,41,40,40
1775547562.9125,40,41,40,40,40,38,40,41,40,41,40,40
1775547563.1128,40,41,40,40,40,38,41,41,40,41,40,40
1775547563.3130,40,41,40,40,40,38,40,41,40,41,40,40
1775547563.5134,40,41,40,40,40,38,40,41,40,41,40,40
1775547563.7139,40,41,40,40,40,38,40,41,40,41,40,40
1775547563.9140,40,41,40,40,40,38,40,41,40,41,40,40
1775547564.1143,40,41,40,40,40,38,41,41,40,41,40,40
1775547564.3146,40,41,40,40,40,38,41,41,40,41,40,40
1775547564.5148,40,41,40,40,40,38,41,41,40,41,40,40
1775547564.7151,40,41,40,40,40,39,40,41,40,41,40,40
1775547564.9153,40,41,40,40,40,38,41,41,40,41,40,40
1775547565.1157,40,41,40,40,40,38,41,41,40,41,40,40
1775547565.3160,40,41,40,40,40,38,41,41,40,41,40,40
1775547565.5164,40,41,40,40,40,38,41,41,40,41,40,40
1775547565.7167,40,41,40,40,40,39,41,41,40,41,40,40
1775547565.9169,40,41,40,40,39,39,40,41,40,41,40,40
1775547566.1172,40,41,40,40,40,38,41,41,40,41,40,40
1775547566.3174,40,41,40,40,40,39,41,41,40,41,40,40
1775547566.5178,40,41,40,40,40,38,41,41,40,41,40,40
1775547566.7180,40,41,40,40,40,39,40,41,40,41,40,40
1775547566.9183,40,41,40,40,40,39,41,41,40,41,40,40
1775547567.1197,40,41,40,40,40,38,41,41,40,41,40,40
1775547567.3202,40,41,40,40,40,39,40,41,40,41,40,40
1775547567.5205,40,41,40,40,40,38,41,41,40,41,40,40
1775547567.7210,40,41,40,40,40,39,40,41,40,41,40,40
1775547567.9217,40,41,40,40,39,39,41,41,40,41,40,40
1775547568.1224,40,41,40,40,40,38,41,41,40,41,40,40
1775547568.3229,40,41,40,40,40,39,40,41,40,41,40,40
1775547568.5236,40,41,40,40,40,38,41,41,40,41,40,40
1775547568.7238,40,41,40,40,40,39,41,41,40,41,40,40
1775547568.9241,40,41,40,40,40,39,41,41,40,41,40,40
1775547569.1244,40,41,40,40,39,39,41,41,40,41,40,40
1775547569.3247,40,41,40,40,40,38,40,41,40,41,40,40
1775547569.5251,40,41,40,40,39,39,41,41,40,41,40,40
1775547569.7254,40,41,40,40,40,38,40,41,40,41,40,40
1775547569.9257,40,41,40,40,40,39,40,41,40,41,40,40
1775547570.1261,40,41,40,40,40,39,41,41,40,41,40,40
1775547570.3266,40,41,40,40,40,38,40,41,40,41,40,40
1775547570.5271,40,41,40,40,40,38,41,41,40,41,40,40
1775547570.7276,40,41,40,40,40,38,41,41,40,41,40,40
1775547570.9279,40,41,40,40,40,39,41,41,40,41,40,40
1775547571.1281,40,41,40,40,40,38,41,41,40,41,40,40
1775547571.3284,40,41,40,40,40,39,41,41,40,41,40,40
1775547571.5286,40,41,40,40,40,39,41,41,40,41,40,40
1775547571.7289,40,41,40,40,40,39,41,41,40,41,40,40
1775547571.9291,40,41,40,40,40,39,41,41,40,41,40,40
1775547572.1295,40,41,40,40,40,39,41,41,40,41,40,40
1775547572.3298,40,41,40,40,40,39,41,41,40,41,40,40
1775547572.5301,40,41,40,40,40,39,41,41,40,41,40,40
1775547572.7303,40,41,40,40,40,39,41,41,40,41,40,40
1775547572.9306,40,41,40,40,40,39,41,41,40,41,40,40
1775547573.1310,40,41,40,40,40,39,41,41,40,41,40,40
1775547573.3313,40,41,40,40,40,39,40,41,40,41,40,40
1775547573.5315,40,41,40,40,39,39,41,41,40,41,40,40
1775547573.7319,40,41,40,40,40,39,41,41,40,41,40,40
1775547573.9321,40,41,40,40,40,39,41,41,40,41,40,40
1775547574.1324,40,41,40,40,40,39,40,41,40,41,40,40
1775547574.3327,40,41,40,40,40,39,41,41,40,41,40,40
1775547574.5329,40,41,40,40,40,39,41,41,40,41,40,40
1775547574.7332,40,41,40,40,40,39,41,41,40,41,40,40
1775547574.9334,40,41,40,40,40,39,41,41,40,41,40,40
1775547575.1337,40,41,40,40,40,39,40,41,40,41,40,40
1775547575.3339,40,41,40,40,40,39,41,41,40,41,40,40
1775547575.5342,40,41,40,40,40,39,40,41,40,41,40,40
1775547575.7345,40,41,40,40,40,38,41,41,40,41,40,40
1775547575.9351,40,41,40,40,40,39,40,41,40,41,40,40
1775547576.1353,40,41,40,40,40,39,41,41,40,41,40,40
1775547576.3356,40,41,40,40,40,39,41,41,40,41,40,40
1775547576.5358,40,41,40,40,40,39,41,41,40,41,40,40
1775547576.7361,40,41,40,40,40,38,41,41,40,41,40,40
1775547576.9365,40,41,40,40,40,39,41,41,40,41,40,40
1775547577.1368,40,41,40,40,40,38,41,41,40,41,40,40
1775547577.3371,40,41,40,40,40,38,41,41,40,41,40,40
1775547577.5376,40,41,40,40,40,39,41,41,40,41,40,40
1775547577.7406,40,41,40,40,40,39,41,41,40,41,40,40
1775547577.9421,40,41,40,40,40,39,41,41,40,41,40,40
1775547578.1425,40,41,40,40,40,39,41,41,40,41,40,40
1775547578.3431,40,41,40,40,40,39,41,41,40,41,40,40
1775547578.5437,40,41,40,40,39,39,41,41,40,41,40,40
1775547578.7449,40,41,40,40,40,39,41,41,40,41,40,40
1775547578.9454,40,41,40,40,40,39,41,41,40,41,40,40
1775547579.1459,40,41,40,40,40,39,40,41,40,41,40,40
1775547579.3462,40,41,40,40,40,38,41,41,40,41,40,40
1775547579.5465,40,41,40,40,40,39,41,41,40,41,40,40
1775547579.7467,40,41,40,40,40,39,41,41,40,41,40,40
1775547579.9470,40,41,40,40,40,39,41,41,40,41,40,40
1775547580.1473,40,41,40,40,40,39,41,41,40,41,40,40
1775547580.3475,40,41,40,40,40,39,41,41,40,41,40,40
1775547580.5478,40,41,40,40,40,39,41,41,40,41,40,40
1775547580.7480,40,41,40,40,40,39,40,41,40,41,40,40
1775547580.9483,40,41,40,40,40,39,41,41,40,41,40,40
1775547581.1491,40,41,40,40,40,39,41,41,40,41,40,40
1775547581.3493,40,41,40,40,40,39,41,41,40,41,40,40
1775547581.5498,40,41,40,40,40,39,41,41,40,41,40,40
1775547581.7501,40,41,40,40,40,39,41,41,40,41,40,40
1775547581.9503,40,41,40,40,40,39,41,41,40,41,40,40
1775547582.1506,40,41,40,40,40,39,41,41,40,41,40,40
1775547582.3511,40,41,40,40,40,39,41,41,40,41,40,40
1775547582.5516,40,41,40,40,40,39,41,41,40,41,40,40
1775547582.7518,40,41,40,40,40,39,41,41,40,41,40,40
1775547582.9521,40,41,40,40,40,39,41,41,40,41,40,40
1775547583.1523,40,41,40,40,40,39,41,41,40,41,40,40
1775547583.3526,40,41,40,40,39,39,41,41,40,41,40,40
1775547583.5529,40,41,40,40,40,39,41,41,40,41,40,40
1775547583.7531,40,41,40,40,40,39,41,41,40,41,40,40
1775547583.9534,40,41,40,40,40,39,41,41,40,41,40,40
1775547584.1536,40,41,40,40,40,39,41,41,40,41,40,40
1775547584.3539,40,41,40,40,40,39,41,41,40,41,40,40
1775547584.5541,40,41,40,40,40,39,41,41,40,41,40,40
1775547584.7545,40,41,40,40,40,39,41,41,40,41,40,40
1775547584.9547,40,41,40,40,40,39,41,41,40,41,40,40
1775547585.1551,40,41,40,40,40,39,41,41,40,41,40,40
1775547585.3554,40,41,40,40,40,39,41,41,40,41,40,40
1775547585.5556,40,41,40,40,40,39,41,41,40,41,40,40
1775547585.7559,40,41,40,40,40,39,41,41,40,41,40,40
1775547585.9564,40,41,40,40,40,39,41,41,40,41,40,40
1775547586.1567,40,41,40,40,40,39,41,41,40,41,40,40
1775547586.3569,40,41,40,40,40,39,41,41,40,41,40,40
1775547586.5572,40,41,40,40,40,39,41,41,40,41,40,40
1775547586.7575,40,41,40,40,40,39,41,41,40,41,40,40
1775547586.9577,40,41,40,40,40,39,41,41,40,41,40,40
1775547587.1580,40,41,40,40,40,39,41,41,40,41,40,40
1775547587.3582,40,41,40,40,40,39,41,41,40,41,40,40
1775547587.5587,40,41,40,40,40,39,41,41,40,41,40,40
1775547587.7599,40,41,40,40,40,39,41,41,40,41,40,40
1775547587.9612,40,41,40,40,40,39,41,41,40,41,40,40
1775547588.1618,40,41,40,40,40,39,41,41,40,41,40,40
1775547588.3626,40,41,40,40,40,39,41,41,40,41,40,40
1775547588.5629,40,41,40,40,40,39,41,41,40,41,40,40
1775547588.7632,40,41,40,40,40,39,41,41,40,41,40,40
1775547588.9637,40,41,40,40,40,39,41,41,40,41,40,40
1775547589.1640,40,41,40,40,40,39,41,41,40,41,40,40
1775547589.3646,40,41,40,40,40,39,41,41,40,41,40,40
1775547589.5650,40,41,40,40,40,39,41,41,40,41,40,40
1775547589.7653,40,41,40,40,40,39,41,41,40,41,40,40
1775547589.9657,40,41,40,40,40,39,41,41,40,41,40,40
1775547590.1661,40,41,40,40,40,39,41,41,40,41,40,40
1775547590.3668,40,41,40,40,40,39,41,41,40,41,40,40
1775547590.5671,40,41,40,40,40,39,41,41,40,41,40,40
1775547590.7675,40,41,40,40,40,39,41,41,40,41,40,40
1775547590.9678,40,41,40,40,40,39,41,41,40,41,40,40
1775547591.1681,40,41,40,40,40,39,41,41,40,41,40,40
1775547591.3683,40,41,40,40,40,39,41,41,40,41,40,40
1775547591.5686,40,41,40,40,40,39,41,41,40,41,40,40
1775547591.7691,40,41,40,40,40,39,41,41,40,41,40,40
1775547591.9694,40,41,40,40,40,39,41,41,40,41,40,40
1775547592.1697,40,41,40,40,40,39,40,41,40,41,40,40
1775547592.3700,40,41,40,40,40,39,41,41,40,41,40,40
1775547592.5702,40,41,40,40,40,39,41,41,40,41,40,40
1775547592.7705,40,41,40,40,40,39,41,41,40,41,40,40
1775547592.9709,40,41,40,40,40,39,41,41,40,41,40,40
1775547593.1716,40,41,40,40,40,39,41,41,40,41,40,40
1775547593.3719,40,41,40,40,40,39,41,41,40,41,40,40
1775547593.5723,40,41,40,40,40,39,41,41,40,41,40,40
1775547593.7725,40,41,40,40,40,39,41,41,40,41,40,40
1775547593.9728,40,41,40,40,40,39,41,41,40,41,40,40
1775547594.1731,40,41,40,40,40,39,41,41,40,41,40,40
1775547594.3735,40,41,40,40,40,39,41,41,40,41,40,40
1775547594.5737,40,41,40,40,40,39,41,41,40,41,40,40
1775547594.7740,40,41,40,40,40,39,41,41,40,41,40,40
1775547594.9743,40,41,40,40,40,39,41,41,40,41,40,40
1775547595.1747,40,41,40,40,40,39,41,41,40,41,40,40
1775547595.3749,40,41,40,40,40,39,41,41,40,41,40,40
1775547595.5753,40,41,41,40,40,39,41,41,40,41,40,40
1775547595.7756,40,41,40,40,40,39,41,41,40,41,40,40
1775547595.9759,40,41,40,40,40,39,41,41,40,41,40,40
1775547596.1761,40,41,40,40,40,39,41,41,40,41,40,40
1775547596.3764,40,41,40,40,40,39,41,41,40,41,40,40
1775547596.5766,40,41,40,40,40,39,41,41,40,41,40,40
1775547596.7770,40,41,40,41,40,39,41,41,40,41,40,40
1775547596.9773,40,41,40,40,40,39,41,41,40,41,40,40
1775547597.1776,40,41,40,40,40,39,41,41,40,41,40,40
1775547597.3778,40,41,40,40,40,39,41,41,40,41,40,40
1775547597.5780,40,41,40,40,40,39,41,41,40,41,40,40
1775547597.7783,40,41,40,40,40,39,41,41,40,41,40,40
1775547597.9787,40,41,40,40,40,39,41,41,40,41,40,40
1775547598.1800,40,41,40,40,40,39,41,41,40,41,40,40
1775547598.3806,40,41,40,40,40,39,41,41,40,41,40,40
1775547598.5811,40,41,40,40,40,39,41,41,40,41,40,40
1775547598.7817,40,41,40,40,40,39,41,41,40,41,40,40
1775547598.9819,40,41,40,40,40,39,41,41,40,41,40,40
1775547599.1824,40,41,40,40,40,39,41,41,40,41,40,40
1775547599.3831,40,41,40,40,40,39,41,41,40,41,40,40
1775547599.5838,40,41,40,40,40,39,41,41,40,41,40,40
1775547599.7843,40,41,40,40,40,39,41,41,40,41,40,40
1775547599.9851,40,41,40,40,40,39,41,41,40,41,40,40
1775547600.1853,40,41,40,40,40,39,41,41,40,41,40,40
1775547600.3856,40,41,40,40,40,39,41,41,40,41,40,40
1775547600.5860,40,41,40,40,40,39,41,41,40,41,40,40
1775547600.7864,40,41,40,40,40,39,41,41,40,41,40,40
1775547600.9867,40,41,40,40,40,39,41,41,40,41,40,40
1775547601.1871,40,41,40,40,40,39,41,41,40,41,40,40
1775547601.3878,40,41,40,40,40,39,41,41,40,41,41,40
1775547601.5881,40,41,40,40,40,39,41,41,40,41,40,40
1775547601.7885,40,41,40,40,40,39,41,41,40,41,40,40
1775547601.9889,40,41,40,40,40,39,41,41,40,41,40,40
1775547602.1892,40,41,41,40,40,39,41,41,40,41,40,40
1775547602.3894,40,41,40,40,40,39,41,41,40,41,40,40
1775547602.5897,40,41,40,41,40,39,41,41,40,41,40,40
1775547602.7899,40,41,41,40,40,39,41,41,40,41,40,40
1775547602.9903,40,41,40,40,40,39,41,41,40,41,40,40
1775547603.1905,40,41,41,40,40,39,41,41,40,41,40,40
1775547603.3908,40,41,40,40,40,39,41,41,40,41,40,40
1775547603.5911,40,41,41,40,40,39,41,41,40,41,40,40
1775547603.7915,40,41,41,40,40,39,41,41,40,41,40,40
1775547603.9919,40,41,40,40,40,39,41,41,40,41,40,40
1775547604.1924,40,41,40,41,40,39,41,41,40,41,40,40
1775547604.3927,40,41,40,40,40,39,41,41,40,41,40,40
1775547604.5929,40,41,40,40,40,39,41,41,40,41,40,40
1775547604.7933,40,41,40,40,40,39,41,41,40,41,40,40
1775547604.9936,40,41,41,40,40,39,41,41,40,41,40,40
1775547605.1938,40,41,40,40,40,39,41,41,40,41,40,40
1775547605.3940,40,41,41,40,40,39,41,41,40,41,40,40
1775547605.5943,40,41,41,40,40,39,41,41,40,41,40,40
1775547605.7946,40,41,40,40,40,39,41,41,40,41,40,40
1775547605.9948,40,41,40,41,40,39,41,41,40,41,40,40
1775547606.1951,40,41,40,40,40,39,41,41,40,41,40,40
1775547606.3953,40,41,40,40,40,39,41,41,40,41,40,40
1775547606.5956,40,41,40,40,40,39,41,41,40,41,40,40
1775547606.7960,40,41,40,40,40,39,41,41,40,41,40,40
1775547606.9962,40,41,40,40,40,39,41,41,40,41,40,40
1775547607.1965,40,41,40,40,40,39,41,41,40,41,40,40
1775547607.3967,40,41,41,40,40,39,41,41,40,41,40,40
1775547607.5970,40,41,40,40,40,39,41,41,40,41,40,40
1775547607.7973,40,41,40,40,40,39,41,41,40,41,40,40
1775547607.9976,40,41,40,40,40,39,41,41,40,41,40,40
1775547608.1979,40,41,41,40,40,39,41,41,40,41,40,40
1775547608.3982,40,41,41,40,40,39,41,41,40,41,40,40
1775547608.5996,40,41,40,40,40,39,41,41,40,41,40,40
1775547608.8001,40,41,40,41,40,39,41,41,40,41,40,40
1775547609.0006,40,41,41,40,40,39,41,41,40,41,40,40
1775547609.2009,40,41,40,40,40,39,41,41,40,41,40,40
1775547609.4016,40,41,40,40,40,39,41,41,40,41,40,40
1775547609.6021,40,41,40,40,40,39,41,41,40,41,40,40
1775547609.8024,40,41,40,40,40,39,41,41,40,41,40,40
1775547610.0028,40,41,40,40,40,39,41,41,40,41,40,40
1775547610.2035,40,41,40,40,40,39,41,41,40,41,40,40
1775547610.4038,40,41,41,40,40,39,41,41,40,41,40,40
1775547610.6041,40,41,40,40,40,39,41,41,40,41,40,40
1775547610.8044,40,41,40,40,40,39,41,41,40,41,40,40
1775547611.0046,40,41,41,40,40,39,41,41,40,41,40,40
1775547611.2052,40,41,41,40,40,39,41,41,40,41,40,40
1775547611.4056,40,41,40,40,40,39,41,41,40,41,40,40
1775547611.6058,40,41,41,40,40,39,41,41,40,41,40,40
1775547611.8062,40,41,41,40,40,39,41,41,40,41,40,40
1775547612.0065,40,41,41,40,40,39,41,41,40,41,40,40
1775547612.2068,40,41,40,40,40,39,41,41,40,41,41,40
1775547612.4070,40,41,41,40,40,39,41,41,40,41,40,40
1775547612.6074,40,41,40,40,40,39,41,41,40,41,40,40
1775547612.8077,40,41,41,40,40,39,41,41,40,41,40,40
1775547613.0079,40,41,41,40,40,39,41,41,40,41,40,40
1775547613.2082,40,41,41,40,40,39,41,41,40,41,40,40
1775547613.4084,40,41,41,40,40,39,41,41,40,41,40,40
1775547613.6087,40,41,41,40,40,39,41,41,40,41,40,40
1775547613.8095,40,41,41,40,40,39,41,41,40,41,40,40
1775547614.0097,40,41,40,40,40,39,41,41,40,41,40,40
1775547614.2100,40,41,41,40,40,39,41,41,40,41,40,40
1775547614.4101,40,41,40,40,40,39,41,41,40,41,40,40
1775547614.6104,40,41,40,40,40,39,41,41,40,41,40,40
1775547614.8108,40,41,40,40,40,39,41,41,40,41,40,40
1775547615.0114,40,41,40,40,40,39,41,41,40,41,41,40
1775547615.2121,40,41,41,40,40,39,41,41,40,41,40,40
1775547615.4124,40,41,41,40,40,39,41,41,40,41,40,40
1775547615.6127,40,41,41,40,40,39,41,41,40,41,40,40
1775547615.8130,40,41,40,40,40,39,41,41,40,41,40,40
1775547616.0132,40,41,41,40,40,39,41,41,40,41,40,40
1775547616.2136,40,41,41,40,40,39,41,41,40,41,40,40
1775547616.4139,40,41,41,40,40,39,41,41,40,41,40,40
1775547616.6140,40,41,41,41,40,39,41,41,40,41,40,40
1775547616.8143,40,41,41,40,40,39,41,41,40,41,40,40
1775547617.0146,40,41,41,40,40,39,41,41,40,41,40,40
1775547617.2148,40,41,41,40,40,39,41,41,40,41,40,40
1775547617.4152,40,41,40,40,40,39,41,41,40,41,40,40
1775547617.6155,40,41,40,40,40,39,41,41,40,41,41,40
1775547617.8158,40,41,40,41,40,39,41,41,40,41,40,40
1775547618.0162,40,41,41,40,40,39,41,41,40,41,40,40
1775547618.2164,40,41,41,40,40,39,41,41,40,41,41,40
1775547618.4167,40,41,40,40,40,39,41,41,40,41,40,40
1775547618.6169,40,41,41,40,40,39,41,41,40,41,40,40
1775547618.8172,40,41,41,40,40,39,41,41,40,41,41,40
1775547619.0176,40,41,40,40,40,39,41,41,40,41,40,40
1775547619.2178,40,41,41,40,40,39,41,41,40,41,40,40
1775547619.4181,40,41,41,40,40,39,41,41,40,41,41,40
1775547619.6183,40,41,41,40,40,39,41,41,40,41,40,40
1775547619.8186,40,41,41,40,40,39,41,41,40,41,41,40
1775547620.0190,40,41,41,40,40,39,41,41,40,41,40,40
1775547620.2193,40,41,41,40,40,39,41,41,40,41,40,40
1775547620.4195,40,41,40,40,40,39,41,41,40,41,40,40
1775547620.6198,41,41,41,40,40,39,41,41,40,41,40,40
1775547620.8204,41,41,40,41,40,39,41,41,40,41,40,40
1775547621.0211,40,41,41,41,40,39,41,41,40,41,40,40
1775547621.2219,40,41,41,40,40,39,41,41,40,41,41,40
1775547621.4225,40,41,41,40,40,39,41,41,40,41,41,40
1775547621.6229,40,41,40,41,40,39,41,41,40,41,40,40
1775547621.8237,40,41,41,40,40,39,41,41,40,41,40,40
1775547622.0240,40,41,40,41,40,39,41,41,40,41,40,40
1775547622.2247,40,41,41,40,40,39,41,41,40,41,41,40
1775547622.4250,40,41,41,41,40,39,41,41,40,41,41,40
1775547622.6254,40,41,41,40,40,39,41,41,40,41,40,40
1775547622.8259,40,41,41,40,40,39,41,41,40,41,40,40
1775547623.0262,40,41,41,40,40,39,41,41,40,41,41,40
1775547623.2265,40,41,41,40,40,39,41,41,40,41,41,40
1775547623.4272,40,41,41,40,40,39,41,41,40,41,41,40
1775547623.6276,40,41,41,40,40,39,41,41,40,41,41,40
1775547623.8278,40,41,41,40,40,39,41,41,40,41,41,40
1775547624.0281,40,41,41,40,40,39,41,41,40,41,40,40
1775547624.2283,40,41,41,41,40,39,41,41,40,41,40,40
1775547624.4286,40,41,40,40,40,39,41,41,40,41,40,40
1775547624.6288,40,41,41,40,40,39,41,41,40,41,41,40
1775547624.8291,40,41,41,40,40,39,41,41,40,41,41,40
1775547625.0294,40,41,41,41,40,39,41,41,40,41,40,40
1775547625.2298,40,41,41,41,40,39,41,41,40,41,41,40
1775547625.4301,40,41,41,41,40,39,41,41,40,41,40,40
1775547625.6303,40,41,41,40,40,39,41,41,40,41,41,40
1775547625.8306,40,41,41,41,40,39,41,41,40,41,40,40
1775547626.0319,40,41,41,41,40,39,41,41,40,41,40,40
1775547626.2323,40,41,41,40,40,39,41,41,40,41,40,40
1775547626.4325,40,41,41,41,40,39,41,41,40,41,41,40
1775547626.6328,40,41,41,40,40,39,41,41,40,41,41,40
1775547626.8331,40,41,41,41,40,39,41,41,40,41,40,40
1775547627.0335,40,41,41,40,40,39,41,41,40,41,40,40
1775547627.2338,40,41,41,41,40,39,41,41,40,41,41,40
1775547627.4340,40,41,41,40,40,39,41,41,40,41,40,40
1775547627.6343,40,41,41,40,40,39,41,41,40,41,41,40
1775547627.8346,40,41,41,41,40,39,41,41,40,41,41,40
1775547628.0348,41,41,41,40,40,39,41,41,40,41,41,40
1775547628.2351,40,41,41,40,40,39,41,41,40,41,41,40
1775547628.4354,40,41,41,41,40,39,41,41,40,41,41,40
1775547628.6358,40,41,41,40,40,39,41,41,40,41,41,40
1775547628.8360,40,42,41,40,40,39,41,41,40,41,40,40
1775547629.0363,40,41,41,41,40,39,41,41,40,41,40,40
1775547629.2365,40,41,41,40,40,39,41,41,40,41,40,40
1775547629.4368,41,41,41,41,40,39,41,41,40,41,41,40
1775547629.6371,40,41,41,41,40,39,41,41,40,41,40,40
1775547629.8375,40,41,41,40,40,39,41,41,40,41,40,40
1775547630.0378,41,41,41,41,40,39,41,41,40,41,41,40
1775547630.2382,40,41,41,40,40,39,41,41,40,41,41,40
1775547630.4385,40,41,41,40,40,39,41,41,40,41,41,40
1775547630.6390,40,41,41,41,40,39,41,41,40,41,41,40
1775547630.8392,40,41,41,41,40,39,41,41,40,41,41,40
1775547631.0396,41,41,41,41,40,39,41,41,40,41,41,40
1775547631.2401,40,41,41,41,40,39,41,41,40,41,40,40
1775547631.4405,41,41,41,41,40,39,41,41,40,41,41,40
1775547631.6410,40,41,41,41,40,39,41,41,40,41,41,40
1775547631.8412,40,41,41,40,40,39,41,41,40,41,40,40
1775547632.0415,40,41,41,41,40,39,41,41,40,41,41,40
1775547632.2418,40,41,41,41,40,39,41,41,40,41,41,40
1775547632.4421,40,41,41,41,40,39,41,41,40,41,40,40
1775547632.6430,40,41,41,41,40,39,41,41,40,41,41,40
1775547632.8432,40,42,41,40,40,39,41,41,40,41,41,40
1775547633.0438,40,41,41,40,40,39,41,41,40,41,40,40
1775547633.2441,40,41,41,40,40,39,41,41,40,41,41,40
1775547633.4443,40,42,41,40,40,39,41,41,40,41,41,40
1775547633.6448,40,41,41,40,40,39,41,41,40,41,40,40
1775547633.8452,40,41,41,40,40,39,41,41,40,41,40,40
1775547634.0459,40,41,41,40,40,39,41,41,40,41,41,40
1775547634.2461,40,41,41,40,40,39,41,41,40,41,40,40
1775547634.4466,40,41,41,41,40,39,41,41,40,41,41,40
1775547634.6470,40,41,41,41,40,39,41,41,40,41,41,40
1775547634.8473,40,41,41,41,40,39,41,41,40,41,41,40
1775547635.0475,40,41,41,41,40,39,41,41,40,41,40,40
1775547635.2478,40,41,41,41,40,39,41,41,40,41,41,40
1775547635.4480,40,42,41,40,40,39,41,41,40,41,41,40
1775547635.6485,40,41,41,41,40,39,41,41,40,41,41,40
1775547635.8489,40,42,41,41,40,39,41,41,40,41,41,40
1775547636.0495,40,41,41,41,40,39,41,41,40,41,41,40
1775547636.2498,40,42,41,41,40,39,41,41,40,41,40,40
1775547636.4502,40,41,41,40,40,39,41,41,40,41,41,40
1775547636.6506,40,41,41,41,40,39,41,41,40,41,41,40
1775547636.8510,40,41,41,41,40,39,41,41,40,41,41,40
1775547637.0512,40,41,41,41,40,39,41,41,40,41,41,40
1775547637.2515,40,41,41,41,40,39,41,41,40,41,41,40
1775547637.4517,40,41,41,41,40,39,41,41,40,41,40,40
1775547637.6520,40,41,41,41,40,39,41,41,40,41,40,40
1775547637.8523,40,41,41,40,40,39,41,41,40,41,41,40
1775547638.0527,40,41,41,41,40,39,41,41,40,41,40,40
1775547638.2530,40,41,41,40,40,39,41,41,40,41,41,40
1775547638.4537,40,41,41,41,40,39,41,41,40,41,41,40
1775547638.6539,40,41,41,41,40,39,41,41,40,41,41,40
1775547638.8545,40,41,41,41,40,39,41,41,40,41,41,40
1775547639.0549,40,41,41,41,40,39,41,41,40,41,40,40
1775547639.2552,40,41,41,41,40,39,41,41,40,41,41,40
1775547639.4555,40,41,41,41,40,39,41,41,40,41,41,40
1775547639.6557,40,41,41,41,40,39,41,41,40,41,41,40
1775547639.8560,40,41,41,41,40,39,41,41,40,41,41,40
1775547640.0564,40,41,41,41,40,39,41,41,40,41,41,40
1775547640.2568,40,41,41,40,40,39,41,41,40,41,41,40
1775547640.4571,40,41,41,40,40,39,41,41,40,41,41,40
1775547640.6574,40,41,41,41,40,39,41,41,40,41,41,40
1775547640.8578,40,41,41,41,40,39,41,41,40,41,41,40
1775547641.0581,40,41,41,41,40,39,41,41,40,41,41,40
1775547641.2583,40,42,41,41,40,39,41,41,40,41,41,40
1775547641.4586,40,42,41,41,40,39,41,41,40,41,41,40
1775547641.6590,40,42,41,41,40,39,41,41,40,41,41,40
1775547641.8597,40,42,41,41,40,39,41,41,40,41,41,40
1775547642.0602,40,41,41,41,40,39,41,41,40,41,40,40
1775547642.2605,40,41,41,41,40,39,41,41,40,41,41,40
1775547642.4608,40,41,41,41,40,39,41,41,40,41,41,40
1775547642.6611,40,41,41,41,40,39,41,41,40,41,41,40
1775547642.8613,41,41,41,41,40,39,41,41,40,41,41,40
1775547643.0617,40,41,41,41,40,39,41,41,40,41,41,40
1775547643.2619,40,41,41,41,40,39,41,41,40,41,41,40
1775547643.4622,40,41,41,41,40,39,41,41,40,41,41,40
1775547643.6625,40,42,41,41,40,39,41,41,40,41,41,40
1775547643.8632,40,41,41,41,40,39,41,41,40,41,41,40
1775547644.0635,40,42,41,41,40,39,41,41,40,41,41,40
1775547644.2640,41,41,41,41,40,39,41,41,40,41,41,40
1775547644.4643,40,42,41,41,40,39,41,41,40,41,41,40
1775547644.6648,40,42,41,41,40,39,41,41,40,41,41,40
1775547644.8656,40,41,41,41,40,39,41,41,40,41,41,40
1775547645.0659,40,41,41,41,40,39,41,41,40,41,41,40
1775547645.2663,40,41,41,41,40,39,41,41,40,41,41,41
1775547645.4665,40,41,41,41,40,39,41,41,40,41,41,40
1775547645.6669,40,41,41,41,40,39,41,41,40,41,41,40
1775547645.8671,40,41,41,41,40,39,41,41,40,41,41,40
1775547646.0675,40,41,41,41,40,39,41,41,40,41,41,40
1775547646.2679,40,42,41,41,40,39,41,41,40,41,41,40
1775547646.4683,40,42,41,41,40,39,41,41,40,41,41,40
1775547646.6686,40,41,41,41,40,39,41,41,40,41,41,40
1775547646.8689,40,41,41,41,40,39,41,41,40,41,41,40
1775547647.0691,40,41,41,41,40,39,41,41,40,41,41,40
1775547647.2694,40,41,41,41,40,39,41,41,40,41,41,40
1775547647.4697,40,41,41,41,40,39,41,41,40,41,41,41
1775547647.6703,40,42,41,41,40,39,41,41,40,41,41,41
1775547647.8705,40,41,41,41,40,39,41,41,40,41,41,41
1775547648.0708,40,41,41,41,40,39,41,41,40,41,41,40
1775547648.2711,40,41,41,41,40,39,41,41,40,41,41,40
1775547648.4713,40,41,41,41,40,39,41,41,40,41,41,41
1775547648.6716,40,41,41,41,40,39,41,41,40,41,41,40
1775547648.8718,40,41,41,41,40,39,41,41,40,41,41,40
1775547649.0721,40,41,41,41,40,39,41,41,40,41,41,40
1775547649.2723,40,41,41,41,40,39,41,41,40,41,41,40
1775547649.4728,40,42,41,41,40,39,41,41,40,41,41,41
1775547649.6731,41,41,41,41,40,39,41,41,40,41,41,40
1775547649.8733,40,41,41,41,40,39,41,41,40,41,41,40
1775547650.0738,40,41,41,41,40,39,41,41,40,41,41,40
1775547650.2741,40,42,41,41,40,39,41,41,40,41,41,41
1775547650.4745,40,42,41,41,40,39,41,41,40,41,41,41
1775547650.6747,41,42,41,41,40,39,41,41,40,41,41,40
1775547650.8751,41,41,41,41,40,39,41,41,40,41,41,41
1775547651.0755,40,42,41,41,40,39,41,41,40,41,41,41
1775547651.2762,40,42,41,41,40,39,41,41,40,41,41,40
1775547651.4765,40,41,41,41,40,39,41,41,40,41,41,40
1775547651.6767,40,42,41,41,40,39,41,41,40,41,41,40
1775547651.8770,40,42,41,41,40,39,41,41,40,41,41,41
1775547652.0773,40,41,41,41,40,39,41,41,40,41,41,41
1775547652.2779,40,42,41,41,40,39,41,41,40,41,41,41
1775547652.4781,40,42,41,41,40,39,41,41,40,41,41,40
1775547652.6783,40,41,41,41,40,39,41,41,40,41,41,40
1775547652.8786,40,41,41,41,40,39,41,41,40,41,41,41
1775547653.0790,40,42,41,41,40,39,41,41,40,41,41,41
1775547653.2793,40,42,41,41,40,39,41,41,40,41,41,41
1775547653.4796,40,42,41,41,40,39,41,41,40,41,41,41
1775547653.6798,40,42,41,41,40,39,41,41,40,41,41,41
1775547653.8801,40,42,41,41,40,39,41,41,40,41,41,40
1775547654.0805,40,41,41,41,40,39,41,41,40,41,41,41
1775547654.2808,40,41,41,41,40,39,41,41,40,41,41,41
1775547654.4811,40,41,41,41,40,39,41,41,40,41,41,40
1775547654.6814,40,42,41,41,40,39,41,41,40,41,41,41
1775547654.8816,41,42,41,41,40,39,41,41,40,41,41,41
1775547655.0825,40,42,41,41,40,39,41,41,40,41,41,40
1775547655.2831,40,42,41,41,40,39,41,41,40,41,41,41
1775547655.4838,40,42,41,41,40,39,41,41,40,41,41,41
1775547655.6841,40,41,41,41,40,39,41,41,40,41,41,41
1775547655.8846,40,41,41,41,40,39,41,41,40,41,41,41
1775547656.0850,40,42,41,41,40,39,41,41,40,41,41,41
1775547656.2859,40,41,41,41,40,39,41,41,40,41,41,40
1775547656.4862,40,41,41,41,40,39,41,41,40,41,41,40
1775547656.6867,40,41,41,41,40,39,41,41,40,41,41,41
1775547656.8869,40,41,41,41,40,39,41,41,40,41,41,41
1775547657.0872,40,41,41,41,40,39,41,41,40,41,41,41
1775547657.2875,40,41,41,41,40,39,41,41,40,41,41,41
1775547657.4878,41,41,41,41,40,39,41,41,40,41,41,41
1775547657.6880,40,42,41,41,40,39,41,41,40,41,41,41
1775547657.8883,40,42,41,41,40,39,41,41,40,41,41,41
1775547658.0887,41,42,41,41,40,39,41,41,40,41,41,41
1775547658.2890,41,41,41,41,40,39,41,41,40,41,41,41
1775547658.4894,41,42,41,41,40,39,41,41,40,41,41,41
1775547658.6898,40,42,41,41,40,39,41,41,40,41,41,41
1775547658.8901,40,42,41,41,40,39,41,41,40,41,41,41
1775547659.0903,40,41,41,41,40,39,41,41,40,41,41,40
1775547659.2906,40,41,41,41,40,39,41,41,40,41,41,40
1775547659.4911,40,42,41,41,40,39,41,41,40,41,41,41
1775547659.6919,41,42,41,41,40,39,41,41,40,41,41,41
1775547659.8921,40,41,41,41,40,39,41,41,40,41,41,40
1775547660.0925,40,42,41,41,40,39,41,41,40,41,41,41
1775547660.2929,40,41,41,41,40,39,41,41,40,41,41,41
1775547660.4933,40,42,41,41,40,39,41,41,40,41,41,41
1775547660.6936,40,42,41,41,40,39,41,41,40,41,41,41
1775547660.8939,41,42,41,41,40,39,41,41,40,41,41,40
1775547661.0942,40,42,41,41,40,39,41,41,40,41,41,41
1775547661.2944,41,41,41,41,40,39,41,41,40,41,41,41
1775547661.4947,41,42,41,41,40,39,41,41,40,42,41,41
1775547661.6949,40,42,41,41,40,39,41,41,40,42,41,41
1775547661.8953,40,42,41,41,40,39,41,41,40,41,41,41
1775547662.0957,40,42,41,41,40,39,41,41,41,41,41,41
1775547662.2960,40,42,41,41,40,39,41,41,40,41,41,41
1775547662.4962,40,41,41,41,40,39,41,41,41,41,41,41
1775547662.6965,40,42,41,41,40,39,41,41,40,41,41,41
1775547662.8969,40,41,41,41,40,39,41,41,40,41,41,41
1775547663.0971,40,42,41,41,40,39,41,41,40,41,41,41
1775547663.2980,40,41,41,41,40,39,41,41,40,41,41,41
1775547663.4982,40,42,41,41,40,39,41,41,40,41,41,41
1775547663.6985,40,42,41,41,40,39,41,41,40,41,41,41
1775547663.8987,40,42,41,41,40,39,41,41,40,41,41,41
1775547664.0990,40,41,41,41,40,39,41,41,40,41,41,40
1775547664.2992,40,42,41,41,40,39,41,41,40,41,41,41
1775547664.4996,40,42,41,41,40,39,41,41,40,41,41,41
1775547664.6998,40,42,41,41,40,39,41,41,40,41,41,41
1775547664.9001,40,42,41,41,40,39,41,41,40,41,41,41
1775547665.1004,40,42,41,41,40,39,41,41,40,41,41,41
1775547665.3006,40,42,41,41,40,39,41,41,40,41,41,41
1775547665.5009,40,42,41,41,40,39,41,41,40,41,41,41
1775547665.7012,40,42,41,41,40,39,41,41,40,41,41,41
1775547665.9014,40,42,41,41,40,39,41,41,40,41,41,41
1775547666.1017,40,42,41,41,40,39,41,41,40,41,41,41
1775547666.3019,40,42,41,41,40,39,41,41,40,41,41,41
1775547666.5023,40,42,41,41,40,39,41,41,40,41,41,41
1775547666.7027,40,42,41,41,40,39,41,41,40,41,41,41
1775547666.9029,40,42,41,41,40,39,41,41,40,41,41,41
1775547667.1032,40,42,41,41,40,39,41,41,40,41,41,41
1775547667.3035,40,41,41,41,40,39,41,41,40,41,41,41
1775547667.5039,40,42,41,41,40,39,41,41,40,41,41,41
1775547667.7043,40,42,41,41,40,39,41,41,40,41,41,41
1775547667.9048,40,42,41,41,40,39,41,41,40,41,41,41
1775547668.1050,40,42,41,41,40,39,41,41,40,41,41,41
1775547668.3054,40,42,41,41,40,39,41,41,40,41,41,41
1775547668.5057,40,42,41,41,40,39,41,41,40,41,41,41
1775547668.7064,40,42,41,41,40,39,41,41,40,41,41,41
1775547668.9070,40,42,41,41,40,39,41,41,40,41,41,41
1775547669.1074,40,42,41,41,40,39,41,41,41,41,41,41
1775547669.3077,41,42,41,41,40,39,41,41,40,41,41,41
1775547669.5083,40,42,41,41,40,39,41,41,40,41,41,41
1775547669.7086,40,42,41,41,40,39,41,41,40,41,41,41
1775547669.9093,41,42,41,41,40,39,41,41,40,41,41,41
1775547670.1096,40,42,41,41,40,39,41,41,40,41,41,41
1775547670.3099,40,42,41,41,40,39,41,41,40,41,41,41
1775547670.5101,40,42,41,41,40,39,41,41,40,41,41,41
1775547670.7103,40,42,41,41,40,39,41,41,40,41,41,41
1775547670.9108,41,42,41,41,40,39,41,41,40,41,41,41
1775547671.1110,40,42,41,41,40,39,41,41,40,41,41,41
1775547671.3113,40,42,41,41,40,39,41,41,40,41,41,41
1775547671.5115,40,42,41,41,40,39,41,41,40,41,41,41
1775547671.7118,40,42,41,41,40,39,41,41,41,41,41,41
1775547671.9127,40,42,41,41,40,39,41,41,40,41,41,41
1775547672.1131,40,42,41,41,40,39,41,41,40,41,41,41
1775547672.3134,40,42,41,41,40,39,41,41,40,41,41,41
1775547672.5137,40,42,41,41,40,39,41,41,40,42,41,41
1775547672.7139,40,42,41,41,40,39,41,41,40,41,41,41
1775547672.9142,40,42,41,41,40,39,41,41,40,41,41,41
1775547673.1144,40,42,41,41,40,39,41,41,40,41,41,41
1775547673.3147,41,42,41,41,40,39,41,41,40,41,41,41
1775547673.5149,40,42,41,41,40,39,41,41,40,41,41,41
1775547673.7152,40,42,41,41,40,39,41,41,40,42,41,41
1775547673.9155,40,42,41,41,40,39,41,41,41,42,41,41
1775547674.1160,40,42,41,41,40,39,41,41,40,41,41,41
1775547674.3166,41,42,41,41,40,39,41,41,40,41,41,41
1775547674.5169,41,42,41,41,40,39,41,41,40,41,41,41
1775547674.7172,40,42,41,41,40,39,41,41,40,42,41,41
1775547674.9175,40,42,41,41,40,39,41,41,40,41,41,41
1775547675.1182,40,42,41,41,40,39,41,41,40,41,41,41
1775547675.3184,40,42,41,41,40,39,41,41,40,41,41,41
1775547675.5187,40,42,41,41,40,39,41,41,40,41,41,41
1775547675.7189,40,42,41,41,40,39,41,41,41,41,41,41
1775547675.9196,41,42,41,41,40,39,41,41,40,41,41,41
1775547676.1199,40,42,41,41,40,39,41,41,41,41,41,41
1775547676.3201,40,42,41,41,40,39,41,41,40,42,41,41
1775547676.5206,41,42,41,41,40,39,41,41,40,41,41,41
1775547676.7210,40,42,41,41,40,39,41,41,40,41,41,41
1775547676.9213,40,42,41,41,40,39,41,41,40,41,41,41
1775547677.1215,41,42,41,41,40,39,41,41,40,42,41,41
1775547677.3220,40,42,41,41,40,39,41,41,40,41,41,41
1775547677.5225,40,42,41,41,40,39,41,41,40,41,41,41
1775547677.7227,40,42,41,41,40,39,41,41,41,41,41,41
1775547677.9230,40,42,41,41,40,39,41,41,40,41,41,41
1775547678.1232,40,42,41,41,40,39,41,41,40,42,41,41
1775547678.3235,40,42,41,41,40,39,41,41,40,41,41,41
1775547678.5238,41,42,41,41,40,39,41,41,41,41,41,41
1775547678.7240,40,42,41,41,40,39,41,41,40,42,41,41
1775547678.9243,40,42,41,41,40,39,41,41,41,41,41,41
1775547679.1247,41,42,41,41,40,39,41,41,40,41,41,41
1775547679.3259,41,42,41,41,40,39,41,41,40,41,41,41
1775547679.5261,41,42,41,41,40,39,41,41,41,41,41,41
1775547679.7264,40,42,41,41,40,39,41,41,40,41,41,41
1775547679.9267,40,42,41,41,40,39,41,41,41,41,41,41
1775547680.1284,40,42,41,41,40,39,41,41,40,42,41,41
1775547680.3287,40,42,41,41,40,39,41,41,40,41,41,41
1775547680.5290,40,42,41,41,40,39,41,41,41,41,41,41
1775547680.7292,40,42,41,41,40,39,41,41,40,42,41,41
1775547680.9297,41,42,41,41,40,39,41,41,40,41,41,41
1775547681.1302,40,42,41,41,40,39,41,41,40,42,41,41
1775547681.3306,40,42,41,41,40,39,41,41,40,41,41,41
1775547681.5309,40,42,41,41,40,39,41,41,40,41,41,41
1775547681.7314,40,42,41,41,40,39,41,41,41,41,41,41
1775547681.9317,41,42,41,41,40,39,41,41,40,42,41,41
1775547682.1319,40,42,41,41,40,39,41,41,40,42,41,41
1775547682.3322,40,42,41,41,40,39,41,41,40,42,41,41
1775547682.5325,40,42,41,41,40,39,41,41,41,41,41,41
1775547682.7327,40,42,41,41,40,39,41,41,40,42,41,41
1775547682.9330,40,42,41,41,40,39,41,41,40,41,41,41
1775547683.1333,40,42,41,41,40,39,41,41,40,41,41,41
1775547683.3343,40,42,41,41,40,39,41,41,41,41,41,41
1775547683.5351,40,42,41,41,40,39,41,41,40,42,41,41
1775547683.7354,40,42,41,41,40,39,41,41,40,42,41,41
1775547683.9357,40,42,41,41,40,39,41,41,40,41,41,41
1775547684.1360,41,42,41,41,40,39,41,41,40,42,41,41
1775547684.3363,41,42,41,41,40,39,41,41,40,41,41,41
1775547684.5369,40,42,41,41,40,39,41,41,41,42,41,41
1775547684.7371,40,42,41,41,40,39,41,41,40,42,41,41
1775547684.9374,41,42,41,41,40,39,41,41,40,41,41,41
1775547685.1376,40,42,41,41,40,39,41,41,40,42,41,41
1775547685.3379,40,42,41,41,40,39,41,41,40,42,41,41
1775547685.5381,40,42,41,41,40,39,41,41,40,42,41,41
1775547685.7383,40,42,41,41,40,39,41,41,41,42,41,41
1775547685.9386,40,42,41,41,40,39,41,41,40,41,41,41
1775547686.1397,40,42,41,41,40,39,41,41,40,41,41,41
1775547686.3399,40,42,41,41,40,39,41,41,40,42,41,41
1775547686.5402,41,42,41,41,40,39,41,41,41,42,41,41
1775547686.7404,41,42,41,41,40,39,41,41,40,41,41,41
1775547686.9407,40,42,41,41,40,39,41,41,40,42,41,41
1775547687.1410,40,42,41,41,40,39,41,41,40,42,41,41
1775547687.3413,40,42,41,41,40,39,41,41,40,42,41,41
1775547687.5416,40,42,41,41,40,39,41,41,40,42,41,41
1775547687.7420,40,42,41,41,40,39,41,41,40,41,41,41
1775547687.9425,40,42,41,41,40,39,41,41,40,42,41,41
1775547688.1430,40,42,41,41,40,39,41,41,40,42,41,41
1775547688.3435,40,42,41,41,40,39,41,41,40,42,41,41
1775547688.5437,40,42,41,41,40,39,41,41,40,42,41,41
1775547688.7440,41,42,41,41,40,39,41,41,40,42,41,41
1775547688.9444,40,42,41,41,40,39,41,41,40,41,41,41
1775547689.1454,40,42,41,41,40,39,41,41,40,41,41,41
1775547689.3458,41,42,41,41,40,39,41,41,40,41,41,41
1775547689.5460,40,42,41,41,40,39,41,41,40,42,41,41
1775547689.7463,40,42,41,41,40,39,41,41,41,42,41,41
1775547689.9466,40,42,41,41,40,39,41,41,40,42,41,41
1775547690.1468,40,42,41,41,40,39,41,41,40,41,41,41
1775547690.3471,40,42,41,41,40,39,41,41,40,42,41,41
1775547690.5474,40,42,41,41,40,39,41,41,40,42,41,41
1775547690.7476,40,42,41,41,40,39,41,41,40,42,41,41
1775547690.9479,40,42,41,41,40,39,41,41,41,42,41,41
1775547691.1490,40,42,41,41,40,39,41,41,41,41,41,41
1775547691.3493,41,42,41,41,40,39,41,41,40,42,41,41
1775547691.5496,40,42,41,41,40,39,41,41,40,42,41,41
1775547691.7498,41,42,41,41,40,39,41,41,40,42,41,41
1775547691.9501,40,42,41,41,40,39,41,41,40,42,41,41
1775547692.1503,40,42,41,41,40,39,41,41,40,42,41,41
1775547692.3513,40,42,41,41,40,39,41,41,40,41,41,41
1775547692.5517,40,42,41,41,40,39,41,41,40,42,41,41
1775547692.7521,40,42,41,41,40,39,41,41,41,42,41,41
1775547692.9523,40,42,41,41,40,39,41,41,40,42,41,41
1775547693.1526,40,42,41,41,40,39,41,41,40,42,41,41
1775547693.3529,41,42,41,41,40,39,41,41,40,42,41,41
1775547693.5531,40,42,41,41,40,39,41,41,40,42,41,41
1775547693.7542,40,42,41,41,40,39,41,41,40,42,41,41
1775547693.9545,40,42,41,41,40,39,41,41,40,42,41,41
1775547694.1548,41,42,41,41,40,39,41,41,41,42,41,41
1775547694.3550,40,42,41,41,40,39,41,41,40,42,41,41
1775547694.5553,41,42,41,41,40,39,41,41,40,42,41,41
1775547694.7557,41,42,41,41,40,39,41,41,41,42,41,41
1775547694.9562,40,42,41,41,40,39,41,41,41,42,41,41
1775547695.1571,41,42,41,41,40,39,41,41,40,42,41,41
1775547695.3573,41,42,41,41,40,39,41,41,40,42,41,41
1775547695.5576,40,42,41,41,40,39,41,41,40,42,41,41
1775547695.7581,40,42,41,41,40,39,41,41,41,42,41,41
1775547695.9585,40,42,41,41,40,39,41,41,41,41,41,41
1775547696.1590,41,42,41,41,40,39,41,41,40,42,41,41
1775547696.3594,40,42,41,41,40,39,41,41,40,42,41,41
1775547696.5602,40,42,41,41,40,39,41,41,40,41,41,41
1775547696.7605,41,42,41,41,40,39,41,41,40,42,41,41
1775547696.9607,40,42,41,41,40,39,41,41,40,41,41,41
1775547697.1610,40,42,41,41,40,39,41,41,41,42,41,41
1775547697.3613,40,42,41,41,40,39,41,41,40,41,41,41
1775547697.5618,40,42,41,41,40,39,41,41,40,42,41,41
1775547697.7622,40,42,41,41,40,39,41,41,40,42,41,41
1775547697.9624,40,42,41,41,40,39,41,41,40,42,41,41
1775547698.1627,40,42,41,41,40,39,41,41,40,42,41,41
1775547698.3629,40,42,41,41,40,39,41,41,40,41,41,41
1775547698.5632,40,42,41,41,40,39,41,41,41,42,41,41
1775547698.7635,40,42,41,41,40,39,41,41,40,41,41,41
1775547698.9638,40,42,41,41,40,39,41,41,40,42,41,41
1775547699.1640,41,42,41,41,40,39,41,41,40,42,41,41
1775547699.3643,40,42,41,41,40,39,41,41,40,42,41,41
1775547699.5645,40,42,41,41,40,39,41,41,40,42,41,41
1775547699.7649,40,42,41,41,40,39,41,41,40,42,41,41
1775547699.9653,40,42,41,41,40,39,41,41,40,41,41,41
1775547700.1657,40,42,41,41,40,39,41,41,41,41,41,41
1775547700.3670,40,42,41,41,40,39,41,41,40,42,41,41
1775547700.5675,40,42,41,41,40,39,41,41,40,42,41,41
1775547700.7679,40,42,41,41,40,39,41,41,41,42,41,41
1775547700.9681,40,42,41,41,40,39,41,41,41,42,41,41
1775547701.1684,40,42,41,41,40,39,41,41,40,42,41,41
1775547701.3687,40,42,41,41,40,39,41,41,41,42,41,41
1775547701.5691,40,42,41,41,40,39,41,41,40,42,41,41
1775547701.7695,40,42,41,41,40,39,41,41,40,42,41,41
1775547701.9698,40,42,41,41,40,39,41,41,40,42,41,41
1775547702.1700,40,42,41,41,40,39,41,41,40,42,41,41
1775547702.3703,40,42,41,41,40,39,41,41,40,42,41,41
1775547702.5717,40,42,41,41,40,39,41,41,41,42,41,41
1775547702.7720,40,42,41,41,40,39,41,41,40,42,41,41
1775547702.9726,40,42,41,41,40,39,41,41,40,42,41,41
1775547703.1728,41,42,41,41,40,39,41,41,40,42,41,41
1775547703.3731,40,42,41,41,40,39,41,41,41,42,41,41
1775547703.5734,41,42,41,41,40,39,41,41,41,41,41,41
1775547703.7736,40,42,41,41,40,39,41,41,40,42,41,41
1775547703.9739,40,42,41,41,40,39,41,41,40,42,41,41
1775547704.1741,40,42,41,41,40,39,41,41,40,42,41,41
1775547704.3743,40,42,41,41,40,39,41,41,40,42,41,41
1775547704.5746,40,42,41,41,40,39,41,41,41,42,41,41
1775547704.7750,40,42,41,41,40,39,41,41,41,41,41,41
1775547704.9752,41,42,41,41,40,39,41,41,40,42,41,41
1775547705.1759,40,42,41,41,40,39,41,41,41,42,41,41
1775547705.3762,40,42,41,41,40,39,41,41,40,42,41,41
1775547705.5764,40,42,41,41,40,39,41,41,41,42,41,41
1775547705.7767,40,42,41,41,40,39,41,41,40,42,41,41
1775547705.9772,40,42,41,41,40,39,41,41,41,41,41,41
1775547706.1776,40,42,41,41,40,39,41,41,41,42,41,41
1775547706.3780,40,42,41,41,40,39,41,41,40,42,41,41
1775547706.5782,40,42,41,41,40,39,41,41,41,42,41,41
1775547706.7787,40,42,41,41,40,39,41,41,41,42,41,41
1775547706.9789,40,42,41,41,40,39,41,41,41,42,41,41
1775547707.1794,40,42,41,41,40,39,41,41,41,42,41,41
1775547707.3797,40,42,41,41,40,39,41,41,40,42,41,41
1775547707.5799,40,42,41,41,40,39,41,41,40,42,41,41
1775547707.7802,40,42,41,41,40,39,41,41,40,42,41,41
1775547707.9805,40,42,41,41,40,39,41,41,40,42,41,41
1775547708.1807,40,42,41,41,40,39,41,41,41,42,41,41
1775547708.3810,41,42,41,41,40,39,41,41,40,42,41,41
1775547708.5813,40,42,41,41,40,39,41,41,40,41,41,41
1775547708.7815,41,42,41,41,40,39,41,41,40,42,41,41
1775547708.9818,40,42,41,41,40,39,41,41,41,42,41,41
1775547709.1824,40,42,41,41,40,39,41,41,41,42,41,41
1775547709.3827,40,42,41,41,40,39,41,41,40,42,41,41
1775547709.5828,40,42,41,41,40,39,41,41,41,42,41,41
1775547709.7831,40,42,41,41,40,39,41,41,41,42,41,41
1775547709.9834,40,42,41,41,40,39,41,41,40,42,41,41
1775547710.1837,40,42,41,41,40,39,41,41,41,42,41,41
1775547710.3840,41,42,41,41,40,39,41,41,41,42,41,41
1775547710.5843,41,42,41,41,40,39,41,41,41,42,41,41
1775547710.7847,40,42,41,41,40,39,41,41,41,42,41,41
1775547710.9850,41,42,41,41,40,39,41,41,41,42,41,41
1775547711.1857,41,42,41,41,40,39,41,41,41,42,41,41
1775547711.3861,40,42,41,41,40,39,41,41,41,42,41,41
1775547711.5864,40,42,41,41,40,39,41,41,40,42,41,41
1775547711.7867,41,42,41,41,40,39,41,41,41,42,41,41
1775547711.9869,40,42,41,41,40,39,41,41,40,42,41,41
1775547712.1872,40,42,41,41,40,39,41,41,40,42,41,41
1775547712.3875,40,42,41,41,40,39,41,41,40,42,41,41
1775547712.5877,40,42,41,41,40,39,41,41,41,42,41,41
1775547712.7880,40,42,41,41,40,39,41,41,41,42,41,41
1775547712.9884,40,42,41,41,40,39,41,41,41,42,41,41
1775547713.1887,40,42,41,41,40,39,41,41,40,42,41,41
1775547713.3889,41,42,41,41,40,39,41,41,40,42,41,41
1775547713.5892,41,42,41,41,40,39,41,41,41,42,41,41
1775547713.7895,41,42,41,41,40,39,41,41,41,42,41,41
1775547713.9901,40,42,41,41,40,39,41,41,40,42,41,41
1775547714.1904,40,42,41,41,40,39,41,41,41,42,41,41
1775547714.3906,40,42,41,41,40,39,41,41,41,42,41,41
1775547714.5913,41,42,41,41,40,39,41,41,41,41,41,41
1775547714.7916,41,42,41,41,40,39,41,41,41,42,41,41
1775547714.9918,41,42,41,41,40,39,41,41,41,42,41,41
1775547715.1921,41,42,41,41,40,39,41,41,41,42,41,41
1775547715.3923,41,42,41,41,40,39,41,41,40,42,41,41
1775547715.5929,40,42,41,41,40,39,41,41,41,42,41,41
1775547715.7933,40,42,41,41,40,39,41,41,40,42,41,41
1775547715.9936,41,42,41,41,40,39,41,41,40,42,41,41
1775547716.1938,41,42,41,41,40,39,41,41,41,42,41,41
1775547716.3941,41,42,41,41,40,39,41,41,40,42,41,41
1775547716.5944,41,42,41,41,40,39,41,41,41,42,41,41
1775547716.7948,40,42,41,41,40,39,41,41,41,42,41,41
1775547716.9950,40,42,41,41,40,39,41,41,40,42,41,41
1775547717.1954,41,42,41,41,40,39,41,41,41,42,41,41
1775547717.3956,40,42,41,41,40,39,41,42,40,42,41,41
1775547717.5959,40,42,41,41,40,39,41,41,40,42,41,41
1775547717.7962,40,42,41,41,40,39,41,41,41,42,41,41
1775547717.9964,40,42,41,41,40,39,41,42,40,42,41,41
1775547718.1967,41,42,41,41,40,39,41,41,40,42,41,41
1775547718.3973,40,42,41,41,40,39,41,41,41,42,41,41
1775547718.5978,41,42,41,41,40,39,41,41,40,42,41,41
1775547718.7982,40,42,41,41,40,39,41,42,41,42,41,41
1775547718.9987,40,42,41,41,40,39,41,41,41,42,41,41
1775547719.1989,40,42,41,41,40,39,41,41,41,42,41,41
1775547719.3995,40,42,41,41,40,39,41,42,40,42,41,41
1775547719.5998,41,42,41,41,40,39,41,41,41,42,41,41
1775547719.8000,41,42,41,41,40,39,41,41,40,42,41,41
1775547720.0005,41,42,41,41,40,39,41,41,41,42,41,41
1775547720.2007,40,42,41,41,40,39,41,41,40,42,41,41
1775547720.4010,41,42,41,41,40,39,41,41,40,42,41,41
1775547720.6013,40,42,41,41,40,39,41,41,40,42,41,41
1775547720.8015,41,42,41,41,40,39,41,41,40,42,41,41
1775547721.0019,41,42,41,41,40,39,41,41,41,42,41,41
1775547721.2022,40,42,41,41,40,39,41,41,41,42,41,41
1775547721.4024,40,42,41,41,40,39,41,41,40,42,41,41
1775547721.6027,41,42,41,41,40,39,41,41,41,42,41,41
1775547721.8030,41,42,41,41,40,39,41,41,41,42,41,41
1775547722.0035,40,42,41,41,40,39,41,41,41,42,41,41
1775547722.2037,40,42,41,41,40,39,41,41,41,41,41,41
1775547722.4040,41,42,41,41,40,39,41,41,41,42,41,41
1775547722.6043,40,42,41,41,40,39,41,41,41,42,41,41
1775547722.8045,40,42,41,41,40,39,41,41,41,42,41,41
1775547723.0049,40,42,41,41,40,39,41,41,40,42,41,41
1775547723.2052,41,42,41,41,40,39,41,41,41,42,41,41
1775547723.4056,41,42,41,41,40,39,41,41,41,42,41,41
1775547723.6059,41,42,41,41,40,39,41,42,40,42,41,41
1775547723.8062,41,42,41,41,40,39,41,41,40,41,41,41
1775547724.0064,40,42,41,41,40,39,41,41,40,42,41,41
1775547724.2069,40,42,41,41,40,39,41,42,40,42,41,41
1775547724.4072,40,42,41,41,40,39,41,41,40,42,41,41
1775547724.6075,41,42,41,41,40,39,41,41,41,42,41,41
1775547724.8077,40,42,41,41,40,39,41,41,41,42,41,41
1775547725.0089,40,42,41,41,40,39,41,41,41,42,41,41
1775547725.2091,40,42,41,41,40,39,41,41,41,42,41,41
1775547725.4094,40,42,41,41,40,39,41,41,41,42,41,41
1775547725.6096,41,42,41,41,40,39,41,41,41,42,41,41
1775547725.8099,41,42,41,41,40,39,41,41,41,42,41,41
1775547726.0102,41,42,41,41,40,39,41,41,41,42,41,41
1775547726.2105,40,42,41,41,40,39,41,41,40,42,41,41
1775547726.4110,40,42,41,41,40,39,41,41,41,42,41,41
1775547726.6114,41,42,41,41,40,39,41,41,40,42,41,41
1775547726.8119,40,42,41,41,40,39,41,41,41,42,41,41
1775547727.0122,40,42,41,41,40,39,41,41,40,42,41,41
1775547727.2130,41,42,41,41,41,39,41,41,40,42,41,41
1775547727.4133,40,42,41,41,40,39,41,41,41,42,41,41
1775547727.6135,40,42,41,41,40,39,41,41,40,42,41,41
1775547727.8139,40,42,41,41,40,39,41,41,41,42,41,41
1775547728.0141,41,42,41,41,40,39,41,41,40,42,41,41
1775547728.2144,40,42,41,41,40,39,41,41,41,42,41,41
1775547728.4146,41,42,41,41,40,39,41,41,41,42,41,41
1775547728.6149,41,42,41,41,40,39,41,41,40,42,41,41
1775547728.8152,41,42,41,41,40,39,41,41,41,41,41,41
1775547729.0156,41,42,41,41,40,39,41,41,41,42,41,41
1775547729.2160,41,42,41,41,40,39,41,42,40,42,41,41
1775547729.4162,41,42,41,41,40,39,41,41,41,42,41,41
1775547729.6165,41,42,41,41,40,39,41,41,41,42,41,41
1775547729.8167,40,42,41,41,40,39,41,41,40,42,41,41
1775547730.0170,41,42,41,41,40,39,41,41,40,42,41,41
1775547730.2173,41,42,41,41,40,39,41,41,40,42,41,41
1775547730.4175,41,42,41,41,40,39,41,41,41,42,41,41
1775547730.6178,40,42,41,41,40,39,41,41,41,42,41,41
1775547730.8181,41,42,41,41,40,39,41,41,40,42,41,41
1775547731.0184,40,42,41,41,40,39,41,41,41,42,41,41
1775547731.2186,40,42,41,41,40,39,41,41,41,42,41,41
1775547731.4192,41,42,41,41,40,39,41,41,41,41,41,41
1775547731.6194,41,42,41,41,40,39,41,41,41,42,41,41
1775547731.8199,41,42,41,41,40,39,41,41,40,42,41,41
1775547732.0202,41,42,41,41,40,39,41,41,40,42,41,41
1775547732.2205,41,42,41,41,40,39,41,41,41,42,41,41
1775547732.4208,40,42,41,41,40,39,41,41,40,42,41,41
1775547732.6211,41,42,41,41,40,39,41,41,41,41,41,41
1775547732.8217,41,42,41,41,40,39,41,41,41,42,41,41
1775547733.0219,41,42,41,41,40,39,41,41,41,42,41,41
1775547733.2221,41,42,41,41,40,39,41,41,41,42,41,41
1775547733.4224,41,42,41,41,40,39,41,41,41,42,41,41
1775547733.6226,41,42,41,41,40,39,41,41,41,42,41,41
1775547733.8229,41,42,41,41,40,39,41,41,41,41,41,41
1775547734.0232,41,42,41,41,40,39,41,41,41,42,41,41
1775547734.2234,41,42,41,41,40,39,41,41,41,42,41,41
1775547734.4238,41,42,41,41,40,39,41,41,41,42,41,41
1775547734.6242,41,42,41,41,40,39,41,41,41,42,41,41
1775547734.8244,41,42,41,41,40,39,41,41,41,42,41,41
1775547735.0247,41,42,41,41,40,39,41,42,41,42,41,41
1775547735.2250,41,42,41,41,40,39,41,41,41,42,41,41
1775547735.4252,41,42,41,41,40,39,41,41,41,42,41,41
1775547735.6255,41,42,41,41,40,39,41,41,41,42,41,41
1775547735.8257,41,42,41,41,40,39,41,42,41,42,41,41
1775547736.0262,41,42,41,41,40,39,41,42,41,42,41,41
1775547736.2264,41,42,41,41,40,39,41,41,41,42,41,41
1775547736.4268,41,42,41,41,40,39,41,42,41,42,41,41
1775547736.6272,41,42,41,41,40,39,41,41,41,42,41,41
1775547736.8275,41,42,41,41,40,39,41,42,41,42,41,41
1775547737.0278,41,42,41,41,40,39,41,41,41,42,41,41
1775547737.2281,41,42,41,41,40,39,41,41,41,42,41,41
1775547737.4283,41,42,41,41,40,39,41,41,40,42,41,41
1775547737.6286,41,42,41,41,41,39,41,42,41,42,41,41
1775547737.8289,41,42,41,41,40,39,41,41,41,42,41,41
1775547738.0293,41,42,41,41,40,39,41,41,41,42,41,41
1775547738.2296,41,42,41,41,40,39,41,42,41,42,41,41
1775547738.4299,41,42,41,41,40,39,41,42,41,42,41,41
1775547738.6301,41,42,41,41,40,39,41,42,41,42,41,41
1775547738.8303,41,42,41,41,40,39,41,41,41,42,41,41
1775547739.0307,41,42,41,41,40,39,41,41,41,42,41,41
1775547739.2309,41,42,41,41,40,39,41,41,41,42,41,41
1775547739.4312,41,42,41,41,40,39,41,42,41,42,41,41
1775547739.6314,41,42,41,41,40,39,41,42,41,42,41,41
1775547739.8317,41,42,41,41,40,39,41,42,41,42,41,41
1775547740.0319,41,42,41,41,40,39,41,42,41,42,41,41
1775547740.2322,41,42,41,41,40,39,41,41,40,42,41,41
1775547740.4326,41,42,41,41,40,39,41,42,41,42,41,41
1775547740.6328,41,42,41,41,40,39,41,42,41,42,41,41
1775547740.8331,41,42,41,41,40,39,41,41,41,42,41,41
1775547741.0334,41,42,41,41,40,39,41,42,41,42,41,41
1775547741.2336,41,42,41,41,40,39,41,41,41,42,41,41
1775547741.4339,41,42,41,41,40,39,41,42,41,42,41,41
1775547741.6341,41,42,41,41,40,39,41,41,41,42,41,41
1775547741.8344,41,42,41,41,40,39,41,41,41,41,41,41
1775547742.0346,41,42,41,41,40,39,41,41,41,42,41,41
1775547742.2350,41,42,41,41,41,39,41,41,41,42,41,41
1775547742.4352,41,42,41,41,41,39,41,42,41,42,41,41
1775547742.6355,41,42,41,41,41,39,41,41,41,42,41,41
1775547742.8358,41,42,41,41,40,39,41,41,41,42,41,41
1775547743.0360,41,42,41,41,41,39,41,41,41,42,41,41
1775547743.2363,41,42,41,41,40,39,41,41,41,42,41,41
1775547743.4370,41,42,41,41,41,39,41,42,40,42,41,41
1775547743.6374,41,42,41,41,40,39,41,41,41,42,41,41
1775547743.8377,41,42,41,41,40,39,41,42,41,42,41,41
1775547744.0380,41,42,41,41,40,39,41,41,41,42,41,41
1775547744.2381,41,42,41,41,40,39,41,42,41,42,41,41
1775547744.4387,41,42,41,41,40,39,41,41,41,42,41,41
1775547744.6391,41,42,41,41,40,39,41,42,41,42,41,41
1775547744.8393,41,42,41,41,41,39,41,42,41,42,41,41
1775547745.0397,41,42,41,41,40,39,41,41,41,41,41,41
1775547745.2399,41,42,41,41,41,39,41,41,41,42,41,41
1775547745.4403,41,42,41,41,40,39,41,41,41,42,41,41
1775547745.6406,41,42,41,41,40,39,41,42,41,42,41,41
1775547745.8409,41,42,41,41,40,39,41,42,41,42,41,41
1775547746.0412,41,42,41,41,40,39,41,42,41,42,41,41
1775547746.2417,41,42,41,41,41,39,41,41,41,42,41,41
1775547746.4423,41,42,41,41,41,39,41,42,41,42,41,41
1775547746.6428,41,42,41,41,41,39,41,42,41,42,41,41
1775547746.8432,41,42,41,41,41,39,41,42,41,42,41,41
1775547747.0435,41,42,41,41,40,39,41,42,41,42,41,41
1775547747.2437,41,42,41,41,40,39,41,41,41,42,41,41
1775547747.4440,41,42,41,41,40,39,41,42,41,42,41,41
1775547747.6449,41,42,41,41,40,39,41,42,41,42,41,41
1775547747.8451,41,42,41,41,41,39,41,42,41,41,41,41
1775547748.0457,41,42,41,41,40,39,41,42,41,42,41,41
1775547748.2464,41,42,41,41,40,39,41,42,41,41,41,41
1775547748.4470,41,42,41,41,40,39,41,42,41,42,41,41
1775547748.6474,41,42,41,41,40,39,41,42,41,42,41,41
1775547748.8476,41,42,41,41,40,39,41,41,40,42,41,41
1775547749.0482,41,42,41,41,41,39,41,42,41,42,41,41
1775547749.2484,41,42,41,41,40,39,41,42,41,42,41,41
1775547749.4488,41,42,41,41,40,39,41,42,41,42,41,41
1775547749.6491,41,42,41,41,40,39,41,42,41,42,41,41
1775547749.8496,41,42,41,41,41,39,41,41,41,42,41,41
1775547750.0499,41,42,41,41,41,39,41,42,41,42,41,41
1775547750.2501,41,42,41,41,40,39,41,42,41,42,41,41
1775547750.4504,41,42,41,41,41,39,41,41,41,42,41,41
1775547750.6507,41,42,41,41,40,39,41,42,41,42,41,41
1775547750.8511,41,42,41,41,40,39,41,42,41,42,41,41
1775547751.0515,41,42,41,41,41,39,41,42,41,42,41,41
1775547751.2519,41,42,41,41,40,39,41,41,41,42,41,41
1775547751.4522,41,42,41,41,41,39,42,42,41,42,41,41
1775547751.6524,41,42,41,41,41,39,41,41,41,42,41,41
1775547751.8527,41,42,41,41,40,39,41,42,41,42,41,41
1775547752.0529,41,42,41,41,40,39,41,42,41,42,41,41
1775547752.2532,41,42,41,41,41,39,41,42,41,42,41,41
1775547752.4534,41,42,41,41,41,39,41,41,41,42,41,41
1775547752.6537,41,42,41,41,40,39,42,41,41,42,41,41
1775547752.8540,41,42,41,41,41,39,41,41,41,42,41,41
1775547753.0541,41,42,41,41,41,39,42,42,41,42,41,41
1775547753.2542,41,42,41,41,40,39,41,42,41,42,41,41
1775547753.4544,41,42,41,41,40,39,41,42,41,42,41,41
1775547753.6547,41,42,41,41,41,39,41,42,41,42,41,41
1775547753.8550,41,42,41,41,40,39,41,42,41,42,41,41
1775547754.0554,41,42,41,41,40,39,41,42,41,42,41,41
1775547754.2557,41,42,41,41,41,39,41,42,41,42,41,41
1775547754.4560,41,42,41,41,41,39,41,41,41,42,41,41
1775547754.6562,41,42,41,41,41,39,42,42,41,42,41,41
1775547754.8567,41,42,41,41,41,39,41,42,41,42,41,41
1775547755.0570,41,42,41,41,40,39,41,42,41,42,41,41
1775547755.2573,41,42,41,41,41,39,41,42,41,42,41,41
1775547755.4576,41,42,41,41,40,39,42,41,41,41,41,41
1775547755.6581,41,42,41,41,41,39,41,42,41,42,41,41
1775547755.8587,41,42,41,41,40,39,41,41,41,42,41,41
1775547756.0589,41,42,41,41,41,39,42,42,41,42,41,41
1775547756.2592,41,42,41,41,41,39,41,42,41,42,41,41
1775547756.4595,41,42,41,41,41,39,41,42,41,42,41,41
1775547756.6598,41,42,41,41,41,39,41,42,41,42,41,41
1775547756.8600,41,42,41,41,41,39,41,41,41,42,41,41
1775547757.0603,41,42,41,41,41,39,41,42,41,42,41,41
1775547757.2606,41,42,41,41,41,39,41,42,41,42,41,41
1775547757.4609,41,42,41,41,41,39,41,42,41,42,41,41
1775547757.6615,41,42,41,41,41,39,41,42,41,42,41,41
1775547757.8620,41,42,41,41,40,39,42,42,41,42,41,41
1775547758.0626,41,42,41,41,41,39,41,42,41,41,41,41
1775547758.2630,41,42,41,41,41,39,41,42,41,42,41,41
1775547758.4637,41,42,41,41,40,39,41,41,41,42,41,41
1775547758.6643,41,42,41,41,40,39,41,42,41,42,41,41
1775547758.8647,41,42,41,41,40,39,41,42,41,42,41,41
1775547759.0654,41,42,41,41,41,39,42,42,41,42,41,41
1775547759.2659,41,42,41,41,41,39,41,42,41,42,41,41
1775547759.4662,41,42,41,41,41,39,41,42,41,42,41,41
1775547759.6666,41,42,41,41,41,39,41,42,41,42,41,41
1775547759.8670,41,42,41,41,40,39,41,42,41,42,41,41
1775547760.0672,41,42,41,41,41,39,41,42,41,42,41,41
1775547760.2678,41,42,41,41,41,39,41,42,41,42,41,41
1775547760.4681,41,42,41,41,41,39,41,41,41,42,41,41
1775547760.6687,41,42,41,41,41,39,42,42,41,42,41,41
1775547760.8690,41,42,41,41,40,39,41,42,41,42,41,41
1775547761.0693,41,42,41,41,41,39,41,42,41,42,41,41
1775547761.2696,41,42,41,41,40,39,41,42,41,42,41,41
1775547761.4698,41,42,41,41,41,39,41,42,41,42,41,41
1775547761.6701,41,42,41,41,40,39,41,42,41,42,41,41
1775547761.8703,41,42,41,41,41,39,41,42,41,42,41,41
1775547762.0706,41,42,41,41,41,39,41,42,41,42,41,41
1775547762.2713,41,42,41,41,40,39,41,41,41,42,41,41
1775547762.4716,41,42,41,41,41,39,42,42,41,42,41,41
1775547762.6719,41,42,41,41,41,39,41,42,41,42,41,41
1775547762.8721,41,42,41,41,41,39,41,42,41,42,41,41
1775547763.0727,41,42,41,41,41,39,41,42,41,42,41,41
1775547763.2730,41,42,41,41,40,39,42,42,41,42,41,41
1775547763.4734,41,42,41,41,41,39,42,42,41,42,41,41
1775547763.6736,41,42,41,41,41,39,41,42,41,42,41,41
1775547763.8739,41,42,41,41,41,39,41,42,41,42,41,41
1775547764.0744,41,42,41,41,41,39,41,42,41,42,41,41
1775547764.2747,41,42,41,41,41,39,41,42,41,42,41,41
1775547764.4749,41,42,41,41,41,39,41,42,41,42,41,41
1775547764.6755,41,42,41,41,41,39,42,42,41,42,41,41
1775547764.8759,41,42,41,41,41,39,41,42,41,42,41,41
1775547765.0761,41,42,41,41,40,39,42,42,41,42,41,41
1775547765.2764,41,42,41,41,41,39,41,42,41,42,41,41
1775547765.4765,41,42,41,41,40,39,42,42,41,42,41,41
1775547765.6768,41,42,41,41,41,39,41,42,41,42,41,41
1775547765.8770,41,42,41,41,41,39,42,42,41,42,41,41
1775547766.0775,41,42,41,41,41,39,42,42,41,42,41,41
1775547766.2777,41,42,41,41,41,39,41,42,41,42,41,41
1775547766.4780,41,42,41,41,40,39,42,42,41,42,41,41
1775547766.6782,41,42,41,41,40,39,41,42,41,42,41,41
1775547766.8785,41,42,41,41,41,39,42,42,41,42,41,41
1775547767.0786,41,42,41,41,41,39,41,42,41,42,41,41
1775547767.2789,41,42,41,41,40,39,41,42,41,42,41,41
1775547767.4791,41,42,41,41,40,39,42,42,41,42,41,41
1775547767.6797,41,42,41,41,41,39,41,42,41,42,41,41
1775547767.8799,41,42,41,41,41,39,41,42,41,42,41,41
1775547768.0802,41,42,41,41,41,39,42,42,41,42,41,41
1775547768.2807,41,42,41,41,41,39,42,42,41,42,41,41
1775547768.4810,41,42,41,41,41,39,41,42,41,42,41,41
1775547768.6814,41,42,41,41,41,39,42,42,41,42,41,41
1775547768.8817,41,42,41,41,41,39,41,42,41,42,41,41
1775547769.0821,41,42,41,41,41,39,41,42,41,42,41,41
1775547769.2824,41,42,41,41,41,39,42,42,41,42,41,41
1775547769.4826,41,42,41,41,41,39,42,42,41,42,41,41
1775547769.6830,41,42,41,41,41,39,42,42,41,42,41,41
1775547769.8840,41,42,41,41,41,39,41,42,41,42,41,41
1775547770.0843,41,42,41,41,41,39,42,42,41,42,41,41
1775547770.2846,41,42,41,41,41,39,42,42,41,42,41,41
1775547770.4849,41,42,41,41,41,39,42,42,41,42,41,41
1775547770.6856,41,42,41,41,41,39,42,42,41,42,41,41
1775547770.8862,41,42,41,41,41,39,42,42,41,42,41,41
1775547771.0864,41,42,41,41,41,39,41,42,41,42,41,41
1775547771.2867,41,42,41,41,41,39,42,42,41,42,41,41
1775547771.4871,41,42,41,41,40,39,41,42,41,42,41,41
1775547771.6875,41,42,41,41,40,39,41,42,41,42,41,41
1775547771.8878,41,42,41,41,41,39,42,42,41,42,41,41
1775547772.0880,41,42,41,41,41,39,41,42,41,42,41,41
1775547772.2883,41,42,41,41,41,39,42,42,41,42,41,41
1775547772.4885,41,42,41,41,41,39,41,42,41,42,41,41
1775547772.6889,41,42,41,41,40,39,42,42,41,42,41,41
1775547772.8892,41,42,41,41,41,39,41,42,41,42,41,41
1775547773.0894,41,42,41,41,41,39,41,42,41,42,41,41
1775547773.2897,41,42,41,41,41,39,42,42,41,42,41,41
1775547773.4899,41,42,41,41,41,39,42,42,41,42,41,41
1775547773.6902,41,42,41,41,41,39,42,42,41,42,41,41
1775547773.8904,41,42,41,41,41,39,42,42,41,42,41,41
1775547774.0909,41,42,41,41,41,39,42,42,41,42,41,41
1775547774.2911,41,42,41,41,41,39,42,42,41,42,41,41
1775547774.4914,41,42,41,41,41,39,42,42,41,42,41,41
1775547774.6917,41,42,41,41,41,39,42,42,41,42,41,41
1775547774.8920,41,42,41,41,41,39,41,42,41,42,41,41
1775547775.0923,41,42,41,41,40,39,42,42,41,42,41,41
1775547775.2926,41,42,41,41,41,39,41,42,41,42,41,41
1775547775.4935,41,42,41,41,41,39,42,42,41,42,41,41
1775547775.6942,41,42,41,41,41,39,42,42,41,42,41,41
1775547775.8945,41,42,41,41,41,39,41,42,41,42,41,41
1775547776.0949,41,42,41,41,41,39,41,42,41,41,41,41
1775547776.2954,41,42,41,41,41,39,42,42,41,42,41,41
1775547776.4960,41,42,41,41,41,39,42,42,41,42,41,41
1775547776.6963,41,42,41,41,41,39,41,42,41,42,41,41
1775547776.8969,41,42,41,41,41,39,41,42,41,42,41,41
1775547777.0976,41,42,41,41,41,39,42,42,41,42,41,41
1775547777.2979,41,42,41,41,40,39,42,42,41,42,41,41
1775547777.4981,41,42,41,41,41,39,42,42,41,42,41,41
1775547777.6983,41,42,41,41,41,39,42,42,41,42,41,41
1775547777.8986,41,42,41,41,41,39,42,42,41,42,41,41
1775547778.0992,41,42,41,41,41,39,42,42,41,42,41,41
1775547778.2995,41,42,41,41,41,39,42,42,41,42,41,41
1775547778.4998,41,42,41,41,41,39,42,42,41,42,41,41
1775547778.7000,41,42,41,41,41,39,42,42,41,42,41,41
1775547778.9004,41,42,41,41,41,39,42,42,41,42,41,41
1775547779.1008,41,42,41,41,41,39,42,42,41,42,41,41
1775547779.3010,41,42,41,41,40,39,42,42,41,42,41,41
1775547779.5014,41,42,41,41,41,39,42,42,41,42,41,41
1775547779.7016,41,42,41,41,41,39,41,42,41,42,41,41
1775547779.9019,41,42,41,41,41,39,41,42,41,42,41,41
1775547780.1021,41,42,41,41,41,39,41,42,41,42,41,41
1775547780.3024,41,42,41,41,41,39,41,42,41,42,41,41
1775547780.5026,41,42,41,41,41,39,41,42,41,42,41,41
1775547780.7031,41,42,41,41,40,39,42,42,41,42,41,41
1775547780.9033,41,42,41,41,41,39,42,42,41,42,41,41
1775547781.1037,41,42,41,41,40,39,42,42,41,42,41,41
1775547781.3039,41,42,41,41,41,39,41,42,41,42,41,41
1775547781.5043,41,42,41,41,41,39,42,42,41,42,41,41
1775547781.7046,41,42,41,41,40,39,42,42,41,42,41,41
1775547781.9051,41,42,41,41,41,39,41,42,41,42,41,41
1775547782.1054,41,42,41,41,40,39,42,42,41,42,41,41
1775547782.3057,41,42,41,41,41,39,41,42,41,42,41,41
1775547782.5059,41,42,41,41,41,39,42,42,41,42,41,41
1775547782.7060,41,42,41,41,41,39,41,42,41,42,41,41
1775547782.9065,41,42,41,41,41,39,42,42,41,42,41,41
1775547783.1070,41,42,41,41,41,39,42,42,41,42,41,41
1775547783.3073,41,42,41,41,41,39,42,42,41,42,41,41
1775547783.5076,41,42,41,41,41,39,42,42,41,42,41,41
1775547783.7082,41,42,41,41,41,39,42,42,41,42,41,41
1775547783.9089,41,42,41,41,41,39,42,42,41,42,41,41
1775547784.1091,41,42,41,41,41,39,42,42,41,42,41,41
1775547784.3094,41,42,41,41,41,39,41,42,41,42,41,41
1775547784.5096,41,42,41,41,41,39,42,42,41,42,41,41
1775547784.7099,41,42,41,41,41,39,42,42,41,42,41,41
1775547784.9101,41,42,41,41,41,39,42,42,41,42,41,41
1775547785.1104,41,42,41,41,41,39,42,42,41,42,41,41
1775547785.3106,41,42,41,41,41,39,42,42,41,42,41,41
1775547785.5109,41,42,41,41,41,39,42,42,41,42,41,41
1775547785.7111,41,42,41,41,41,39,42,42,41,42,41,41
1775547785.9114,41,42,41,41,41,39,42,42,41,42,41,41
1775547786.1122,41,42,41,41,41,39,41,42,41,42,41,41
1775547786.3124,41,42,41,41,41,39,42,42,41,42,41,41
1775547786.5127,41,42,41,41,40,39,42,42,41,42,41,41
1775547786.7129,41,42,41,41,41,39,42,42,41,42,41,41
1775547786.9132,41,42,41,41,41,39,42,42,41,42,41,41
1775547787.1135,41,42,41,41,41,39,41,42,41,42,41,41
1775547787.3138,41,42,41,41,41,39,42,42,41,42,41,41
1775547787.5145,41,42,41,41,41,39,42,42,41,42,41,41
1775547787.7149,41,42,41,41,41,39,42,42,41,42,41,41
1775547787.9154,41,42,41,41,41,39,42,42,41,42,41,41
1775547788.1157,41,42,41,41,41,39,42,42,41,42,41,41
1775547788.3161,41,42,41,41,41,39,41,42,41,42,41,41
1775547788.5163,41,42,41,41,41,39,41,42,41,42,41,41
1775547788.7171,41,42,41,41,41,39,42,42,41,42,41,41
1775547788.9173,41,42,41,41,41,39,42,42,41,42,41,41
1775547789.1176,41,42,41,41,41,39,42,42,41,42,41,41
1775547789.3180,41,42,41,41,41,39,42,42,41,42,41,41
1775547789.5183,41,42,41,41,41,39,41,42,41,42,41,41
1775547789.7185,41,42,41,41,41,39,42,42,41,42,41,41
1775547789.9188,41,42,41,41,41,39,42,42,41,42,41,41
1775547790.1191,41,42,41,41,41,39,42,42,41,42,41,41
1775547790.3193,41,42,41,41,41,39,41,42,41,42,41,41
1775547790.5197,41,42,41,41,41,39,41,42,41,42,41,41
1775547790.7203,41,42,41,41,41,39,42,42,41,42,41,41
1775547790.9206,41,42,41,41,41,39,42,42,41,42,41,41
1775547791.1208,41,42,41,41,41,39,41,42,41,42,41,41
1775547791.3211,41,42,41,41,41,39,42,42,41,42,41,41
1775547791.5213,41,42,41,41,41,39,41,42,41,42,41,41
1775547791.7217,41,42,41,41,41,39,42,42,41,42,41,41
1775547791.9219,41,42,41,41,41,39,42,42,41,42,41,41
1775547792.1221,41,42,41,41,41,39,42,42,41,42,41,41
1775547792.3223,41,42,41,41,41,39,42,42,41,42,41,41
1775547792.5232,41,42,41,41,41,39,42,42,41,42,41,41
1775547792.7239,41,42,41,41,41,39,41,42,41,42,41,41
1775547792.9241,41,42,41,41,41,39,42,42,41,42,41,41
1775547793.1247,41,42,41,41,41,39,42,42,41,42,41,41
1775547793.3250,41,42,41,41,40,39,42,42,41,42,41,41
1775547793.5253,41,42,41,41,41,39,42,42,41,42,41,41
1775547793.7258,41,42,41,41,41,39,42,42,41,42,41,41
1775547793.9261,41,42,41,41,41,39,41,42,41,42,41,41
1775547794.1269,41,42,41,41,41,39,41,42,41,42,41,41
1775547794.3273,41,42,41,41,41,39,42,42,41,42,41,41
1775547794.5277,41,42,41,41,41,39,42,42,41,42,41,41
1775547794.7281,41,42,41,41,40,39,42,42,41,42,41,41
1775547794.9287,41,42,41,41,41,39,42,42,41,42,41,41
1775547795.1293,41,42,41,41,40,39,42,42,41,42,41,41
1775547795.3295,41,42,41,41,41,39,42,42,41,42,41,41
1775547795.5298,41,42,41,41,41,39,41,42,41,42,41,41
1775547795.7305,41,42,41,41,41,39,42,42,41,42,41,41
1775547795.9310,41,42,41,41,41,39,42,42,41,42,41,41
1775547796.1313,41,42,41,41,41,39,42,42,41,42,41,41
1775547796.3315,41,42,41,41,41,39,42,42,41,42,41,41
1775547796.5318,41,42,41,41,41,39,41,42,41,42,41,41
1775547796.7320,41,42,41,41,41,39,42,42,41,42,41,41
1775547796.9323,41,42,41,41,41,39,42,42,41,42,41,41
1775547797.1325,41,42,41,41,41,39,42,42,41,42,41,41
1775547797.3328,41,42,41,41,41,39,41,42,41,42,41,41
1775547797.5333,41,42,41,41,41,39,42,42,41,42,41,41
1775547797.7337,41,42,41,41,41,39,42,42,41,42,41,41
1775547797.9340,41,42,41,41,41,39,42,42,41,42,41,41
1775547798.1344,41,42,41,41,41,39,42,42,41,42,41,41
1775547798.3347,41,42,41,41,41,39,41,42,41,42,41,41
1775547798.5350,41,42,41,41,41,39,42,42,41,42,41,41
1775547798.7355,41,42,41,41,41,39,42,42,41,42,41,41
1775547798.9362,41,42,41,41,41,39,42,42,41,42,41,41
1775547799.1367,41,42,41,41,41,39,42,42,41,42,41,41
1775547799.3370,41,42,41,41,41,39,41,42,41,42,41,41
1775547799.5373,41,42,41,41,41,39,42,42,41,42,41,41
1775547799.7375,41,42,41,41,41,39,41,42,41,42,41,41
1775547799.9378,41,42,41,41,41,39,42,42,41,42,41,41
1775547800.1381,41,42,41,41,41,39,42,42,41,42,41,41
1775547800.3385,41,42,41,41,41,39,41,42,41,42,41,41
1775547800.5390,41,42,41,41,41,39,42,42,41,42,41,41
1775547800.7393,41,42,41,41,41,39,42,42,41,42,41,41
1775547800.9396,41,42,41,41,41,39,42,42,41,42,41,41
1775547801.1402,41,42,41,41,41,39,42,42,41,42,41,41
1775547801.3416,41,42,41,41,41,39,42,42,41,42,41,41
1775547801.5422,41,42,41,41,41,39,42,42,41,42,41,41
1775547801.7425,41,42,41,41,41,39,42,42,41,42,41,41
1775547801.9428,41,42,41,41,41,39,41,42,41,42,41,41
1775547802.1432,41,42,41,41,41,39,42,42,41,42,41,41
1775547802.3434,41,42,41,41,41,39,42,42,41,42,41,41
1775547802.5437,41,42,41,41,41,39,41,42,41,42,41,41
1775547802.7446,41,42,41,41,41,39,42,42,41,42,41,41
1775547802.9449,41,42,41,41,41,39,42,42,41,42,41,41
1775547803.1451,41,42,41,41,41,39,42,42,41,42,41,41
1775547803.3454,41,42,41,41,41,39,42,42,41,42,41,41
1775547803.5458,41,42,41,41,41,39,42,42,41,42,41,41
1775547803.7462,41,42,41,41,41,39,41,42,41,42,41,41
1775547803.9475,41,42,41,41,41,39,42,42,41,42,41,41
1775547804.1480,41,42,41,41,41,39,42,42,41,42,41,41
1775547804.3486,41,42,41,41,41,39,41,42,41,42,41,41
1775547804.5491,41,42,41,41,41,39,42,42,41,42,41,41
1775547804.7497,41,42,41,41,41,39,42,42,41,42,41,41
1775547804.9501,41,42,41,41,40,39,42,42,41,42,41,41
1775547805.1507,41,42,41,41,41,39,42,42,41,42,41,41
1775547805.3515,41,42,41,41,41,39,41,42,41,42,41,41
1775547805.5521,41,42,41,41,41,39,42,42,41,42,41,41
1775547805.7527,41,42,41,41,41,39,41,42,41,42,41,41
1775547805.9530,41,42,41,41,41,39,41,42,41,42,41,41
1775547806.1534,41,42,41,41,41,39,42,42,41,42,41,41
1775547806.3537,41,42,41,41,41,39,42,42,41,42,41,41
1775547806.5539,41,42,41,41,41,39,42,42,41,42,41,41
1775547806.7542,41,42,41,41,41,39,42,42,41,42,41,41
1775547806.9545,41,42,41,41,41,39,41,42,41,42,41,41
1775547807.1547,41,42,41,41,41,39,42,42,41,42,41,41
1775547807.3555,41,42,41,41,41,39,42,42,41,42,41,41
1775547807.5557,41,42,41,41,41,39,42,42,41,42,41,41
1775547807.7560,41,42,41,41,41,39,42,42,41,42,41,41
1775547807.9562,41,42,41,41,41,39,42,42,41,42,41,41
1775547808.1565,41,42,41,41,41,39,42,42,41,42,41,41
1775547808.3579,41,42,41,41,41,39,42,42,41,42,41,41
1775547808.5582,41,42,41,41,41,39,42,42,41,42,41,41
1775547808.7584,41,42,41,41,41,39,42,42,41,42,41,41
1775547808.9588,41,42,41,41,41,39,42,42,41,42,41,41
1775547809.1591,41,42,41,41,41,39,42,42,41,42,41,41
1775547809.3593,41,42,41,41,41,39,42,42,41,42,41,41
1775547809.5596,41,42,41,41,41,39,42,42,41,42,41,41
1775547809.7599,41,42,41,41,41,39,41,42,41,42,41,41
1775547809.9601,41,42,41,41,40,39,42,42,41,42,41,41
1775547810.1604,41,42,41,41,41,39,42,42,41,42,41,41
1775547810.3606,41,42,41,41,41,39,42,42,41,42,41,41
1775547810.5609,41,42,41,41,41,39,42,42,41,42,41,41
1775547810.7612,41,42,41,41,41,39,42,42,41,42,41,41
1775547810.9617,41,42,41,41,41,39,42,42,41,42,41,41
1775547811.1619,41,42,41,41,41,39,42,42,41,42,41,41
1775547811.3622,41,42,41,41,41,39,42,42,41,42,41,41
1775547811.5626,41,42,41,41,41,39,41,42,41,42,41,41
1775547811.7628,41,42,41,41,41,39,42,42,41,42,41,41
1775547811.9631,41,42,41,41,41,39,41,42,41,42,41,41
1775547812.1633,41,42,41,41,41,39,42,42,41,42,41,41
1775547812.3636,41,42,41,41,41,39,41,42,41,42,41,41
1775547812.5638,41,42,41,41,41,39,42,42,41,42,41,41
1775547812.7641,41,42,41,41,41,39,42,42,41,42,41,41
1775547812.9644,41,42,41,41,41,39,42,42,41,42,41,41
1775547813.1646,41,42,41,41,41,39,42,42,41,42,41,41
1775547813.3650,41,42,41,41,41,39,42,42,41,42,41,41
1775547813.5654,41,42,41,41,41,39,42,42,41,42,41,41
1775547813.7657,41,42,41,41,41,39,42,42,41,42,41,41
1775547813.9660,41,42,41,41,41,39,42,42,41,42,41,41
1775547814.1662,41,42,41,41,41,39,42,42,41,42,41,41
1775547814.3665,41,42,41,41,41,39,42,42,41,42,41,41
1775547814.5667,41,42,41,41,41,39,42,42,41,42,41,41
1775547814.7670,41,42,41,41,41,39,42,42,41,42,41,41
1775547814.9673,41,42,41,41,41,39,42,42,41,42,41,41
1775547815.1679,41,42,41,41,41,39,42,42,41,42,41,41
1775547815.3682,41,42,41,41,41,39,42,42,41,42,41,41
1775547815.5686,41,42,41,41,40,39,42,42,41,42,41,41
1775547815.7690,41,42,41,41,41,39,42,42,41,42,41,41
1775547815.9692,41,42,41,41,41,39,42,42,41,42,41,41
1775547816.1695,41,42,41,41,41,39,42,42,41,42,41,41
1775547816.3697,41,42,41,41,41,39,42,42,41,42,41,41
1775547816.5700,41,42,41,41,41,39,42,42,41,42,41,41
1775547816.7711,41,42,41,41,41,39,42,42,41,42,41,41
1775547816.9714,41,42,41,41,41,39,42,42,41,42,41,41
1775547817.1717,41,42,41,41,41,39,41,42,41,42,41,41
1775547817.3719,41,42,41,41,41,39,42,42,41,42,41,41
1775547817.5722,41,42,41,41,41,39,41,42,41,42,41,41
1775547817.7724,41,42,41,41,41,39,42,42,41,42,41,41
1775547817.9727,41,42,41,41,41,39,42,42,41,42,41,41
1775547818.1730,41,42,41,41,41,39,42,42,41,42,41,41
1775547818.3732,41,42,41,41,40,39,42,42,41,42,41,41
1775547818.5735,41,42,41,41,41,39,42,42,41,42,41,41
1775547818.7740,41,42,41,41,41,39,41,42,41,42,41,41
1775547818.9742,41,42,41,41,41,39,42,42,41,42,41,41
1775547819.1745,41,42,41,41,41,39,42,42,41,42,41,41
1775547819.3747,41,42,41,41,41,39,42,42,41,42,41,41
1775547819.5751,41,42,41,41,41,39,42,42,41,42,41,41
1775547819.7754,41,42,41,41,41,39,42,42,41,42,41,41
1775547819.9757,41,42,41,41,41,39,42,42,41,42,41,41
1775547820.1759,41,42,41,41,41,39,42,42,41,42,41,41
1775547820.3763,41,42,41,41,41,39,42,42,41,42,41,41
1775547820.5765,41,42,41,41,41,39,42,42,41,42,41,41
1775547820.7768,41,42,41,41,41,39,42,42,41,42,41,41
1775547820.9771,41,42,41,41,40,39,42,42,41,42,41,41
1775547821.1774,41,42,41,41,41,39,42,42,41,42,41,41
1775547821.3784,41,42,41,41,41,39,42,42,41,42,41,41
1775547821.5789,41,42,41,41,41,39,42,42,41,42,41,41
1775547821.7792,41,42,41,41,41,39,42,42,41,42,41,41
1775547821.9795,41,42,41,41,41,39,41,42,41,42,41,41
1775547822.1799,41,42,41,41,41,39,42,42,41,42,41,41
1775547822.3803,41,42,41,41,41,39,42,42,41,42,41,41
1775547822.5805,41,42,41,41,41,39,42,42,41,42,41,41
1775547822.7809,41,42,41,41,41,39,42,42,41,42,41,41
1775547822.9816,41,42,41,41,41,39,42,42,41,42,41,41
1775547823.1819,41,42,41,41,41,39,42,42,41,42,41,41
1775547823.3821,41,42,41,41,41,39,42,42,41,42,41,41
1775547823.5824,41,42,41,41,41,39,41,42,41,42,41,41
1775547823.7827,41,42,41,41,41,39,42,42,41,42,41,41
1775547823.9830,41,42,41,41,41,39,42,42,41,42,41,41
1775547824.1833,41,42,41,41,41,39,42,42,41,42,41,41
1775547824.3835,41,42,41,41,41,39,42,42,41,42,41,41
1775547824.5838,41,42,41,41,41,39,42,42,41,42,41,41
1775547824.7840,41,42,41,41,41,39,42,42,41,42,41,41
1775547824.9843,41,42,41,41,41,39,42,42,41,42,41,41
1775547825.1846,41,42,41,41,41,39,42,42,41,42,41,41
1775547825.3848,41,42,41,41,41,39,42,42,41,42,41,41
1775547825.5851,41,42,41,41,41,39,42,42,41,42,41,41
1775547825.7854,41,42,41,41,41,39,42,42,41,42,41,41
1775547825.9857,41,42,41,41,41,39,42,42,41,42,41,41
1775547826.1859,41,42,41,41,41,39,42,42,41,42,41,41
1775547826.3862,41,42,41,41,41,39,42,42,41,42,41,41
1775547826.5864,41,42,41,41,41,39,41,42,41,42,41,41
1775547826.7867,41,42,41,41,40,39,41,42,41,42,41,41
1775547826.9870,41,42,41,41,41,39,41,42,41,42,41,41
1775547827.1872,41,42,41,41,41,39,42,42,41,42,41,41
1775547827.3875,41,42,41,41,41,39,42,42,41,42,41,41
1775547827.5878,41,42,41,41,41,39,42,42,41,42,41,41
1775547827.7880,41,42,41,41,41,39,42,42,41,42,41,41
1775547827.9883,41,42,41,41,41,39,42,42,41,42,41,41
1775547828.1885,41,42,41,41,41,39,42,42,41,42,41,41
1775547828.3889,41,42,41,41,41,39,42,42,41,42,41,41
1775547828.5891,41,42,41,41,41,39,42,42,41,42,41,41
1775547828.7904,41,42,41,41,41,39,42,42,41,42,41,41
1775547828.9908,41,42,41,41,41,39,42,42,41,42,41,41
1775547829.1912,41,42,41,41,41,39,41,42,41,42,41,41
1775547829.3916,41,42,41,41,41,39,42,42,41,42,41,41
1775547829.5919,41,42,41,41,41,39,42,42,41,42,41,41
1775547829.7923,41,42,41,41,41,39,42,42,41,42,41,41
1775547829.9927,41,42,41,41,41,39,42,42,41,42,41,41
1775547830.1929,41,42,41,41,41,39,42,42,41,42,41,41
1775547830.3933,41,42,41,41,41,39,42,42,41,42,41,41
1775547830.5942,41,42,41,41,41,39,42,42,41,42,41,41
1775547830.7949,41,42,41,41,41,39,42,42,41,42,41,41
1775547830.9952,41,42,41,41,41,39,42,42,41,42,41,41
1775547831.1956,41,42,41,41,41,39,42,42,41,42,41,41
1775547831.3960,41,42,41,41,41,39,41,42,41,42,41,41
1775547831.5963,41,42,41,41,41,39,41,42,41,42,41,41
1775547831.7965,41,42,41,41,41,39,42,42,41,42,41,41
1775547831.9968,41,42,41,41,41,39,42,42,41,42,41,41
1775547832.1970,41,42,41,41,41,39,42,42,41,42,41,41
1775547832.3973,41,42,41,41,41,39,42,42,41,42,41,41
1775547832.5976,41,42,41,41,40,39,41,42,41,42,41,41
1775547832.7978,41,42,41,41,41,39,42,42,41,42,41,41
1775547832.9981,41,42,41,41,41,39,42,42,41,42,41,41
1775547833.1984,41,42,41,41,41,39,42,42,41,42,41,41
1775547833.3988,41,42,41,41,41,40,42,42,41,42,41,41
1775547833.5992,41,42,41,41,41,39,42,42,41,42,41,41
1775547833.7997,41,42,41,41,41,39,42,42,41,42,41,41
1775547833.9999,41,42,41,41,41,39,42,42,41,42,41,41
1775547834.2002,41,42,41,41,41,39,41,42,41,42,41,41
1775547834.4004,41,42,41,41,41,39,42,42,41,42,41,41
1775547834.6007,41,42,41,41,41,39,41,42,41,42,41,41
1775547834.8010,41,42,41,41,41,39,41,42,41,42,41,41
1775547835.0013,41,42,41,41,41,39,42,42,41,42,41,41
1775547835.2019,41,42,41,41,41,39,42,42,41,42,41,41
1775547835.4026,41,42,41,41,41,39,41,42,41,42,41,41
1775547835.6032,41,42,41,41,41,39,42,42,41,42,41,41
1775547835.8035,41,42,41,41,41,39,42,42,41,42,41,41
1775547836.0038,41,42,41,41,41,39,41,42,41,42,41,41
1775547836.2040,41,42,41,41,41,39,42,42,41,42,41,41
1775547836.4043,41,42,41,41,41,39,42,42,41,42,41,41
1775547836.6045,41,42,41,41,41,39,42,42,41,42,41,41
1775547836.8048,41,42,41,41,41,39,42,42,41,42,41,41
1775547837.0050,41,42,41,41,41,39,42,42,41,42,41,41
1775547837.2053,41,42,41,41,41,39,42,42,41,42,41,41
1775547837.4056,41,42,41,41,41,39,42,42,41,42,41,41
1775547837.6059,41,42,41,41,41,39,42,42,41,42,41,41
1775547837.8061,41,42,41,41,41,39,41,42,41,42,41,41
1775547838.0064,41,42,41,41,41,39,42,42,41,42,41,41
1775547838.2066,41,42,41,41,41,39,42,42,41,42,41,41
1775547838.4069,41,42,41,41,41,39,42,42,41,42,41,41
1775547838.6072,41,42,41,41,41,39,42,42,41,42,41,41
1775547838.8074,41,42,41,41,41,39,42,42,41,42,41,41
1775547839.0079,41,42,41,41,41,39,42,42,41,42,41,41
1775547839.2081,41,42,41,41,41,39,42,42,41,42,41,41
1775547839.4084,41,42,41,41,41,39,42,42,41,42,41,41
1775547839.6088,41,42,41,41,41,39,41,42,41,42,41,41
1775547839.8090,41,42,41,41,41,39,42,42,41,42,41,41
1775547840.0093,41,42,41,41,41,39,42,42,41,42,41,41
1775547840.2096,41,42,41,41,41,39,42,42,41,42,41,41
1775547840.4098,41,42,41,41,41,39,42,42,41,42,41,41
1775547840.6101,41,42,41,41,40,39,42,42,41,42,41,41
1775547840.8103,41,42,41,41,41,39,42,42,41,42,41,41
1775547841.0106,41,42,41,41,41,39,41,42,41,42,41,41
1775547841.2110,41,42,41,41,40,39,42,42,41,42,41,41
1775547841.4113,41,42,41,41,41,39,42,42,41,42,41,41
1775547841.6115,41,42,41,41,41,39,42,42,41,42,41,41
1775547841.8118,41,42,41,41,41,39,42,42,41,42,41,41
1775547842.0122,41,42,41,41,41,39,42,42,41,42,41,41
1775547842.2127,41,42,41,41,41,39,41,42,41,42,41,41
1775547842.4130,41,42,41,41,41,39,42,42,41,42,41,41
1775547842.6132,41,42,41,41,41,39,42,42,41,42,41,41
1775547842.8135,41,42,41,41,41,39,42,42,41,42,41,41
1775547843.0138,41,42,41,41,41,39,42,42,41,42,41,41
1775547843.2141,41,42,41,41,41,39,41,42,41,42,41,41
1775547843.4173,41,42,41,41,41,39,42,42,41,42,41,41
1775547843.6180,41,42,41,41,41,39,42,42,41,42,41,41
1775547843.8182,41,42,41,41,41,39,42,42,41,42,41,41
1775547844.0185,41,42,41,41,41,39,42,42,41,42,41,41
1775547844.2188,41,42,41,41,41,39,42,42,41,42,41,41
1775547844.4190,41,42,41,41,41,39,42,42,41,42,41,41
1775547844.6193,41,42,41,41,41,39,41,42,41,42,41,41
1775547844.8195,41,42,41,41,41,39,42,42,41,42,41,41
1775547845.0198,41,42,41,41,41,39,42,42,41,42,41,41
1775547845.2201,41,42,41,41,41,39,42,42,41,42,41,41
1775547845.4204,41,42,41,41,41,39,42,42,41,42,41,41
1775547845.6206,41,42,41,41,41,39,42,42,41,42,41,41
1775547845.8209,41,42,41,41,41,39,42,42,41,42,41,41
1775547846.0212,41,42,41,41,41,39,42,42,41,42,41,41
1775547846.2215,41,42,41,41,41,39,42,42,41,42,41,41
1775547846.4217,41,42,41,41,41,39,42,42,41,42,41,41
1775547846.6220,41,42,41,41,41,39,42,42,41,42,41,41
1775547846.8223,41,42,41,41,41,39,42,42,41,42,41,41
1775547847.0225,41,42,41,41,41,39,42,42,41,42,41,41
1775547847.2228,41,42,41,41,41,39,42,42,41,42,41,41
1775547847.4230,41,42,41,41,41,39,42,42,41,42,41,41
1775547847.6233,41,42,41,41,41,39,42,42,41,42,41,41
1775547847.8236,41,42,41,41,41,39,42,42,41,42,41,41
1775547848.0238,41,42,41,41,41,39,42,42,41,42,41,41
1775547848.2242,41,42,41,41,41,39,42,42,41,42,41,41
1775547848.4244,41,42,41,41,41,39,41,42,41,42,41,41
1775547848.6247,41,42,41,41,41,39,42,42,41,42,41,41
1775547848.8251,41,42,41,41,41,39,42,42,41,42,41,41
1775547849.0255,41,42,41,41,41,40,41,42,41,42,41,41
1775547849.2258,41,42,41,41,41,39,42,42,41,42,41,41
1775547849.4261,41,42,41,41,41,39,41,42,41,42,41,41
1775547849.6263,41,42,41,41,41,39,41,42,41,42,41,41
1775547849.8270,41,42,41,41,41,40,42,42,41,42,41,41
1775547850.0275,41,42,41,41,41,39,42,42,41,42,41,41
1775547850.2277,41,42,41,41,41,39,42,42,41,42,41,41
1775547850.4280,41,42,41,41,41,40,42,42,41,42,41,41
1775547850.6282,41,42,41,41,41,39,42,42,41,42,41,41
1775547850.8286,41,42,41,41,41,39,42,42,41,42,41,41
1775547851.0289,41,42,41,41,41,39,42,42,41,42,41,41
1775547851.2292,41,42,41,41,41,39,42,42,41,42,41,41
1775547851.4295,41,42,41,41,41,39,42,42,41,42,41,41
1775547851.6298,41,42,41,41,41,39,42,42,41,42,41,41
1775547851.8301,41,42,41,41,41,39,42,42,41,42,41,41
1775547852.0303,41,42,41,41,41,39,42,42,41,42,41,41
1775547852.2312,41,42,41,41,41,39,41,42,41,42,41,41
1775547852.4315,41,42,41,41,41,39,42,42,41,42,41,41
1775547852.6318,41,42,41,41,41,39,41,42,41,42,41,41
1775547852.8321,41,42,41,41,41,39,42,42,41,42,41,41
1775547853.0325,41,42,41,41,41,39,42,42,41,42,41,41
1775547853.2327,41,42,41,41,41,39,41,42,41,42,41,41
1775547853.4330,41,42,41,41,41,39,42,42,41,42,41,41
1775547853.6333,41,42,41,41,41,39,42,42,41,42,41,41
1775547853.8336,41,42,41,41,41,39,42,42,41,42,41,41
1775547854.0341,41,42,41,41,41,39,42,42,41,42,41,41
1775547854.2344,41,42,41,41,41,40,42,42,41,42,41,41
1775547854.4347,41,42,41,41,41,39,42,42,41,42,41,41
1775547854.6350,41,42,41,41,41,39,42,42,41,42,41,41
1775547854.8381,41,42,41,41,41,40,42,42,41,42,41,41
1775547855.0386,41,42,41,41,41,39,42,42,41,42,41,41
1775547855.2391,41,42,41,41,41,39,42,42,41,42,41,41
1775547855.4393,41,42,41,41,41,39,42,42,41,42,41,41
1775547855.6417,41,42,41,41,41,39,42,42,41,42,41,41
1775547855.8419,41,42,41,41,41,39,42,42,41,42,41,41
1775547856.0420,41,42,41,41,41,39,42,42,41,42,41,41
1775547856.2423,41,42,41,41,41,39,42,42,41,42,41,41
1775547856.4425,41,42,41,41,41,39,42,42,41,42,41,41
1775547856.6428,41,42,41,41,41,39,42,42,41,42,41,41
1775547856.8430,41,42,41,41,41,39,42,42,41,42,41,41
1775547857.0433,41,42,41,41,41,39,42,42,41,42,41,41
1775547857.2436,41,42,41,41,41,39,42,42,41,42,41,41
1775547857.4439,41,42,41,41,41,39,42,42,41,42,41,41
1775547857.6469,41,42,41,41,41,40,42,42,41,42,41,41
1775547857.8472,41,42,41,41,41,40,42,42,41,42,41,41
1775547858.0475,41,42,41,41,41,39,42,42,41,42,41,41
1775547858.2477,41,42,41,41,41,39,41,42,41,42,41,41
1775547858.4481,41,42,41,41,41,40,42,42,41,42,41,41
1775547858.6483,41,42,41,41,41,39,42,42,41,42,41,41
1775547858.8487,41,42,41,41,41,39,42,42,41,42,41,41
1775547859.0490,41,42,41,41,41,39,42,42,41,42,41,41
1775547859.2497,41,42,41,41,41,40,42,42,41,42,41,41
1775547859.4499,41,42,41,41,41,40,42,42,41,42,41,41
1775547859.6502,41,42,41,41,41,39,42,42,41,42,41,41
1775547859.8505,41,42,41,41,41,39,41,42,41,42,41,41
1775547860.0508,41,42,41,41,41,39,42,42,41,42,41,41
1775547860.2510,41,42,41,41,41,39,42,42,41,42,41,41
1775547860.4513,41,42,41,41,41,39,42,42,41,42,41,41
1775547860.6516,41,42,41,41,41,39,41,42,41,42,41,41
1775547860.8521,41,42,41,41,41,39,42,42,41,42,41,41
1775547861.0525,41,42,41,41,41,39,42,42,41,42,41,41
1775547861.2529,41,42,41,41,41,39,42,42,41,42,41,41
1775547861.4536,41,42,41,41,41,39,42,42,41,42,41,41
1775547861.6542,41,42,41,41,41,40,42,42,41,42,41,41
1775547861.8544,41,42,41,41,41,39,42,42,41,42,41,41
1775547862.0548,41,42,41,41,41,39,42,42,41,42,41,41
1775547862.2553,41,42,41,41,41,39,42,42,41,42,41,41
1775547862.4555,41,42,41,41,41,40,41,42,41,42,41,41
1775547862.6558,41,42,41,41,41,40,41,42,41,42,41,41
1775547862.8561,41,42,41,41,41,39,41,42,41,42,41,41
1775547863.0563,41,42,41,41,41,39,42,42,41,42,41,41
1775547863.2566,41,42,41,41,41,39,42,42,41,42,41,41
1775547863.4570,41,42,41,41,41,40,42,42,41,42,41,41
1775547863.6576,41,42,41,41,41,39,42,42,41,42,41,41
1775547863.8580,41,42,41,41,41,39,42,42,41,42,41,41
1775547864.0583,41,42,41,41,41,39,42,42,41,42,41,41
1775547864.2585,41,42,41,41,41,39,42,42,41,42,41,41
1775547864.4590,41,42,41,41,41,39,42,42,41,42,41,41
1775547864.6592,41,42,41,41,41,39,42,42,41,42,41,41
1775547864.8595,41,42,41,41,41,39,41,42,41,42,41,41
1775547865.0598,41,42,41,41,41,39,41,42,41,42,41,41
1775547865.2603,41,42,41,41,41,39,42,42,41,42,41,41
1775547865.4605,41,42,41,41,41,39,42,42,41,42,41,41
1775547865.6608,41,42,41,41,41,39,42,42,41,42,41,41
1775547865.8610,41,42,41,41,41,39,42,42,41,42,41,41
1775547866.0613,41,42,41,41,41,39,42,42,41,42,41,41
1775547866.2615,41,42,41,41,41,39,42,42,41,42,41,41
1775547866.4618,41,42,41,41,41,39,41,42,41,42,41,41
1775547866.6622,41,42,41,41,41,39,41,42,41,42,41,41
1775547866.8625,41,42,41,41,41,39,42,42,41,42,41,41
1775547867.0628,41,42,41,41,41,40,42,42,41,42,41,41
1775547867.2630,41,42,41,41,41,39,42,42,41,42,41,41
1775547867.4633,41,42,41,41,41,39,42,42,41,42,41,41
1775547867.6636,41,42,41,41,41,39,42,42,41,42,41,41
1775547867.8638,41,42,41,41,41,39,42,42,41,42,41,41
1775547868.0641,41,42,41,41,41,39,42,42,41,42,41,41
1775547868.2644,41,42,41,41,41,39,42,42,41,42,41,41
1775547868.4646,41,42,41,41,41,39,42,42,41,42,41,41
1775547868.6649,41,42,41,41,40,39,42,42,41,42,41,41
1775547868.8652,41,42,41,41,41,39,42,42,41,42,41,41
1775547869.0654,41,42,41,41,41,39,42,42,41,42,41,41
1775547869.2657,41,42,41,41,41,39,42,42,41,42,41,41
1775547869.4659,41,42,41,41,41,39,41,42,41,42,41,41
1775547869.6662,41,42,41,41,41,39,41,42,41,42,41,41
1775547869.8666,41,42,41,41,41,39,42,42,41,42,41,41
1775547870.0669,41,42,41,41,41,39,42,42,41,42,41,41
1775547870.2671,41,42,41,41,41,39,42,42,41,42,41,41
1775547870.4674,41,42,41,41,41,39,42,42,41,42,41,41
1775547870.6680,41,42,41,41,41,39,42,42,41,42,41,41
1775547870.8682,41,42,41,41,41,39,42,42,41,42,41,41
1775547871.0688,41,42,41,41,41,39,42,42,41,42,41,41
1775547871.2690,41,42,41,41,41,39,42,42,41,42,41,41
1775547871.4695,41,42,41,41,41,39,42,42,41,42,41,41
1775547871.6697,41,42,41,41,41,39,42,42,41,42,41,41
1775547871.8701,41,42,41,41,41,39,42,42,41,42,41,41
1775547872.0703,41,42,41,41,41,39,42,42,41,42,41,41
1775547872.2706,41,42,41,41,41,39,42,42,41,42,41,41
1775547872.4708,41,42,41,41,41,39,42,42,41,42,41,41
1775547872.6711,41,42,41,41,41,39,42,42,41,42,41,41
1775547872.8714,41,42,41,41,41,39,42,42,41,42,41,41
1775547873.0716,41,42,41,41,41,39,42,42,41,42,41,41
1775547873.2720,41,42,41,41,41,39,42,42,41,42,41,41
1775547873.4723,41,42,41,41,41,40,42,42,41,42,41,41
1775547873.6725,41,42,41,41,41,39,42,42,41,42,41,41
1775547873.8728,41,42,41,41,41,39,42,42,41,42,41,41
1775547874.0731,41,42,41,41,41,39,42,42,41,42,41,41
1775547874.2734,41,42,41,41,41,39,42,42,41,42,41,41
1775547874.4736,41,42,41,41,41,39,42,42,41,42,41,41
1775547874.6740,41,42,41,41,41,39,42,42,41,42,41,41
1775547874.8743,41,42,41,41,41,39,42,42,41,42,41,41
1775547875.0746,41,42,41,41,41,39,42,42,41,42,41,41
1775547875.2748,41,42,41,41,41,39,42,42,41,42,41,41
1775547875.4752,41,42,41,41,41,40,42,42,41,42,41,41
1775547875.6755,41,42,41,41,41,39,41,42,41,42,41,41
1775547875.8758,41,42,41,41,41,39,42,42,41,42,41,41
1775547876.0761,41,42,41,41,41,40,42,42,41,42,41,41
1775547876.2763,41,42,41,41,41,39,42,42,41,42,41,41
1775547876.4766,41,42,41,41,41,39,42,42,41,42,41,41
1775547876.6768,41,42,41,41,41,39,42,42,41,42,41,41
1775547876.8771,41,42,41,41,41,39,41,42,41,42,41,41
1775547877.0774,41,42,41,41,41,39,42,42,41,42,41,41
1775547877.2777,41,42,41,41,41,40,42,42,41,42,41,41
1775547877.4778,41,42,41,41,41,39,42,42,41,42,41,41
1775547877.6781,41,42,41,41,41,39,42,42,41,42,41,41
1775547877.8784,41,42,41,41,41,39,42,42,41,42,41,41
1775547878.0786,41,42,41,41,41,39,42,42,41,42,41,41
1775547878.2789,41,42,41,41,41,39,42,42,41,42,41,41
1775547878.4791,41,42,41,41,41,39,42,42,41,42,41,41
1775547878.6794,41,42,41,41,41,39,42,42,41,42,41,41
1775547878.8797,41,42,41,41,41,39,42,42,41,42,41,41
1775547879.0800,41,42,41,41,41,39,42,42,41,42,41,41
1775547879.2802,41,42,41,41,41,39,42,42,41,42,41,41
1775547879.4805,41,42,41,41,41,39,42,42,41,42,41,41
1775547879.6809,41,42,41,41,41,39,42,42,41,42,41,41
1775547879.8816,41,42,41,41,41,39,42,42,41,42,41,41
1775547880.0818,41,42,41,41,41,39,42,42,41,42,41,41
1775547880.2822,41,42,41,41,41,39,42,42,41,42,41,41
1775547880.4825,41,42,41,41,41,39,42,42,41,42,41,41
1775547880.6827,41,42,41,41,41,39,42,42,41,42,41,41
1775547880.8838,41,42,41,41,41,39,42,42,41,42,41,41
1775547881.0843,41,42,41,41,41,39,42,42,41,42,41,41
1775547881.2846,41,42,42,41,41,39,42,42,41,42,41,41
1775547881.4848,41,42,41,41,41,39,42,42,41,42,41,41
1775547881.6852,41,42,41,41,41,39,42,42,41,42,41,41
1775547881.8855,41,42,41,41,41,39,42,42,41,42,41,41
1775547882.0859,41,42,41,41,41,39,42,42,41,42,41,41
1775547882.2863,41,42,41,41,41,39,42,42,41,42,41,41
1775547882.4866,41,42,41,41,41,40,42,42,41,42,41,41
1775547882.6870,41,42,41,41,41,39,42,42,41,42,41,41
1775547882.8873,41,42,41,41,41,40,42,42,41,42,41,41
1775547883.0875,41,42,41,41,41,39,42,42,41,42,41,41
1775547883.2878,41,42,41,41,41,39,41,42,41,42,41,41
1775547883.4881,41,42,41,41,41,39,42,42,41,42,41,41
1775547883.6883,41,42,41,41,41,39,42,42,41,42,41,41
1775547883.8886,41,42,41,41,41,40,42,42,41,42,41,41
1775547884.0889,41,42,41,41,41,39,42,42,41,42,41,41
1775547884.2891,41,42,41,41,41,39,42,42,41,42,41,41
1775547884.4894,41,42,41,41,41,40,42,42,41,42,41,41
1775547884.6902,41,42,41,41,41,39,42,42,41,42,41,41
1775547884.8911,41,42,41,41,41,39,42,42,41,42,41,41
1775547885.0914,41,42,41,41,41,39,42,42,41,42,41,41
1775547885.2918,41,42,41,41,41,39,42,42,41,42,41,41
1775547885.4921,41,42,41,41,41,40,42,42,41,42,41,41
1775547885.6924,41,42,41,41,41,39,42,42,41,42,41,41
1775547885.8926,41,42,41,41,41,39,42,42,41,42,41,41
1775547886.0931,41,42,41,41,41,39,42,42,41,42,41,41
1775547886.2933,41,42,41,41,41,39,42,42,41,42,41,41
1775547886.4953,41,42,41,41,41,39,42,42,41,42,41,41
1775547886.6962,41,42,41,41,41,40,42,42,41,42,41,41
1775547886.8965,41,42,41,41,41,39,42,42,41,42,41,41
1775547887.0973,41,42,41,41,41,39,42,42,41,42,41,41
1775547887.2975,41,42,41,41,41,39,42,42,41,42,41,41
1775547887.4983,41,42,41,41,41,39,41,42,41,42,41,41
1775547887.6988,41,42,41,41,41,39,42,42,41,42,41,41
1775547887.8993,41,42,41,41,41,39,42,42,41,42,41,41
1775547888.0998,41,42,41,41,41,39,42,42,41,42,41,41
1775547888.3009,41,42,41,41,41,39,42,42,41,42,41,41
1775547888.5011,41,42,41,41,41,39,42,42,41,42,41,41
1775547888.7018,41,42,41,41,41,39,42,42,41,42,41,41
1775547888.9021,41,42,41,41,41,39,42,42,41,42,41,41
1775547889.1023,41,42,41,41,41,39,42,42,41,42,41,41
1775547889.3026,41,42,41,41,41,39,42,42,41,42,41,41
1775547889.5032,41,42,41,41,41,39,42,42,41,42,41,41
1775547889.7034,41,42,41,41,41,39,42,42,41,42,41,41
1775547889.9062,41,42,41,41,41,39,42,42,41,42,41,41
1775547890.1064,41,42,41,41,41,39,42,42,41,42,41,41
1775547890.3067,41,42,41,41,41,39,42,42,41,42,41,41
1775547890.5070,41,42,41,41,41,39,42,42,41,42,41,41
1775547890.7074,41,42,41,41,41,39,42,42,41,42,41,41
1775547890.9076,41,42,41,41,41,40,42,42,41,42,41,41
1775547891.1079,41,42,41,41,41,39,42,42,41,42,41,41
1775547891.3083,41,42,41,41,41,39,42,42,41,42,41,41
1775547891.5085,41,42,41,41,41,39,42,42,41,42,41,41
1775547891.7090,41,42,41,41,41,39,42,42,41,42,41,41
1775547891.9094,41,42,41,41,41,39,42,42,41,42,41,41
1775547892.1099,41,42,41,41,41,39,42,42,41,42,41,41
1775547892.3102,41,42,41,41,41,39,42,42,41,42,41,41
1775547892.5109,41,42,41,41,41,40,42,42,41,42,41,41
1775547892.7112,41,42,41,41,41,39,42,42,41,42,41,41
1775547892.9114,41,42,41,41,41,40,42,42,41,42,41,41
1775547893.1117,41,42,41,41,41,39,42,42,41,42,41,41
1775547893.3121,41,42,41,41,41,39,42,42,41,42,41,41
1775547893.5124,41,42,41,41,41,39,42,42,41,42,41,41
1775547893.7127,41,42,41,41,41,39,42,42,41,42,41,41
1775547893.9130,41,42,41,41,41,39,42,42,41,42,41,41
1775547894.1132,41,42,41,41,41,39,42,42,41,42,41,41
1775547894.3135,41,42,41,41,41,40,42,42,41,42,41,41
1775547894.5141,41,42,41,41,41,39,42,42,41,42,41,41
1775547894.7144,41,42,41,41,41,39,42,42,41,42,41,41
1775547894.9146,41,42,41,41,41,39,42,42,41,42,41,41
1775547895.1149,41,42,41,41,41,39,42,42,41,42,41,41
1775547895.3152,41,42,41,41,41,39,42,42,41,42,41,41
1775547895.5154,41,42,41,42,41,40,42,42,41,42,41,41
1775547895.7157,41,42,41,41,41,39,42,42,41,42,41,41
1775547895.9162,41,42,41,41,41,39,42,42,41,42,41,41
1775547896.1164,41,42,41,41,41,39,42,42,41,42,41,41
1775547896.3167,41,42,41,41,41,39,42,42,41,42,41,41
1775547896.5171,41,42,41,41,41,39,42,42,41,42,41,41
1775547896.7175,41,42,41,41,41,39,42,42,41,42,41,41
1775547896.9178,41,42,41,41,41,39,42,42,41,42,41,41
1775547897.1181,41,42,41,41,41,40,42,42,41,42,41,41
1775547897.3183,41,42,41,41,41,39,42,42,41,42,41,41
1775547897.5187,41,42,41,41,41,40,42,42,41,42,41,41
1775547897.7192,41,42,41,41,41,39,42,42,41,42,41,41
1775547897.9196,41,42,42,41,41,39,42,42,41,42,41,41
1775547898.1199,41,42,41,41,41,39,42,42,41,42,41,41
1775547898.3201,41,42,41,41,41,39,42,42,41,42,41,41
1775547898.5205,41,42,41,41,41,39,42,42,41,42,41,41
1775547898.7208,41,42,41,41,41,40,42,42,41,42,41,41
1775547898.9211,41,42,41,41,41,39,42,42,41,42,41,41
1775547899.1214,41,42,41,41,41,40,42,42,41,42,41,41
1775547899.3217,41,42,41,41,41,39,41,42,41,42,41,41
1775547899.5221,41,42,41,41,41,40,42,42,41,42,41,41
1775547899.7224,41,42,41,41,41,39,42,42,41,42,41,41
1775547899.9226,41,42,41,41,41,39,42,42,41,42,41,41
1775547900.1229,41,42,41,41,41,39,42,42,41,42,41,41
1775547900.3232,41,42,41,41,41,39,42,42,41,42,41,41
1775547900.5238,41,42,41,41,41,39,42,42,41,42,41,41
1775547900.7241,41,42,41,41,41,40,42,42,41,42,41,41
1775547900.9246,41,42,41,41,41,40,42,42,41,42,41,41
1775547901.1250,41,42,41,41,41,39,42,42,41,42,41,41
1775547901.3256,41,42,41,41,41,39,42,42,41,42,41,41
1775547901.5260,41,42,41,41,41,39,42,42,41,42,41,41
1775547901.7266,41,42,41,41,41,39,42,42,41,42,41,41
1775547901.9268,41,42,41,41,41,39,42,42,41,42,41,41
1775547902.1286,41,42,41,41,41,39,42,42,41,42,41,41
1775547902.3291,41,42,41,41,41,39,42,42,41,42,41,41
1775547902.5322,41,42,41,41,41,39,42,42,41,42,41,41
1775547902.7324,41,42,41,41,41,40,42,42,41,42,41,41
1775547902.9330,41,42,41,41,41,39,42,42,41,42,41,41
1775547903.1333,41,42,41,41,41,39,42,42,41,42,41,41
1775547903.3336,41,42,41,41,41,39,42,42,41,42,41,41
1775547903.5338,41,42,41,41,41,39,42,42,41,42,41,41
1775547903.7341,41,42,41,41,41,39,42,42,41,42,41,41
1775547903.9343,41,42,41,41,41,40,42,42,41,42,41,41
1775547904.1350,41,42,41,41,41,39,42,42,41,42,41,41
1775547904.3353,41,42,41,41,41,39,42,42,41,42,41,41
1775547904.5356,41,42,41,41,41,39,42,42,41,42,41,41
1775547904.7358,41,42,41,41,41,40,42,42,41,42,41,41
1775547904.9361,41,42,41,41,41,39,42,42,41,42,41,41
1775547905.1363,41,42,41,41,41,39,42,42,41,42,41,41
1775547905.3365,41,42,41,41,41,39,42,42,41,42,41,41
1775547905.5368,41,42,41,41,41,39,42,42,41,42,41,41
1775547905.7371,41,42,41,41,41,39,42,42,41,42,41,41
1775547905.9373,41,42,41,41,41,39,42,42,41,42,41,41
1775547906.1376,41,42,41,41,41,39,42,42,41,42,41,41
1775547906.3379,41,42,41,41,41,40,42,42,41,42,41,41
1775547906.5383,41,42,41,42,41,39,42,42,41,42,41,41
1775547906.7385,41,42,42,41,41,40,42,42,41,42,41,41
1775547906.9389,41,42,41,41,41,39,42,42,41,42,41,41
1775547907.1398,41,42,41,41,41,39,42,42,41,42,41,41
1775547907.3416,41,42,41,41,41,40,42,42,41,42,41,41
1775547907.5419,41,42,41,41,41,39,42,42,41,42,41,41
1775547907.7421,41,42,41,41,41,40,42,42,41,42,41,41
1775547907.9423,41,42,41,41,41,39,42,42,41,42,41,41
1775547908.1426,41,42,41,41,41,40,42,42,41,42,41,41
1775547908.3429,41,42,41,41,41,39,42,42,41,42,41,41
1775547908.5432,41,42,41,41,41,39,42,42,41,42,41,41
1775547908.7434,41,42,41,41,41,39,42,42,41,42,41,41
1775547908.9438,41,42,41,41,41,39,42,42,41,42,41,41
1775547909.1441,41,42,41,41,41,39,42,42,41,42,41,41
1775547909.3444,41,42,41,41,41,40,42,42,41,42,41,41
1775547909.5446,41,42,41,41,41,39,42,42,41,42,41,41
1775547909.7449,41,42,41,41,41,40,42,42,41,42,41,41
1775547909.9452,41,42,41,41,41,40,42,42,41,42,41,41
1775547910.1454,41,42,41,41,41,39,42,42,41,42,41,41
1775547910.3459,41,42,41,41,41,39,42,42,41,42,41,41
1775547910.5461,41,42,41,41,41,39,42,42,41,42,41,41
1775547910.7464,41,42,41,41,41,39,42,42,41,42,41,41
1775547910.9468,41,42,42,41,41,39,42,42,41,42,41,41
1775547911.1471,41,42,41,41,41,39,42,42,41,42,41,41
1775547911.3475,41,42,41,41,41,39,42,42,41,42,41,41
1775547911.5477,41,42,41,41,41,39,42,42,41,42,41,41
1775547911.7480,41,42,41,41,41,39,42,42,41,42,41,41
1775547911.9482,41,42,41,41,41,39,42,42,41,42,41,41
1775547912.1487,41,42,41,41,41,40,42,42,41,42,41,41
1775547912.3490,41,42,42,41,41,40,42,42,41,42,41,41
1775547912.5495,41,42,41,41,41,40,42,42,41,42,41,41
1775547912.7503,41,42,41,41,41,39,42,42,41,42,41,41
1775547912.9505,41,42,42,41,41,40,42,42,41,42,41,41
1775547913.1513,41,42,41,41,41,39,42,42,41,42,41,41
1775547913.3522,41,42,41,41,41,39,42,42,41,42,41,41
1775547913.5526,41,42,42,41,41,39,42,42,41,42,41,41
1775547913.7529,41,42,41,41,41,39,42,42,41,42,41,41
1775547913.9531,41,42,41,41,41,39,42,42,41,42,41,41
1775547914.1538,41,42,41,41,41,39,42,42,41,42,41,41
1775547914.3541,41,42,41,41,41,40,42,42,41,42,41,41
1775547914.5544,41,42,41,41,41,40,42,42,41,42,41,41
1775547914.7547,41,42,41,41,41,40,42,42,41,42,41,41
1775547914.9549,41,42,41,41,41,39,42,42,41,42,41,41
1775547915.1554,41,42,41,41,41,39,42,42,41,42,41,41
1775547915.3557,41,42,42,41,41,39,42,42,41,42,41,41
1775547915.5559,41,42,41,41,41,40,42,42,41,42,41,41
1775547915.7562,41,42,41,41,41,39,42,42,41,42,41,41
1775547915.9565,41,42,41,41,41,40,42,42,41,42,41,41
1775547916.1567,41,42,41,41,41,40,42,42,41,42,41,41
1775547916.3570,41,42,41,41,41,40,42,42,41,42,41,41
1775547916.5586,41,42,41,41,41,40,42,42,41,42,41,41
1775547916.7588,41,42,41,41,41,40,42,42,41,42,41,41
1775547916.9591,41,42,41,41,41,40,42,42,41,42,41,41
1775547917.1593,41,42,41,41,41,39,42,42,41,42,41,41
1775547917.3596,41,42,41,41,41,40,42,42,41,42,41,41
1775547917.5600,41,42,41,41,41,40,42,42,41,42,41,41
1775547917.7603,41,42,41,41,41,40,42,42,41,42,41,41
1775547917.9605,41,42,41,41,41,39,42,42,41,42,41,41
1775547918.1608,41,42,41,41,41,40,42,42,41,42,41,41
1775547918.3611,41,42,41,41,41,39,42,42,41,42,41,41
1775547918.5615,41,42,42,41,41,39,42,42,41,42,41,41
1775547918.7617,41,42,41,41,41,40,42,42,41,42,41,41
1775547918.9620,41,42,41,41,41,40,42,42,41,42,41,41
1775547919.1630,41,42,41,41,41,39,42,42,41,42,41,41
1775547919.3632,41,42,41,41,41,39,42,42,41,42,41,41
1775547919.5649,41,42,41,41,41,40,42,42,41,42,41,41
1775547919.7651,41,42,41,41,41,40,42,42,41,42,41,41
1775547919.9654,41,42,41,41,41,39,42,42,41,42,41,41
1775547920.1657,41,42,41,41,41,39,42,42,41,42,41,41
1775547920.3660,41,42,41,41,41,39,42,42,41,42,41,41
1775547920.5662,41,42,41,41,41,40,42,42,41,42,41,41
1775547920.7665,41,42,41,41,41,40,42,42,41,42,41,41
1775547920.9667,41,42,41,41,41,40,42,42,41,42,41,41
1775547921.1671,41,42,41,41,41,40,42,42,41,42,41,41
1775547921.3674,41,42,41,41,41,39,42,42,41,42,41,41
1775547921.5676,41,42,41,41,41,40,42,42,41,42,41,41
1775547921.7679,41,42,42,41,41,39,42,42,41,42,41,41
1775547921.9682,41,42,41,41,41,39,42,42,41,42,41,41
1775547922.1685,41,42,41,41,41,39,42,42,41,42,41,41
1775547922.3688,41,42,41,41,41,39,42,42,41,42,41,41
1775547922.5692,41,42,41,41,41,40,42,42,41,42,41,41
1775547922.7694,41,42,42,41,41,39,42,42,41,42,41,41
1775547922.9699,41,42,41,41,41,40,42,42,41,42,41,41
1775547923.1710,41,42,41,41,41,40,42,42,41,42,41,41
1775547923.3716,41,42,41,41,41,39,42,42,41,42,41,41
1775547923.5720,41,42,41,41,41,40,42,42,41,42,41,41
1775547923.7724,41,42,41,41,41,39,42,42,41,42,41,41
1775547923.9727,41,42,41,41,41,39,42,42,41,42,41,41
1775547924.1729,41,42,41,41,41,40,42,42,41,42,41,41
1775547924.3733,41,42,41,41,41,40,42,42,41,42,41,41
1775547924.5738,41,42,41,41,41,39,42,42,41,42,41,41
1775547924.7745,41,42,41,41,41,40,42,42,41,42,41,41
1775547924.9749,41,42,41,41,41,39,42,42,41,42,41,41
1775547925.1754,41,42,41,41,41,40,42,42,41,42,41,41
1775547925.3760,41,42,41,41,41,40,42,42,41,42,41,41
1775547925.5764,41,42,41,41,41,39,42,42,41,42,41,41
1775547925.7766,41,42,41,41,41,40,42,42,41,42,41,41
1775547925.9769,41,42,41,41,41,40,42,42,41,42,41,41
1775547926.1773,41,42,41,41,41,40,42,42,41,42,41,41
1775547926.3777,41,42,41,41,41,39,42,42,41,42,41,41
1775547926.5792,41,42,41,41,41,40,42,42,41,42,41,41
1775547926.7796,41,42,41,41,41,40,42,42,41,42,41,41
1775547926.9804,41,42,41,41,41,40,42,42,41,42,41,41
1775547927.1807,41,42,42,41,41,39,42,42,41,42,41,41
1775547927.3813,41,42,42,41,41,40,42,42,41,42,41,41
1775547927.5815,41,42,41,41,41,39,42,42,41,42,41,41
1775547927.7820,41,42,41,41,41,40,42,42,41,42,41,41
1775547927.9826,41,42,41,41,41,40,42,42,41,42,41,41
1775547928.1830,41,42,41,41,41,40,42,42,41,42,41,41
1775547928.3843,41,42,41,41,41,39,42,42,41,42,41,41
1775547928.5871,41,42,42,41,41,40,42,42,41,42,41,41
1775547928.7877,41,42,41,41,41,39,42,42,41,42,41,41
1775547928.9880,41,42,42,41,41,39,42,42,41,42,41,41
1775547929.1882,41,42,42,41,41,40,42,42,41,42,41,41
1775547929.3886,41,42,41,41,41,40,42,42,41,42,41,41
1775547929.5888,41,42,41,41,41,40,42,42,41,42,41,41
1775547929.7891,41,42,41,41,41,39,42,42,41,42,41,41
1775547929.9893,41,42,41,41,41,39,42,42,41,42,41,41
1775547930.1896,41,42,41,41,41,40,42,42,41,42,41,41
1775547930.3900,41,42,42,41,41,39,42,42,41,42,41,41
1775547930.5906,41,42,41,41,41,40,42,42,41,42,41,41
1775547930.7914,41,42,41,41,41,40,42,42,41,42,41,41
1775547930.9919,41,42,41,41,41,39,42,42,41,42,41,41
1775547931.1922,41,42,41,42,41,39,42,42,41,42,41,41
1775547931.3924,41,42,41,41,41,40,42,42,41,42,41,41
1775547931.5927,41,42,42,41,41,40,42,42,41,42,41,41
1775547931.7929,41,42,41,41,41,39,42,42,41,42,41,41
1775547931.9934,41,42,41,41,41,40,42,42,41,42,41,41
1775547932.1938,41,42,41,41,41,40,42,42,41,42,41,41
1775547932.3942,41,42,41,41,41,40,42,42,41,42,41,41
1775547932.5945,41,42,41,41,41,39,42,42,41,42,41,41
1775547932.7948,41,42,41,41,41,40,42,42,41,42,41,41
1775547932.9951,41,42,41,41,41,39,42,42,41,42,41,41
1775547933.1954,41,42,41,41,41,39,42,42,41,42,41,41
1775547933.3956,41,42,41,41,41,40,42,42,41,42,41,41
1775547933.5963,41,42,42,41,41,40,42,42,41,42,41,41
1775547933.7966,41,42,42,41,41,39,42,42,41,42,41,41
1775547933.9968,41,42,41,41,41,40,42,42,41,42,41,41
1775547934.1971,41,42,41,42,41,40,42,42,41,42,41,41
1775547934.3975,41,42,42,41,41,40,42,42,41,42,42,41
1775547934.5985,41,42,41,41,41,40,42,42,41,42,41,41
1775547934.7988,41,42,41,41,41,40,42,42,41,42,41,41
1775547934.9991,41,42,42,41,41,40,42,42,41,42,41,41
1775547935.1994,41,42,42,41,41,40,42,42,41,42,41,41
1775547935.3997,41,42,42,41,41,40,42,42,41,42,41,41
1775547935.6001,41,42,42,41,41,40,42,42,41,42,41,41
1775547935.8003,41,42,41,41,41,39,42,42,41,42,41,41
1775547936.0006,41,42,41,41,41,40,42,42,41,42,41,41
1775547936.2047,41,42,41,41,41,40,42,42,41,42,41,41
1775547936.4071,41,42,41,41,41,40,42,42,41,42,41,41
1775547936.6074,41,42,42,41,41,40,42,42,41,42,41,41
1775547936.8077,41,42,41,41,41,40,42,42,41,42,41,41
1775547937.0082,41,42,41,41,41,40,42,42,41,42,41,41
1775547937.2084,41,42,41,41,41,40,42,42,41,42,41,41
1775547937.4089,41,42,41,41,41,40,42,42,41,42,41,41
1775547937.6091,41,42,41,41,41,39,42,42,41,42,41,41
1775547937.8094,41,42,41,41,41,40,42,42,41,42,41,41
1775547938.0101,41,42,41,41,41,40,42,42,41,42,41,41
1775547938.2107,41,42,41,41,41,40,42,42,41,42,41,41
1775547938.4110,41,42,41,41,41,39,42,42,41,42,41,41
1775547938.6113,41,42,42,41,41,39,42,42,41,42,41,41
1775547938.8116,41,42,41,41,41,40,42,42,41,42,41,41
1775547939.0123,41,42,42,41,41,40,42,42,41,42,41,41
1775547939.2130,41,42,41,41,41,39,42,42,41,42,41,41
1775547939.4134,41,42,41,41,41,40,42,42,41,42,41,41
1775547939.6137,41,42,41,41,41,40,42,42,41,42,41,41
1775547939.8139,41,42,41,41,41,40,42,42,41,42,41,41
1775547940.0143,41,42,41,41,41,40,42,42,41,42,41,41
1775547940.2146,41,42,41,41,41,40,42,42,41,42,41,41
1775547940.4149,41,42,42,41,41,39,42,42,41,42,41,41
1775547940.6153,41,42,41,41,41,40,42,42,41,42,41,41
1775547940.8155,41,42,41,41,41,40,42,42,41,42,41,41
1775547941.0158,41,42,41,41,41,40,42,42,41,42,41,41
1775547941.2161,41,43,41,41,41,40,42,42,41,42,41,41
1775547941.4166,41,42,42,41,41,40,42,42,41,42,41,41
1775547941.6169,41,42,41,41,41,40,42,42,41,42,41,41
1775547941.8172,41,42,41,41,41,40,42,42,41,42,41,41
1775547942.0175,41,42,41,41,41,40,42,42,41,42,41,41
1775547942.2178,41,42,41,41,41,39,42,42,41,42,41,41
1775547942.4181,41,42,41,41,41,39,42,42,41,42,41,41
1775547942.6183,41,42,41,41,41,40,42,42,41,42,41,41
1775547942.8186,41,42,41,41,41,40,42,42,41,42,41,41
1775547943.0189,41,42,42,41,41,40,42,42,41,42,41,41
1775547943.2193,41,42,41,41,41,40,42,42,41,42,41,41
1775547943.4195,41,42,41,41,41,40,42,42,41,42,41,41
1775547943.6204,41,42,42,42,41,40,42,42,41,42,41,41
1775547943.8210,41,42,41,41,41,40,42,42,41,42,41,41
1775547944.0212,41,42,41,41,41,40,42,42,41,42,41,41
1775547944.2215,41,42,41,41,41,40,42,42,41,42,41,41
1775547944.4218,41,42,41,41,41,40,42,42,41,42,41,41
1775547944.6220,41,42,41,41,41,39,42,42,41,42,41,41
1775547944.8225,41,42,41,41,41,40,42,42,41,42,41,41
1775547945.0228,41,42,41,41,41,40,42,42,41,42,41,41
1775547945.2230,41,42,41,41,41,40,42,42,41,42,41,41
1775547945.4273,41,42,41,41,41,40,42,42,41,42,42,41
1775547945.6275,41,42,41,41,41,39,42,42,41,42,41,41
1775547945.8278,41,42,42,42,41,40,42,42,41,42,41,41
1775547946.0281,41,42,41,42,41,40,42,42,41,42,41,41
1775547946.2283,41,42,41,41,41,40,42,42,41,42,41,41
1775547946.4286,41,42,41,41,41,40,42,42,41,42,41,41
1775547946.6288,41,42,41,41,41,39,42,42,41,42,41,41
1775547946.8305,41,42,41,41,41,40,42,42,41,42,42,41
1775547947.0384,41,42,41,41,41,40,42,42,41,42,41,41
1775547947.2387,41,42,42,41,41,39,42,42,41,42,41,41
1775547947.4389,41,42,41,41,41,39,42,42,41,42,41,41
1775547947.6394,41,42,42,41,41,40,42,42,41,42,41,41
1775547947.8397,41,42,42,41,41,40,42,42,41,42,42,41
1775547948.0415,41,42,41,41,41,39,42,42,41,42,41,41
1775547948.2418,41,43,42,41,41,39,42,42,41,42,41,41
1775547948.4421,41,42,42,41,41,40,42,42,41,42,42,41
1775547948.6424,41,42,42,41,41,40,42,42,41,42,41,41
1775547948.8427,41,42,41,41,41,40,42,42,41,42,41,41
1775547949.0429,41,42,41,41,41,40,42,42,41,42,41,41
1775547949.2432,41,42,41,41,41,40,42,42,41,42,41,41
1775547949.4435,41,42,41,41,41,40,42,42,41,42,41,41
1775547949.6437,41,42,41,41,41,40,42,42,41,42,41,41
1775547949.8443,41,42,42,41,41,40,42,42,41,42,41,41
1775547950.0446,41,42,42,42,41,40,42,42,41,42,41,41
1775547950.2449,41,42,42,41,41,40,42,42,41,42,41,41
1775547950.4452,41,42,41,42,41,39,42,42,41,42,41,41
1775547950.6455,41,42,41,41,41,39,42,42,41,42,41,41
1775547950.8457,41,42,41,41,41,40,42,42,41,42,41,41
1775547951.0473,41,42,41,41,41,40,42,42,41,42,41,41
1775547951.2477,41,42,41,41,41,40,42,42,41,42,41,41
1775547951.4479,41,42,42,41,41,40,42,42,41,42,41,41
1775547951.6482,41,42,41,41,41,40,42,42,41,42,41,41
1775547951.8486,41,42,41,41,41,40,42,42,41,42,41,41
1775547952.0496,41,42,41,42,41,40,42,42,41,42,41,41
1775547952.2499,41,42,42,41,41,40,42,42,41,42,41,41
1775547952.4503,41,42,42,41,41,40,42,42,41,42,41,41
1775547952.6506,41,42,41,42,41,40,42,42,41,42,41,41
1775547952.8508,41,42,41,42,41,40,42,42,41,42,41,41
1775547953.0513,41,42,41,42,41,40,42,42,41,42,41,41
1775547953.2516,41,42,41,41,41,40,42,42,41,42,41,41
1775547953.4518,41,42,41,41,41,39,42,42,41,42,41,41
1775547953.6521,41,42,41,42,41,40,42,42,41,42,41,41
1775547953.8525,41,42,41,41,41,40,42,42,41,42,42,41
1775547954.0527,41,42,41,41,41,40,42,42,41,42,41,41
1775547954.2530,41,42,41,41,41,40,42,42,41,42,42,41
1775547954.4533,41,42,41,41,41,40,42,42,41,42,41,41
1775547954.6540,41,42,42,41,41,40,42,42,41,42,41,41
1775547954.8544,41,42,42,41,41,40,42,42,41,42,41,41
1775547955.0555,41,42,42,42,41,40,42,42,41,42,41,41
1775547955.2557,41,42,41,42,41,40,42,42,41,42,41,41
1775547955.4560,41,42,42,41,41,40,42,42,41,42,41,41
1775547955.6563,41,42,41,42,41,40,42,42,41,42,41,41
1775547955.8565,41,42,42,42,41,40,42,42,41,42,41,41
1775547956.0569,41,42,42,41,41,40,42,42,41,42,41,41
1775547956.2574,41,42,41,42,41,40,42,42,41,42,41,41
1775547956.4579,41,42,42,41,41,40,42,42,41,42,41,41
1775547956.6581,41,42,42,41,41,40,42,42,41,42,41,41
1775547956.8584,41,42,42,42,41,40,42,42,41,42,41,41
1775547957.0587,41,42,41,41,41,40,42,42,41,42,41,41
1775547957.2591,41,42,41,42,41,40,42,42,41,42,41,41
1775547957.4596,41,42,41,42,41,40,42,42,41,42,41,41
1775547957.6604,41,42,42,41,41,40,42,42,41,42,41,41
1775547957.8607,41,42,41,41,41,40,42,42,41,42,41,41
1775547958.0610,41,42,42,41,41,40,42,42,41,42,41,41
1775547958.2612,41,42,41,41,41,40,42,42,41,42,41,41
1775547958.4615,41,42,42,41,41,40,42,42,41,42,41,41
1775547958.6618,41,42,41,41,41,39,42,42,41,42,41,41
1775547958.8621,41,42,41,42,41,39,42,42,41,42,41,41
1775547959.0623,41,42,42,41,41,40,42,42,41,42,41,41
1775547959.2628,41,42,41,41,41,40,42,42,41,42,41,41
1775547959.4632,41,42,41,41,41,40,42,42,41,42,41,41
1775547959.6637,41,42,42,41,41,40,42,42,41,42,41,41
1775547959.8640,41,42,41,41,41,40,42,42,41,42,41,41
1775547960.0643,41,42,41,41,41,40,42,42,41,42,41,41
1775547960.2645,41,42,41,42,41,40,42,42,41,42,41,41
1775547960.4649,41,42,41,42,41,40,42,42,41,42,41,41
1775547960.6653,41,42,42,41,41,40,42,42,41,42,41,41
1775547960.8659,41,42,42,41,41,40,42,42,41,42,41,41
1775547961.0662,41,42,41,41,41,40,42,42,41,42,41,41
1775547961.2668,41,42,41,41,41,40,42,42,41,42,42,41
1775547961.4670,41,42,41,41,41,40,42,42,41,42,41,41
1775547961.6673,41,42,42,41,41,40,42,42,41,42,41,41
1775547961.8678,41,42,42,41,41,40,42,42,41,42,41,41
1775547962.0681,41,42,42,41,41,40,42,42,41,42,41,41
1775547962.2684,41,42,42,42,41,40,42,42,41,42,41,41
1775547962.4688,41,42,42,41,41,40,42,42,41,42,41,41
1775547962.6692,41,42,42,42,41,40,42,42,41,42,41,41
1775547962.8695,41,42,42,41,41,40,42,42,41,42,41,41
1775547963.0697,41,42,42,42,41,40,42,42,41,42,41,41
1775547963.2703,41,42,42,41,41,40,42,42,41,42,41,41
1775547963.4706,41,42,41,41,41,40,42,42,41,42,41,41
1775547963.6711,41,42,42,41,41,40,42,42,41,42,41,41
1775547963.8720,41,42,42,41,41,40,42,42,41,42,41,41
1775547964.0723,41,42,42,41,41,40,42,42,41,42,41,41
1775547964.2726,41,42,42,41,41,40,42,42,41,42,41,41
1775547964.4729,41,42,41,41,41,40,42,42,41,42,41,41
1775547964.6731,41,42,41,41,41,39,42,42,41,42,41,41
1775547964.8733,41,42,42,41,41,40,42,42,41,42,41,41
1775547965.0736,41,42,41,41,41,40,42,42,41,42,41,41
1775547965.2739,41,42,42,42,41,40,42,42,41,42,41,41
1775547965.4742,41,42,41,41,41,40,42,42,41,42,41,41
1775547965.6744,41,42,41,42,41,40,42,42,41,42,41,41
1775547965.8747,41,42,42,42,41,40,42,42,41,42,41,41
1775547966.0751,41,42,42,41,41,39,42,42,41,42,41,41
1775547966.2755,41,42,42,42,41,40,42,42,41,42,41,41
1775547966.4761,41,42,42,42,41,39,42,42,41,42,41,41
1775547966.6768,41,42,41,41,41,40,42,42,41,42,42,41
1775547966.8772,41,43,42,41,41,40,42,42,41,42,41,41
1775547967.0775,41,43,42,41,41,40,42,42,41,42,41,41
1775547967.2778,41,42,42,41,41,40,42,42,41,42,41,41
1775547967.4780,41,42,41,41,41,40,42,42,41,42,41,41
1775547967.6786,41,42,42,42,41,40,42,42,41,42,41,41
1775547967.8789,41,42,42,41,41,40,42,42,41,42,41,41
1775547968.0794,41,42,42,42,41,40,42,42,41,42,41,41
1775547968.2801,41,42,41,41,41,40,42,42,41,42,41,41
1775547968.4803,41,42,42,42,41,40,42,42,41,42,42,41
1775547968.6806,41,43,42,42,41,40,42,42,41,42,42,41
1775547968.8808,41,42,42,42,41,40,42,42,41,42,41,41
1775547969.0811,41,42,42,41,41,40,42,42,41,42,41,41
1775547969.2813,41,42,42,41,41,40,42,42,41,42,41,41
1775547969.4819,41,42,41,41,41,40,42,42,41,42,41,41
1775547969.6828,41,42,41,41,41,40,42,42,41,42,41,41
1775547969.8831,41,42,42,41,41,40,42,42,41,42,41,41
1775547970.0834,41,42,42,41,41,40,42,42,41,42,41,41
1775547970.2842,41,42,42,41,41,40,42,42,41,42,41,41
1775547970.4844,41,42,41,41,41,40,42,42,41,42,41,41
1775547970.6848,41,42,41,41,41,40,42,42,41,42,41,41
1775547970.8852,41,42,41,41,41,40,42,42,41,42,42,41
1775547971.0854,41,43,42,41,41,40,42,42,41,42,41,41
1775547971.2857,41,42,41,42,41,40,42,42,41,42,41,41
1775547971.4859,41,42,42,41,41,40,42,42,41,42,41,41
1775547971.6861,41,42,42,41,41,40,42,42,41,42,41,41
1775547971.8863,41,42,41,42,41,40,42,42,41,42,42,41
1775547972.0867,41,42,41,41,41,40,42,42,41,42,41,41
1775547972.2870,41,42,42,41,41,40,42,42,41,42,41,41
1775547972.4873,41,42,41,41,41,40,42,42,41,42,42,41
1775547972.6890,41,42,42,41,41,40,42,42,41,42,41,41
1775547972.8892,41,43,42,41,41,40,42,42,41,42,42,41
1775547973.0895,41,42,42,41,41,40,42,42,41,42,41,41
1775547973.2899,41,42,42,41,41,40,42,42,41,42,42,41
1775547973.4901,41,42,42,42,41,40,42,42,41,42,41,41
1775547973.6905,41,42,42,42,41,39,42,42,41,42,41,41
1775547973.8912,41,42,41,41,41,40,42,42,41,42,41,41
1775547974.0927,41,42,42,42,41,40,42,42,41,42,41,41
1775547974.2930,41,42,42,41,41,40,42,42,41,42,41,41
1775547974.4934,41,42,42,41,41,40,42,42,41,42,41,41
1775547974.6939,41,42,41,41,41,40,42,42,41,42,41,41
1775547974.8943,41,42,42,41,41,40,42,42,41,42,41,41
1775547975.0945,41,43,42,41,41,40,42,42,41,42,41,41
1775547975.2949,41,42,42,41,41,40,42,42,41,42,41,41
1775547975.4954,41,42,41,42,41,40,42,42,41,42,41,41
1775547975.6956,41,42,42,41,41,40,42,42,41,42,41,41
1775547975.8959,41,42,42,41,41,40,42,42,41,42,41,41
1775547976.0961,41,42,42,41,41,40,42,42,41,42,41,41
1775547976.2965,41,42,42,41,41,40,42,42,41,42,41,41
1775547976.4968,41,43,42,41,41,40,42,42,41,42,41,41
1775547976.6972,41,42,41,41,41,40,42,42,41,42,42,41
1775547976.8983,41,42,42,41,41,40,42,42,41,42,41,41
1775547977.0987,41,42,42,42,41,40,42,42,41,42,42,41
1775547977.2990,41,42,42,41,41,40,42,42,41,42,41,41
1775547977.4993,41,42,41,41,41,40,42,42,41,42,42,41
1775547977.6995,41,42,42,42,41,40,42,42,41,42,41,41
1775547977.8998,41,43,42,41,41,40,42,42,41,42,42,41
1775547978.1000,41,42,42,41,41,40,42,42,41,42,41,41
1775547978.3004,41,43,42,42,41,40,42,42,41,42,41,41
1775547978.5008,41,43,42,41,41,40,42,42,41,42,41,41
1775547978.7013,41,42,42,42,41,40,42,42,41,42,41,41
1775547978.9015,41,42,42,42,41,40,42,42,41,42,41,41
1775547979.1018,41,43,42,41,41,40,42,42,41,42,41,41
1775547979.3020,41,42,42,42,41,40,42,42,41,42,41,41
1775547979.5024,41,43,42,41,41,40,42,42,41,42,41,41
1775547979.7027,41,42,41,41,41,40,42,42,41,42,42,41
1775547979.9029,41,42,42,41,41,40,42,42,41,42,41,41
1775547980.1032,41,42,42,42,41,40,42,42,41,42,41,41
1775547980.3050,41,42,42,42,41,40,42,42,41,42,41,41
1775547980.5052,41,42,42,41,41,40,42,42,41,42,42,41
1775547980.7057,41,42,41,42,41,40,42,42,41,42,42,41
1775547980.9060,41,43,42,41,41,40,42,42,41,42,42,41
1775547981.1062,41,43,42,41,41,40,42,42,41,42,41,41
1775547981.3068,41,42,42,42,41,40,42,42,41,42,41,41
1775547981.5071,41,42,42,42,41,40,42,42,41,42,41,41
1775547981.7074,41,43,42,41,41,40,42,42,41,42,41,41
1775547981.9076,41,42,42,41,41,40,42,42,41,42,41,41
1775547982.1081,41,42,41,42,41,40,42,42,41,42,41,41
1775547982.3083,41,42,42,41,41,40,42,42,41,42,42,41
1775547982.5086,41,43,42,41,41,40,42,42,41,42,41,41
1775547982.7095,41,42,42,41,41,40,42,42,41,42,41,41
1775547982.9098,41,43,42,41,41,40,42,42,41,42,42,41
1775547983.1102,41,42,42,41,41,40,42,42,41,42,41,41
1775547983.3118,41,42,42,41,41,40,42,42,41,42,41,41
1775547983.5121,41,43,42,41,41,40,42,42,41,42,42,41
1775547983.7125,41,42,42,42,41,40,42,42,41,42,41,41
1775547983.9132,41,43,42,41,41,40,42,42,41,42,41,41
1775547984.1134,41,43,42,42,41,40,42,42,41,42,41,41
1775547984.3137,41,42,42,41,41,40,42,42,41,42,41,41
1775547984.5143,41,42,42,41,41,40,42,42,41,42,41,41
1775547984.7151,41,42,42,42,41,40,42,42,41,42,41,41
1775547984.9153,41,42,42,41,41,40,42,42,41,42,42,41
1775547985.1156,41,42,42,42,41,40,42,42,41,42,42,41
1775547985.3160,41,42,42,41,41,40,42,42,41,42,42,41
1775547985.5163,41,42,42,42,41,40,42,42,41,42,41,41
1775547985.7167,41,43,42,41,41,40,42,42,41,42,41,41
1775547985.9173,41,42,42,41,41,40,42,42,41,42,41,41
1775547986.1175,41,43,42,41,41,39,42,42,41,42,42,41
1775547986.3178,41,42,42,41,41,40,42,42,41,42,41,41
1775547986.5183,41,42,41,41,41,40,42,42,41,42,42,41
1775547986.7187,41,43,42,42,41,40,42,42,41,42,41,41
1775547986.9195,41,42,42,41,41,40,42,42,41,42,41,41
1775547987.1198,41,42,42,42,41,40,42,42,41,42,41,41
1775547987.3201,41,43,42,41,41,40,42,42,41,42,41,41
1775547987.5204,41,42,42,41,41,40,42,42,41,42,41,41
1775547987.7209,41,42,42,42,41,40,42,42,41,42,41,41
1775547987.9212,41,42,42,42,41,40,42,42,41,42,41,41
1775547988.1214,41,42,42,41,41,40,42,42,41,42,42,41
1775547988.3220,41,42,42,41,41,40,42,42,41,42,41,41
1775547988.5224,41,43,42,42,41,40,42,42,41,42,41,41
1775547988.7227,41,42,41,41,41,40,42,42,41,42,42,41
1775547988.9230,41,42,41,42,41,40,42,42,41,42,41,41
1775547989.1236,41,43,42,41,41,40,42,42,41,42,42,41
1775547989.3240,41,42,42,42,41,40,42,42,41,42,42,41
1775547989.5243,41,42,42,41,41,40,42,42,41,42,41,41
1775547989.7246,41,42,42,41,41,40,42,42,41,42,41,41
1775547989.9249,41,42,42,41,41,40,42,42,41,42,41,41
1775547990.1251,41,42,42,42,41,40,42,42,41,42,42,41
1775547990.3254,41,42,42,41,41,40,42,42,41,42,42,41
1775547990.5258,41,43,42,41,41,39,42,42,41,42,42,41
1775547990.7265,41,43,42,42,41,40,42,42,41,42,42,41
1775547990.9273,41,42,42,41,41,40,42,42,41,42,42,41
1775547991.1277,41,42,42,41,41,40,42,42,41,42,42,41
1775547991.3280,41,42,42,42,41,40,42,42,41,42,41,41
1775547991.5282,41,43,42,42,41,40,42,42,41,42,41,41
1775547991.7285,41,43,42,41,41,40,42,42,41,42,42,41
1775547991.9288,41,42,42,42,41,40,42,42,41,42,42,41
1775547992.1291,41,43,42,42,41,39,42,42,41,42,42,41
1775547992.3293,41,43,42,41,41,40,42,42,41,42,42,41
1775547992.5296,41,43,42,42,41,40,42,42,41,42,41,41
1775547992.7298,41,42,42,42,41,40,42,42,41,42,41,41
1775547992.9301,41,42,42,42,41,40,42,42,41,42,41,41
1775547993.1312,41,42,42,42,41,40,42,42,41,42,41,41
1775547993.3319,41,42,41,42,41,40,42,42,41,42,42,41
1775547993.5326,41,42,42,41,41,40,42,42,41,42,41,41
1775547993.7333,41,42,42,42,41,40,42,42,41,42,41,41
1775547993.9336,41,42,42,42,41,40,42,42,41,42,41,41
1775547994.1339,41,42,42,41,41,40,42,42,41,42,41,41
1775547994.3342,41,43,42,41,41,40,42,42,41,42,42,41
1775547994.5344,41,43,42,41,41,40,42,42,41,42,41,41
1775547994.7348,41,42,42,42,41,40,42,42,41,42,41,41
1775547994.9352,41,43,42,41,41,40,42,42,41,42,41,41
1775547995.1365,41,42,42,42,41,40,42,42,41,42,42,41
1775547995.3367,41,42,42,41,41,40,42,42,41,42,41,41
1775547995.5370,41,43,42,41,41,40,42,42,41,42,42,41
1775547995.7372,41,42,42,42,41,40,42,42,41,42,42,41
1775547995.9375,41,43,42,41,41,40,42,42,41,42,42,41
1775547996.1378,41,42,42,41,41,40,42,42,41,42,41,41
1775547996.3382,41,42,42,42,41,40,42,42,41,42,41,41
1775547996.5384,41,43,42,41,41,40,42,42,41,42,42,41
1775547996.7387,41,42,42,42,41,40,42,42,41,42,42,41
1775547996.9390,41,42,42,42,41,39,42,42,41,42,41,41
1775547997.1392,41,42,42,41,41,40,42,42,41,42,42,41
1775547997.3395,41,42,42,42,41,40,42,42,41,42,41,41
1775547997.5403,41,43,42,41,41,40,42,42,41,42,41,41
1775547997.7408,41,43,42,41,41,40,42,42,41,42,41,41
1775547997.9410,41,43,42,41,41,40,42,42,41,42,41,41
1775547998.1413,41,42,42,42,41,40,42,42,41,42,42,41
1775547998.3415,41,42,42,42,41,40,42,42,41,42,42,41
1775547998.5418,41,43,41,42,41,40,42,42,41,42,42,41
1775547998.7422,41,43,42,41,41,40,42,42,41,42,42,41
1775547998.9425,41,42,42,41,41,40,42,42,41,42,41,41
1775547999.1428,41,43,42,42,41,40,42,42,41,42,41,41
1775547999.3430,41,43,42,41,41,40,42,42,41,42,41,41
1775547999.5437,41,42,42,42,41,40,42,42,41,42,41,41
1775547999.7440,41,43,42,41,41,40,42,42,41,42,41,41
1775547999.9443,41,42,42,42,41,40,42,42,41,42,41,41
1775548000.1445,41,43,42,42,41,40,42,42,41,42,41,41
1775548000.3448,41,42,42,42,41,40,42,42,41,42,41,41
1775548000.5452,41,42,42,42,41,40,42,42,41,42,41,41
1775548000.7454,41,43,42,42,41,40,42,42,41,42,41,41
1775548000.9457,41,43,42,42,41,40,42,42,41,42,41,41
1775548001.1459,41,42,42,42,41,40,42,42,41,42,41,41
1775548001.3461,41,42,42,41,41,40,42,42,41,42,41,41
1775548001.5464,41,42,42,42,41,40,42,42,41,42,41,41
1775548001.7471,41,42,42,41,41,40,42,42,41,42,42,41
1775548001.9475,41,42,42,42,41,40,42,42,41,42,41,41
1775548002.1478,41,43,42,42,41,39,42,42,41,42,42,41
1775548002.3480,41,43,42,41,41,40,42,42,41,42,41,41
1775548002.5484,41,43,42,41,41,40,42,42,41,42,41,41
1775548002.9149,41,42,42,41,41,40,42,42,41,42,41,41
1775548003.1161,41,42,42,42,41,40,42,42,41,42,41,41
1775548003.3164,41,42,42,42,41,40,42,42,41,42,41,41
1775548003.5168,41,43,42,41,41,40,42,42,41,42,41,41
1775548003.7173,41,43,42,42,41,40,42,42,41,42,42,41
1775548003.9177,41,43,42,42,41,40,42,42,41,42,42,41
1775548004.1180,41,43,42,42,41,40,42,42,41,42,41,41
1775548004.3183,41,43,42,42,41,40,42,42,41,42,42,41
1775548004.5186,41,42,42,41,41,40,42,42,41,42,41,41
1775548004.7188,41,43,42,41,41,40,42,42,41,42,42,41
1775548004.9191,41,43,42,42,41,40,42,42,41,42,42,41
1775548005.1194,41,43,42,41,41,40,42,42,41,42,41,41
1775548005.3199,41,42,42,41,41,40,42,42,41,42,41,41
1775548005.5209,41,42,42,42,41,40,42,42,41,42,42,41
1775548005.7212,41,43,42,41,41,40,42,42,41,42,41,41
1775548005.9214,41,42,42,42,41,40,42,42,41,42,41,41
1775548006.1217,41,42,42,42,41,40,42,42,41,42,42,41
1775548006.3220,41,42,42,41,41,40,42,42,41,42,41,41
1775548006.5222,41,43,42,41,41,40,42,42,41,42,42,41
1775548006.7225,41,43,42,41,41,40,42,42,41,42,42,41
1775548006.9227,41,43,42,42,41,40,42,42,41,42,42,41
1775548007.1230,41,42,42,42,41,40,42,42,41,42,42,41
1775548007.3233,41,42,42,42,41,40,42,42,41,42,42,41
1775548007.5237,41,43,42,42,41,40,42,42,41,42,41,41
1775548007.7242,41,43,42,42,41,40,42,42,41,42,41,41
1775548007.9245,41,42,42,42,41,40,42,42,41,42,41,41
1775548008.1250,41,42,42,42,41,40,42,42,41,42,42,41
1775548008.3253,41,43,42,41,41,40,42,42,41,42,42,41
1775548008.5256,41,43,42,42,41,40,42,42,41,42,41,41
1775548008.7260,41,42,42,41,41,40,42,42,41,42,41,41
1775548008.9262,41,43,42,42,41,40,42,42,41,42,41,41
1775548009.1265,41,43,42,41,41,40,42,42,41,42,42,41
1775548009.3268,41,43,42,41,41,40,42,42,41,42,42,41
1775548009.5271,41,42,42,41,41,40,42,42,41,42,41,41
1775548009.7274,41,43,42,41,41,40,42,42,41,42,41,41
1775548009.9277,41,42,42,42,41,40,42,42,41,42,42,41
1775548010.1284,41,42,42,42,41,40,42,42,41,42,41,41
1775548010.3287,41,43,42,42,41,40,42,42,41,42,42,41
1775548010.5290,41,42,42,42,41,40,42,42,41,42,42,41
1775548010.7293,41,43,42,42,41,40,42,42,41,42,42,41
1775548010.9296,41,43,42,42,41,40,42,42,41,42,41,41
1775548011.1299,41,43,42,41,41,40,42,42,41,42,41,41
1775548011.3301,41,42,42,41,41,40,42,42,41,42,42,41
1775548011.5307,41,43,42,42,41,40,42,42,41,42,41,41
1775548011.7309,41,43,42,42,41,40,42,42,41,42,42,41
1775548011.9312,41,43,42,42,41,40,42,42,41,42,42,41
1775548012.1315,41,43,42,41,41,40,42,42,41,42,42,41
1775548012.3322,41,42,42,41,41,40,42,42,41,42,41,41
1775548012.5340,41,43,42,42,41,40,42,42,41,42,42,41
1775548012.7344,41,43,42,41,41,40,42,42,41,42,41,41
1775548012.9346,41,43,42,41,41,40,42,42,41,42,42,41
1775548013.1349,41,43,42,42,41,40,42,42,41,42,42,41
1775548013.3351,41,43,42,42,41,40,42,42,41,42,42,41
1775548013.5355,41,43,42,41,41,40,42,42,41,42,42,41
1775548013.7360,41,43,42,42,41,40,42,42,41,42,42,41
1775548013.9362,41,43,42,42,41,40,42,42,41,42,42,41
1775548014.1370,41,42,42,42,41,40,42,42,41,42,42,41
1775548014.3374,41,43,42,41,41,40,42,42,41,42,42,41
1775548014.5376,41,42,42,42,41,40,42,42,41,42,42,41
1775548014.7379,41,43,42,42,41,40,42,42,41,42,42,41
1775548014.9382,41,43,42,41,41,40,42,42,41,42,42,41
1775548015.1384,41,42,42,42,41,40,42,42,41,42,42,41
1775548015.3387,41,43,42,41,41,40,42,42,41,42,41,41
1775548015.5389,41,42,42,41,41,40,42,42,41,42,42,41
1775548015.7392,41,42,42,41,41,40,42,42,41,42,42,41
1775548015.9394,41,43,42,42,41,40,42,42,41,42,41,41
1775548016.1397,41,42,42,42,41,40,42,42,41,42,42,41
1775548016.3399,41,42,42,42,41,40,42,42,41,42,42,41
1775548016.5403,41,43,42,42,41,40,42,42,41,42,41,41
1775548016.7407,41,43,42,41,41,40,42,42,41,42,41,41
1775548016.9410,41,43,42,42,41,40,42,42,41,42,41,41
1775548017.1414,41,42,42,42,41,40,42,42,41,42,42,41
1775548017.3420,41,42,42,42,41,40,42,42,41,42,42,41
1775548017.5425,41,42,42,41,41,40,42,42,41,42,41,41
1775548017.7435,41,43,42,42,41,40,42,42,41,42,42,41
1775548017.9439,41,43,42,42,41,40,42,42,41,42,42,41
1775548018.1444,41,43,42,41,41,40,42,42,41,42,41,41
1775548018.3450,41,42,42,42,41,40,42,42,41,42,42,41
1775548018.5452,41,43,42,42,41,40,42,42,41,42,41,41
1775548018.7455,41,42,42,42,41,40,42,42,41,42,42,41
1775548018.9458,41,43,42,41,41,40,42,42,41,42,42,41
1775548019.1462,41,43,42,42,41,40,42,42,41,42,42,41
1775548019.3465,41,42,42,42,41,40,42,42,41,42,41,41
1775548019.5469,41,43,42,41,41,40,42,42,41,42,41,41
1775548019.7472,41,43,42,41,41,40,42,42,41,42,41,41
1775548019.9474,41,43,42,41,41,40,42,42,41,42,42,41
1775548020.1477,41,43,42,41,41,40,42,42,41,42,42,41
1775548020.3479,41,43,42,42,41,40,42,42,41,42,42,41
1775548020.5482,41,43,42,42,41,40,42,42,41,42,41,41
1775548020.7485,41,42,42,41,41,39,42,42,41,42,42,41
1775548020.9487,41,43,42,42,41,40,42,42,41,42,42,41
1775548021.1490,41,43,42,42,41,40,42,42,41,42,42,41
1775548021.3492,41,43,42,42,41,40,42,42,41,42,42,41
1775548021.5496,41,43,42,42,41,40,42,42,41,42,42,41
1775548021.7498,41,43,42,42,41,40,42,42,41,42,42,41
1775548021.9503,41,43,42,41,41,40,42,42,41,42,42,41
1775548022.1506,41,43,42,42,41,40,42,42,41,42,41,41
1775548022.3509,41,43,42,42,41,40,42,42,41,42,42,41
1775548022.5512,41,43,42,42,41,40,42,42,41,42,42,41
1775548022.7516,41,43,42,41,41,40,42,42,41,42,42,41
1775548022.9519,41,43,42,42,41,40,42,42,41,42,41,41
1775548023.1521,41,43,42,41,41,40,42,42,41,42,42,41
1775548023.3524,41,43,42,42,41,40,42,42,41,42,41,41
1775548023.5527,41,42,42,42,41,40,42,42,41,42,42,41
1775548023.7529,41,43,42,42,41,40,42,42,41,42,42,41
1775548023.9534,41,43,42,42,41,40,42,42,41,42,41,41
1775548024.1539,41,42,42,42,41,40,42,42,41,42,41,41
1775548024.3542,41,43,42,42,41,40,42,42,41,42,41,41
1775548024.5545,41,42,42,41,41,40,42,42,41,42,42,41
1775548024.7550,41,43,42,42,41,40,42,42,41,42,42,41
1775548024.9552,41,42,42,42,41,40,42,42,41,42,42,41
1775548025.1555,41,43,42,42,41,40,42,42,41,42,42,41
1775548025.3559,41,43,42,42,41,40,42,42,41,42,41,41
1775548025.5569,41,43,42,41,41,40,42,42,41,42,42,41
1775548025.7573,41,43,42,42,41,40,42,42,41,42,42,41
1775548025.9577,41,43,42,42,41,40,42,42,41,42,42,41
1775548026.1581,41,43,42,42,41,40,42,42,41,42,42,41
1775548026.3584,41,43,42,42,41,40,42,42,41,42,41,41
1775548026.5587,41,43,42,42,41,40,42,42,41,42,42,41
1775548026.7590,41,43,42,42,41,40,42,42,41,42,42,41
1775548026.9593,41,43,42,42,41,40,42,42,41,42,41,41
1775548027.1596,41,43,42,42,41,40,42,42,41,42,42,41
1775548027.3600,41,43,42,42,41,40,42,42,41,42,41,41
1775548027.5602,41,43,42,42,41,40,42,42,41,42,42,41
1775548027.7605,41,42,42,42,41,40,42,42,41,42,42,41
1775548027.9608,41,43,42,42,41,40,42,42,41,42,42,41
1775548028.1612,41,43,42,42,41,40,42,42,41,42,42,41
1775548028.3614,41,42,42,42,41,40,42,42,41,42,41,41
1775548028.5619,41,43,42,42,41,40,42,42,41,42,42,41
1775548028.7621,41,43,42,42,41,40,42,42,41,42,42,41
1775548028.9624,41,43,42,41,41,40,42,42,41,42,42,41
1775548029.1626,41,43,42,42,41,40,42,42,41,42,42,41
1775548029.3629,41,43,42,42,41,40,42,42,41,42,42,41
1775548029.5632,41,43,42,41,41,40,42,42,41,42,41,41
1775548029.7634,41,43,42,42,41,40,42,42,41,42,42,41
1775548029.9645,41,43,42,42,41,40,42,42,41,42,42,41
1775548030.1654,41,43,42,42,41,40,42,42,41,42,42,41
1775548030.3659,41,43,42,41,41,40,42,42,41,42,42,41
1775548030.5663,41,43,42,41,41,40,42,42,41,42,42,41
1775548030.7666,41,43,42,42,41,40,42,42,41,42,42,41
1775548030.9675,41,43,42,41,41,40,42,42,41,42,42,41
1775548031.1681,41,43,42,42,41,40,42,42,41,42,42,41
1775548031.3686,41,43,42,41,41,40,42,42,41,42,42,41
1775548031.5688,41,43,42,42,41,40,42,42,41,42,42,41
1775548031.7691,41,43,42,42,41,40,42,42,41,42,41,41
1775548031.9694,41,43,42,42,41,40,42,42,41,42,42,41
1775548032.1696,41,43,42,41,41,40,42,42,41,42,42,41
1775548032.3699,41,42,42,42,41,40,42,42,41,42,42,41
1775548032.5700,41,43,42,42,41,40,42,42,41,42,42,41
1775548032.7703,41,43,42,42,41,40,42,42,41,42,42,41
1775548032.9706,41,43,42,42,41,40,42,42,41,42,42,41
1775548033.1708,41,43,42,42,41,40,42,42,41,42,41,41
1775548033.3714,41,43,42,41,41,40,42,42,41,42,41,41
1775548033.5717,41,43,42,42,41,40,42,42,41,42,42,41
1775548033.7719,41,43,42,42,41,40,42,42,41,42,42,41
1775548033.9722,41,43,42,42,41,40,42,42,41,42,42,41
1775548034.1724,41,43,42,41,41,40,42,42,41,42,42,41
1775548034.3727,41,43,42,42,41,40,42,42,41,42,42,41
1775548034.5731,41,42,42,41,41,40,42,42,41,42,42,41
1775548034.7733,41,43,42,42,41,40,42,42,41,42,42,41
1775548034.9736,41,43,42,41,41,40,42,42,41,42,42,41
1775548035.1739,41,43,42,42,41,40,42,42,41,42,42,41
1775548035.3749,41,43,42,42,41,40,42,42,41,42,42,41
1775548035.5754,41,43,42,42,41,40,42,42,41,42,42,41
1775548035.7767,41,42,42,42,41,40,42,42,41,42,42,41
1775548035.9770,41,43,42,42,41,40,42,42,41,42,42,41
1775548036.1779,41,43,42,42,41,40,42,42,41,42,42,41
1775548036.3781,41,43,42,42,41,40,42,42,41,42,42,41
1775548036.5784,41,43,42,42,41,40,42,42,41,42,42,41
1775548036.7787,41,43,42,42,41,40,42,42,41,42,42,41
1775548036.9790,41,43,42,42,41,40,42,42,41,42,42,41
1775548037.1795,41,43,42,42,41,40,42,42,41,42,42,41
1775548037.3798,41,43,42,42,41,40,42,42,41,42,42,41
1775548037.5802,41,42,42,41,41,40,42,42,41,42,42,41
1775548037.7805,41,43,42,42,41,40,42,42,41,42,42,41
1775548037.9807,41,43,42,41,41,40,42,42,41,42,42,41
1775548038.1810,41,43,42,42,41,40,42,42,41,42,42,41
1775548038.3815,41,43,42,42,41,40,42,42,41,42,42,41
1775548038.5823,41,43,42,42,41,40,42,42,41,42,42,41
1775548038.7828,41,43,42,42,41,40,42,42,41,42,42,41
1775548038.9831,41,42,42,42,41,40,42,42,41,42,42,41
1775548039.1833,41,43,42,42,41,40,42,42,41,42,42,41
1775548039.3836,41,43,42,42,41,40,42,42,41,42,42,41
1775548039.5839,41,43,42,42,41,40,42,42,41,42,42,41
1775548039.7841,41,43,42,42,41,40,42,42,41,42,42,41
1775548039.9844,41,43,42,41,41,40,42,42,41,42,42,41
1775548040.1851,41,43,42,41,41,40,42,42,41,42,42,41
1775548040.3856,41,42,42,41,41,40,42,42,41,42,42,41
1775548040.5859,41,43,42,42,41,40,42,42,41,42,42,41
1775548040.7863,41,43,42,41,41,40,42,42,41,42,42,41
1775548040.9874,41,43,42,41,41,40,42,42,41,42,42,41
1775548041.1878,41,43,42,42,41,40,42,42,41,42,41,41
1775548041.3880,41,43,42,42,41,40,42,42,41,42,42,41
1775548041.5884,41,43,42,42,41,40,42,42,41,42,42,41
1775548041.7887,41,43,42,42,41,40,42,42,41,42,42,41
1775548041.9890,41,43,42,42,41,40,42,42,41,42,42,41
1775548042.1892,41,43,42,42,41,40,42,42,41,42,42,41
1775548042.3895,41,43,42,41,41,40,42,42,41,42,42,41
1775548042.5897,41,43,42,42,41,40,42,42,41,42,42,41
1775548042.7900,41,43,42,42,41,40,42,42,41,42,42,41
1775548042.9903,41,43,42,42,41,40,42,42,41,42,42,41
1775548043.1907,41,43,42,42,41,40,42,42,41,42,42,41
1775548043.3909,41,43,42,42,41,40,42,42,41,42,42,41
1775548043.5912,41,43,42,42,41,40,42,42,41,42,41,41
1775548043.7915,41,43,42,42,41,40,42,42,41,42,42,41
1775548043.9919,41,43,42,42,41,40,42,42,41,42,42,41
1775548044.1921,41,43,42,42,41,40,42,42,41,42,42,41
1775548044.3924,41,43,42,42,41,40,42,42,41,42,42,41
1775548044.5927,41,43,42,42,41,40,42,42,41,42,42,41
1775548044.7932,41,43,42,42,41,40,42,42,41,42,42,41
1775548044.9936,41,43,42,42,41,40,42,42,41,42,42,41
1775548045.1939,41,43,42,42,41,40,42,42,41,42,42,41
1775548045.3942,41,43,42,41,41,40,42,42,41,42,42,41
1775548045.5944,41,43,42,41,41,40,42,42,41,42,42,41
1775548045.7947,41,43,42,41,41,40,42,42,41,42,42,41
1775548045.9950,41,43,42,42,41,40,42,42,41,42,42,41
1775548046.1953,41,43,42,42,41,40,42,42,41,42,42,41
1775548046.3956,41,43,42,42,41,40,42,42,41,42,42,41
1775548046.5958,41,43,42,42,41,40,42,42,41,42,42,41
1775548046.7962,41,43,42,41,41,40,42,42,41,42,42,41
1775548046.9965,41,43,42,42,41,40,42,42,41,42,42,41
1775548047.1968,41,43,42,42,41,40,42,42,41,42,42,41
1775548047.3971,41,43,42,42,41,40,42,42,41,42,42,41
1775548047.5974,41,43,42,42,41,40,42,42,41,42,42,41
1775548047.7980,41,43,42,42,41,40,42,42,41,42,42,41
1775548047.9985,41,43,42,42,41,40,42,42,41,42,42,41
1775548048.1988,41,43,42,41,41,40,42,42,41,42,42,41
1775548048.3993,41,42,42,42,41,40,42,42,41,42,42,41
1775548048.5999,41,43,42,42,41,40,42,42,41,42,42,41
1775548048.8005,41,43,42,42,41,40,42,42,41,42,42,41
1775548049.0007,41,43,42,42,41,40,42,42,41,42,42,41
1775548049.2011,41,43,42,42,41,40,42,42,41,42,42,41
1775548049.4014,41,43,42,42,41,40,42,42,41,42,42,41
1775548049.6017,41,43,42,41,41,40,42,42,41,42,42,41
1775548049.8021,41,43,42,42,41,40,42,42,41,42,42,41
1775548050.0023,41,43,42,42,41,40,42,42,41,42,42,41
1775548050.2029,41,43,42,42,41,40,42,42,41,42,42,41
1775548050.4031,41,43,42,42,41,40,42,42,41,42,42,41
1775548050.6034,41,43,42,42,41,40,42,42,41,42,42,41
1775548050.8037,41,43,42,42,41,40,42,42,41,42,42,41
1775548051.0040,41,43,42,42,41,40,42,42,41,42,42,41
1775548051.2042,41,43,42,42,41,40,42,42,41,42,42,41
1775548051.4045,41,43,42,42,41,40,42,42,41,42,42,41
1775548051.6048,41,43,42,42,41,40,42,42,41,42,42,41
1775548051.8051,41,43,42,42,41,40,42,42,41,42,42,41
1775548052.0053,41,43,42,42,41,40,42,42,41,42,42,41
1775548052.2056,41,43,42,42,41,40,42,42,41,42,42,41
1775548052.4060,41,43,42,42,41,40,42,42,41,42,42,41
1775548052.6070,41,43,42,42,41,40,42,42,41,42,42,41
1775548052.8075,41,43,42,42,41,40,42,42,41,42,42,41
1775548053.0078,41,43,42,42,41,40,42,42,41,42,42,41
1775548053.2084,41,43,42,42,41,40,42,42,41,42,42,41
1775548053.4087,41,43,42,42,41,40,42,42,41,42,42,41
1775548053.6095,41,43,42,42,41,40,42,42,41,42,42,41
1775548053.8098,41,43,42,42,41,40,42,42,41,42,42,41
1775548054.0100,41,43,42,42,41,40,42,42,41,42,42,41
1775548054.2103,41,43,42,41,41,40,42,42,41,42,42,41
1775548054.4105,41,43,42,41,41,40,42,42,41,42,42,41
1775548054.6109,41,43,42,41,41,40,42,42,41,42,42,41
1775548054.8112,41,43,42,42,41,40,42,42,41,42,42,41
1775548055.0114,41,43,42,42,41,40,42,42,41,42,42,41
1775548055.2117,41,43,42,42,41,40,42,42,41,42,42,41
1775548055.4119,41,43,42,42,41,40,42,42,41,42,42,41
1775548055.6122,41,43,42,42,41,40,42,42,41,42,42,41
1775548055.8126,41,43,42,42,41,40,42,42,41,42,42,41
1775548056.0128,41,43,42,42,41,40,42,42,41,42,42,41
1775548056.2131,41,43,42,42,41,40,42,42,41,42,42,41
1775548056.4133,41,43,42,42,41,40,42,42,41,42,42,41
1775548056.6136,41,43,42,42,41,40,42,42,41,42,42,41
1775548056.8139,41,43,42,42,41,40,42,42,41,42,42,41
1775548057.0142,41,43,42,42,41,40,42,42,41,42,42,41
1775548057.2145,41,43,42,42,41,40,42,42,41,42,42,41
1775548057.4147,41,43,42,42,41,40,42,42,41,42,42,41
1775548057.6150,41,43,42,42,41,40,42,42,41,42,42,41
1775548057.8153,41,43,42,42,41,40,42,42,41,42,42,41
1775548058.0156,41,43,42,41,41,40,42,42,41,42,42,41
1775548058.2159,41,43,42,42,41,40,42,42,41,42,42,41
1775548058.4162,41,43,42,42,41,40,42,42,41,42,42,41
1775548058.6166,41,43,42,42,41,40,42,42,41,42,42,41
1775548058.8168,41,43,42,42,41,40,42,42,41,42,42,41
1775548059.0171,41,43,42,42,41,40,42,42,41,42,42,41
1775548059.2174,41,43,42,42,41,40,42,42,41,42,42,41
1775548059.4177,41,43,42,42,41,40,42,42,41,42,42,41
1775548059.6180,41,43,42,42,41,40,42,42,41,42,42,41
1775548059.8182,41,43,42,42,41,40,42,42,41,42,42,41
1775548060.0190,41,43,42,42,41,40,42,42,41,42,42,41
1775548060.2193,41,43,42,42,41,40,42,42,41,42,42,41
1775548060.4196,41,43,42,42,41,40,42,42,41,42,42,41
1775548060.6198,41,43,42,41,41,40,42,42,41,42,42,41
1775548060.8201,41,43,42,42,41,40,42,42,41,42,42,41
1775548061.0204,41,43,42,42,41,40,42,42,41,42,42,41
1775548061.2206,41,43,42,42,41,40,42,42,41,42,42,41
1775548061.4209,41,43,42,41,41,40,42,42,41,42,42,41
1775548061.6211,41,43,42,42,41,40,42,42,41,42,42,41
1775548061.8217,41,43,42,42,41,40,42,42,41,42,42,41
1775548062.0222,41,43,42,42,41,40,42,42,41,42,42,41
1775548062.2224,41,43,42,42,41,40,42,42,41,42,42,41
1775548062.4227,41,43,42,42,41,40,42,42,41,42,42,41
1775548062.6229,41,43,42,42,41,40,42,42,41,42,42,41
1775548062.8232,41,43,42,42,41,40,42,42,41,42,42,41
1775548063.0235,41,43,42,41,41,40,42,42,41,42,42,41
1775548063.2237,41,43,42,42,41,40,42,42,41,42,42,41
1775548063.4240,41,43,42,42,41,40,42,42,41,42,42,41
1775548063.6242,41,43,42,42,41,40,42,42,41,42,42,41
1775548063.8245,41,43,42,41,41,40,42,42,41,42,42,41
1775548064.0247,41,43,42,42,41,40,42,42,41,42,42,41
1775548064.2250,41,43,42,42,41,40,42,42,41,42,42,41
1775548064.4254,41,43,42,42,41,40,42,42,41,42,42,41
1775548064.6257,41,43,42,42,41,40,42,42,41,42,42,41
1775548064.8261,41,43,42,42,41,40,42,42,41,42,42,41
1775548065.0265,41,43,42,42,41,40,42,42,41,42,42,41
1775548065.2267,41,43,42,42,41,40,42,42,41,42,42,41
1775548065.4271,41,43,42,42,41,40,42,42,41,42,42,41
1775548065.6274,41,43,42,42,41,40,42,42,41,42,42,41
1775548065.8277,41,43,42,42,41,40,42,42,41,42,42,41
1775548066.0284,41,43,42,42,41,40,42,42,41,42,42,41
1775548066.2287,41,43,42,42,41,40,42,42,41,42,42,41
1775548066.4290,41,43,42,42,41,40,42,42,41,42,42,41
1775548066.6292,41,43,42,42,41,40,42,42,41,42,42,41
1775548066.8298,41,43,42,42,41,40,42,42,41,42,42,41
1775548067.0302,41,43,42,42,41,40,42,42,41,42,42,41
1775548067.2304,41,43,42,42,41,40,42,42,41,42,42,41
1775548067.4307,41,43,42,42,41,40,42,42,41,42,42,41
1775548067.6309,41,43,42,42,41,40,42,42,41,42,42,41
1775548067.8313,41,43,42,42,41,40,42,42,41,42,42,41
1775548068.0315,41,43,42,42,41,40,42,42,41,42,42,41
1775548068.2318,41,43,42,42,41,40,42,42,41,42,42,41
1775548068.4321,41,43,42,42,41,40,42,42,41,42,42,41
1775548068.6323,41,43,42,42,41,40,42,42,41,42,42,41
1775548068.8326,41,43,42,42,41,40,42,42,41,42,42,41
1775548069.0329,41,43,42,42,41,40,42,42,41,42,42,41
1775548069.2331,41,43,42,42,41,40,42,42,41,42,42,41
1775548069.4336,41,43,42,42,41,40,42,43,41,42,42,41
1775548069.6339,41,43,42,42,41,40,42,42,41,42,42,41
1775548069.8341,41,43,42,42,41,40,42,42,41,42,42,41
1775548070.0348,41,43,42,42,41,40,42,42,41,42,42,41
1775548070.2351,41,43,42,42,41,40,42,42,41,42,42,41
1775548070.4353,41,43,42,42,41,40,42,42,41,42,42,41
1775548070.6356,41,43,42,42,41,40,42,42,41,42,42,41
1775548070.8358,41,43,42,42,41,40,42,42,41,42,42,41
1775548071.0361,41,43,42,42,41,40,42,42,41,42,42,41
1775548071.2363,41,43,42,41,41,40,42,42,41,42,42,41
1775548071.4366,41,43,42,42,41,40,42,42,41,42,42,41
1775548071.6369,41,43,42,42,41,40,42,42,41,42,42,41
1775548071.8374,41,43,42,42,41,40,42,42,41,42,42,41
1775548072.0378,41,43,42,42,41,40,42,42,41,42,42,41
1775548072.2380,41,43,42,42,41,40,42,42,41,42,42,41
1775548072.4386,41,43,42,42,41,40,42,42,41,42,42,41
1775548072.6389,41,43,42,42,41,40,42,42,41,42,42,41
1775548072.8392,41,43,42,42,41,40,42,42,41,42,42,41
1775548073.0401,41,43,42,42,41,40,42,42,41,42,42,41
1775548073.2405,41,43,42,42,41,40,42,42,41,42,42,41
1775548073.4415,41,43,42,42,41,40,42,42,41,42,42,41
1775548073.6421,41,43,42,42,41,40,42,42,41,42,42,41
1775548073.8424,41,43,42,42,41,40,42,42,41,42,42,41
1775548074.0426,41,43,42,42,41,40,42,42,41,42,42,41
1775548074.2432,41,43,42,42,41,40,42,42,41,42,42,41
1775548074.4437,41,43,42,41,41,40,42,42,41,42,42,41
1775548074.6439,41,43,42,42,41,40,42,42,41,42,42,41
1775548074.8442,41,43,42,42,41,40,42,43,41,42,42,41
1775548075.0445,41,43,42,42,41,40,42,42,41,42,42,41
1775548075.2447,41,43,42,42,41,40,42,42,41,42,42,41
1775548075.4450,41,43,42,42,41,40,42,42,41,42,42,41
1775548075.6453,41,43,42,42,41,40,42,42,41,42,42,41
1775548075.8459,41,43,42,42,41,40,42,42,41,42,42,41
1775548076.0461,41,43,42,42,41,40,42,42,41,42,42,41
1775548076.2464,41,43,42,41,41,40,42,42,41,42,42,41
1775548076.4468,41,43,42,42,41,40,42,42,41,42,42,41
1775548076.6470,41,43,42,42,41,40,42,42,41,42,42,41
1775548076.8473,41,43,42,42,41,40,42,42,41,42,42,41
1775548077.0480,41,43,42,42,41,40,42,42,41,42,42,41
1775548077.2484,41,43,42,41,41,40,42,42,41,42,42,41
1775548077.4490,41,43,42,42,41,40,42,42,41,42,42,41
1775548077.6497,41,43,42,42,41,40,42,42,41,42,42,41
1775548077.8500,41,43,42,42,41,40,42,42,41,42,42,41
1775548078.0501,41,43,42,42,41,40,42,42,41,42,42,41
1775548078.2503,41,43,42,42,41,40,42,42,41,42,42,41
1775548078.4511,41,43,42,42,41,40,42,42,41,42,42,41
1775548078.6515,41,43,42,42,41,40,42,42,41,42,42,41
1775548078.8520,41,43,42,42,41,40,42,42,41,42,42,41
1775548079.0523,41,43,42,42,41,40,42,42,41,42,42,41
1775548079.2529,41,43,42,42,41,40,42,42,41,42,42,41
1775548079.4532,41,43,42,42,41,40,42,42,41,42,42,41
1775548079.6537,41,43,42,41,41,40,42,42,41,42,42,41
1775548079.8539,41,43,42,42,41,40,42,42,41,42,42,41
1775548080.0542,41,43,42,42,41,40,42,42,41,42,42,41
1775548080.2545,41,43,42,42,41,40,42,42,41,42,42,41
1775548080.4548,41,43,42,42,41,40,42,42,41,42,42,41
1775548080.6550,41,43,42,42,41,40,42,42,41,42,42,41
1775548080.8553,41,43,42,42,41,40,42,42,41,42,42,41
1775548081.0555,41,43,42,42,41,40,42,42,41,42,42,41
1775548081.2558,41,43,42,42,41,40,42,42,41,42,42,41
1775548081.4561,41,43,42,42,41,40,42,42,41,42,42,41
1775548081.6563,41,43,42,42,41,40,42,42,41,42,42,41
1775548081.8566,41,43,42,42,41,40,42,42,41,42,42,41
1775548082.0570,41,43,42,42,41,40,42,42,41,42,42,41
1775548082.2574,41,43,42,42,41,40,42,42,41,42,42,41
1775548082.4576,41,43,42,42,41,40,42,42,41,42,42,41
1775548082.6579,41,43,42,42,41,40,42,42,41,42,42,41
1775548082.8582,41,43,42,42,41,40,42,42,41,42,42,41
1775548083.0584,41,43,42,42,41,40,42,42,41,42,42,41
1775548083.2587,42,43,42,42,41,40,42,42,41,42,42,41
1775548083.4590,41,43,42,42,41,40,42,42,41,42,42,41
1775548083.6592,41,43,42,42,41,40,42,42,41,42,42,41
1775548083.8607,41,43,42,42,41,40,42,42,41,42,42,41
1775548084.0611,41,43,42,42,41,40,42,42,41,42,42,41
1775548084.2614,41,43,42,42,41,40,42,42,41,42,42,41
1775548084.4618,41,43,42,42,41,40,42,42,41,42,42,41
1775548084.6621,42,43,42,42,41,40,42,42,41,42,42,41
1775548084.8625,42,43,42,42,41,40,42,42,41,42,42,41
1775548085.0629,41,43,42,42,41,40,42,42,41,42,42,41
1775548085.2633,41,43,42,42,41,40,42,42,41,42,42,41
1775548085.4639,41,43,42,42,41,40,42,42,41,42,42,41
1775548085.6643,41,43,42,42,41,40,42,42,41,42,42,41
1775548085.8647,41,43,42,42,41,40,42,42,41,42,42,41
1775548086.0654,41,43,42,42,41,40,42,42,41,42,42,41
1775548086.2656,41,43,42,42,41,40,42,42,41,42,42,41
1775548086.4659,41,43,42,42,41,40,42,42,41,42,42,41
1775548086.6662,41,43,42,42,41,40,42,42,41,42,42,41
1775548086.8664,41,43,42,42,41,40,42,42,41,42,42,41
1775548087.0667,41,43,42,42,41,40,42,42,41,42,42,41
1775548087.2670,41,43,42,42,41,40,42,42,41,42,42,41
1775548087.4673,41,43,42,42,41,40,42,42,41,42,42,41
1775548087.6676,41,43,42,42,41,40,42,42,41,42,42,41
1775548087.8710,41,43,42,42,41,40,42,42,41,42,42,41
1775548088.0714,41,43,42,42,41,40,42,42,41,42,42,41
1775548088.2718,41,43,42,42,41,40,42,42,41,42,42,41
1775548088.4720,41,43,42,42,41,40,42,42,41,42,42,41
1775548088.6724,41,43,42,42,41,40,42,42,41,42,42,41
1775548088.8728,41,43,42,42,41,40,42,42,41,42,42,41
1775548089.0730,41,43,42,42,41,40,42,42,41,42,42,41
1775548089.2733,41,43,42,42,41,40,42,42,41,42,42,41
1775548089.4737,41,43,42,42,41,40,42,42,41,42,42,41
1775548089.6740,41,43,42,42,41,40,42,42,41,42,42,41
1775548089.8743,41,43,42,42,41,40,42,42,41,42,42,41
1775548090.0745,42,43,42,42,41,40,42,42,41,42,42,41
1775548090.2748,41,43,42,42,41,40,42,42,41,42,42,41
1775548090.4751,41,43,42,42,41,40,42,42,41,42,42,41
1775548090.6753,41,43,42,42,41,40,42,42,41,42,42,41
1775548090.8756,42,43,42,42,41,40,42,42,41,42,42,41
1775548091.0758,41,43,42,42,41,40,42,42,41,42,42,41
1775548091.2761,41,43,42,42,41,40,42,42,41,42,42,41
1775548091.4764,41,43,42,42,41,40,42,42,41,42,42,41
1775548091.6767,41,43,42,42,41,40,42,42,41,42,42,41
1775548091.8773,41,43,42,42,41,40,42,42,41,42,42,41
1775548092.0775,41,43,42,42,41,40,42,42,41,42,42,41
1775548092.2778,41,43,42,42,41,40,42,42,41,42,42,41
1775548092.4781,41,43,42,42,41,40,42,42,41,42,42,41
1775548092.6784,41,43,42,42,41,40,42,42,41,42,42,41
1775548092.8787,41,43,42,42,41,40,42,42,41,42,42,41
1775548093.0789,41,43,42,42,41,40,42,42,41,42,42,41
1775548093.2792,41,43,42,42,41,40,42,42,41,42,42,41
1775548093.4795,41,43,42,42,41,40,42,42,41,42,42,41
1775548093.6797,41,43,42,42,41,40,42,42,41,42,42,41
1775548093.8800,41,43,42,42,41,40,42,42,41,42,42,41
1775548094.0802,41,43,42,42,41,40,42,42,41,42,42,41
1775548094.2805,41,43,42,42,41,40,42,42,41,42,42,41
1775548094.4807,41,43,42,42,41,40,42,42,41,42,42,41
1775548094.6811,41,43,42,42,41,40,42,42,41,42,42,41
1775548094.8814,41,43,42,42,41,40,42,42,41,42,42,41
1775548095.0816,41,43,42,42,41,40,42,42,41,43,42,41
1775548095.2820,41,43,42,42,41,40,42,42,41,42,42,41
1775548095.4822,41,43,42,42,41,40,42,42,41,42,42,42
1775548095.6827,41,43,42,42,41,40,42,42,41,43,42,41
1775548095.8829,41,43,42,42,41,40,42,42,41,42,42,41
1775548096.0832,41,43,42,42,41,40,42,42,41,42,42,41
1775548096.2837,41,43,42,42,41,40,42,42,41,42,42,41
1775548096.4839,41,43,42,42,41,40,42,42,41,42,42,41
1775548096.6843,41,43,42,42,41,40,42,42,41,42,42,41
1775548096.8846,41,43,42,42,41,40,42,42,41,42,42,41
1775548097.0850,41,43,42,42,41,40,42,42,41,42,42,41
1775548097.2852,41,43,42,42,41,40,42,42,41,43,42,41
1775548097.4855,41,43,42,42,41,40,42,42,41,42,42,41
1775548097.6857,41,43,42,42,41,40,42,42,41,42,42,41
1775548097.8860,41,43,42,42,41,40,42,42,41,42,42,41
1775548098.0862,41,43,42,42,41,40,42,42,41,42,42,41
1775548098.2865,41,43,42,42,41,40,42,42,41,42,42,41
1775548098.4873,41,43,42,42,41,40,42,42,41,43,42,41
1775548098.6882,41,43,42,42,41,40,42,42,41,43,42,41
1775548098.8890,41,43,42,42,41,40,42,42,41,42,42,41
1775548099.0897,41,43,42,42,41,40,42,42,41,42,42,41
1775548099.2901,41,43,42,42,41,40,42,42,41,42,42,41
1775548099.4904,41,43,42,42,41,40,42,42,41,42,42,41
1775548099.6906,41,43,42,42,41,40,42,42,41,42,42,41
1775548099.8909,41,43,42,42,41,40,42,42,41,42,42,41
1775548100.0912,41,43,42,42,41,40,42,42,41,42,42,41
1775548100.2914,41,43,42,42,41,40,42,42,41,42,42,41
1775548100.4917,41,43,42,41,41,40,42,42,41,42,42,41
1775548100.6922,41,43,42,42,41,40,42,43,41,42,42,41
1775548100.8925,41,43,42,42,41,40,42,42,41,42,42,41
1775548101.0927,41,43,42,42,41,40,42,42,41,42,42,41
1775548101.2930,41,43,42,42,41,40,42,42,41,42,42,41
1775548101.4932,41,43,42,42,41,40,42,42,41,42,42,41
1775548101.6935,41,43,42,42,41,40,42,42,41,43,42,41
1775548101.8938,41,43,42,42,41,40,42,42,41,43,42,41
1775548102.0940,41,43,42,42,41,40,42,42,41,42,42,41
1775548102.2943,41,43,42,42,41,40,42,42,41,42,42,41
1775548102.4946,41,43,42,42,41,40,42,42,41,42,42,41
1775548102.6949,41,43,42,42,41,40,42,42,41,43,42,41
1775548102.8951,41,43,42,42,41,40,42,42,41,43,42,41
1775548103.0954,41,43,42,42,41,40,42,42,41,42,42,41
1775548103.2957,41,43,42,42,41,40,42,43,41,43,42,41
1775548103.4962,41,43,42,42,41,40,42,42,41,42,42,41
1775548103.6964,41,43,42,42,41,40,42,42,41,42,42,41
1775548103.8968,41,43,42,42,41,40,42,43,41,42,42,41
1775548104.0971,41,43,42,42,41,40,42,42,41,42,42,41
1775548104.2975,41,43,42,42,41,40,42,43,41,42,42,41
1775548104.4977,41,43,42,42,41,40,42,43,41,42,42,41
1775548104.6984,41,43,42,42,41,40,42,42,41,42,42,41
1775548104.8987,41,43,42,42,41,40,42,43,41,42,42,41
1775548105.0993,41,43,42,42,41,40,42,42,41,42,42,41
1775548105.2995,41,43,42,42,41,40,42,42,41,42,42,41
1775548105.4998,41,43,42,42,41,40,42,42,41,42,42,41
1775548105.7000,41,43,42,42,41,40,42,42,41,42,42,41
1775548105.9003,41,43,42,42,41,40,42,42,41,42,42,41
1775548106.1007,41,43,42,42,41,40,42,43,41,42,42,41
1775548106.3009,41,43,42,42,41,40,42,43,41,42,42,41
1775548106.5012,41,43,42,42,41,40,42,42,41,42,42,41
1775548106.7015,41,43,42,42,41,40,42,43,41,42,42,41
1775548106.9017,41,43,42,42,41,40,42,43,41,42,42,41
1775548107.1020,41,43,42,42,41,40,42,43,41,42,42,41
1775548107.3024,41,43,42,42,41,40,42,42,41,42,42,41
1775548107.5028,41,43,42,42,41,40,42,42,41,42,42,41
1775548107.7031,41,43,42,42,41,40,42,43,41,42,42,41
1775548107.9033,41,43,42,42,41,40,42,42,41,42,42,41
1775548108.1036,41,43,42,42,41,40,42,42,41,42,42,41
1775548108.3039,41,43,42,42,41,40,42,42,41,42,42,41
1775548108.5042,41,43,42,42,41,40,42,42,41,42,42,41
1775548108.7045,41,43,42,42,41,40,42,42,41,42,42,41
1775548108.9054,41,43,42,42,41,40,42,42,41,42,42,41
1775548109.1062,41,43,42,42,41,40,42,42,41,42,42,41
1775548109.3067,41,43,42,42,41,40,42,43,41,42,42,41
1775548109.5070,41,43,42,42,41,40,42,42,41,42,42,41
1775548109.7076,41,43,42,42,41,40,42,43,41,42,42,41
1775548109.9080,41,43,42,41,41,40,42,42,41,42,42,41
1775548110.1083,41,43,42,42,41,40,42,43,41,42,42,41
1775548110.3085,41,43,42,42,41,40,42,43,41,42,42,41
1775548110.5088,41,43,42,42,41,40,42,43,41,42,42,41
1775548110.7091,41,43,42,42,41,40,42,43,41,42,42,41
1775548110.9093,41,43,42,42,41,40,42,43,41,42,42,41
1775548111.1096,41,43,42,42,41,40,42,42,41,42,42,41
1775548111.3098,41,43,42,42,41,40,42,43,41,42,42,41
1775548111.5101,41,43,42,42,41,40,42,42,41,42,42,41
1775548111.7105,41,43,42,42,41,40,42,43,41,42,42,41
1775548111.9107,41,43,42,42,41,40,42,43,41,42,42,41
1775548112.1110,41,43,42,42,41,40,42,43,41,42,42,41
1775548112.3113,41,43,42,42,41,40,42,43,41,42,42,41
1775548112.5115,41,43,42,42,41,40,42,43,41,42,42,41
1775548112.7118,41,43,42,42,41,40,42,43,41,43,42,41
1775548112.9120,42,43,42,42,41,40,42,43,41,42,42,41
1775548113.1124,41,43,42,42,41,40,42,43,41,43,42,41
1775548113.3126,41,43,42,42,41,40,42,43,41,42,42,41
1775548113.5129,41,43,42,42,41,40,42,43,41,42,42,41
1775548113.7132,41,43,42,42,41,40,42,43,41,42,42,41
1775548113.9134,41,43,42,42,41,40,42,43,41,42,42,41
1775548114.1137,41,43,42,42,41,40,42,42,41,42,42,41
1775548114.3139,41,43,42,42,41,40,42,43,41,42,42,42
1775548114.5142,41,43,42,42,41,40,42,43,41,42,42,41
1775548114.7145,42,43,42,42,41,40,42,43,41,42,42,41
1775548114.9148,41,43,42,42,41,40,42,43,41,42,42,41
1775548115.1150,41,43,42,42,41,40,42,43,41,42,42,41
1775548115.3153,41,43,42,42,41,40,42,43,41,42,42,41
1775548115.5156,41,43,42,42,41,40,42,43,41,42,42,41
1775548115.7159,41,43,42,42,41,40,42,43,41,42,42,41
1775548115.9161,41,43,42,42,41,40,42,43,41,42,42,41
1775548116.1164,41,43,42,42,41,40,42,43,41,42,42,41
1775548116.3168,41,43,42,42,41,40,42,43,41,42,42,42
1775548116.5172,41,43,42,42,41,40,42,43,41,42,42,41
1775548116.7175,41,43,42,42,41,40,42,43,41,42,42,42
1775548116.9178,41,43,42,42,41,40,42,43,41,42,42,41
1775548117.1180,41,43,42,42,41,40,42,43,41,42,42,41
1775548117.3183,41,43,42,42,41,40,42,43,41,42,42,41
1775548117.5185,41,43,42,42,41,40,42,43,41,43,42,41
1775548117.7188,42,43,42,42,41,40,42,43,41,42,42,41
1775548117.9191,41,43,42,42,41,40,42,43,41,42,42,41
1775548118.1194,41,43,42,42,41,40,42,43,41,42,42,41
1775548118.3197,41,43,42,42,41,40,42,43,41,42,42,41
1775548118.5203,41,43,42,42,41,40,42,43,41,42,42,41
1775548118.7206,41,43,42,42,41,40,42,43,41,42,42,41
1775548118.9210,41,43,42,42,41,40,42,43,41,42,42,41
1775548119.1213,41,43,42,42,41,40,42,43,41,42,42,41
1775548119.3217,41,43,42,42,41,40,42,43,41,42,42,41
1775548119.5219,41,43,42,42,41,40,42,43,41,43,42,41
1775548119.7231,41,43,42,42,41,40,42,43,41,42,42,41
1775548119.9234,41,43,42,42,41,40,42,43,41,42,42,41
1775548120.1237,41,43,42,42,41,40,42,43,41,42,42,41
1775548120.3240,41,43,42,42,41,40,42,43,41,42,42,41
1775548120.5243,41,43,42,42,41,40,42,43,41,42,42,41
1775548120.7246,41,43,42,42,41,40,42,43,41,42,42,41
1775548120.9249,42,43,42,42,41,40,42,43,41,42,42,41
1775548121.1257,41,43,42,42,41,40,42,43,41,43,42,41
1775548121.3261,41,43,42,42,41,40,42,43,41,43,42,41
1775548121.5267,41,43,42,42,41,40,42,43,41,42,42,41
1775548121.7272,41,43,42,42,41,40,42,43,41,42,42,41
1775548121.9274,41,43,42,42,41,40,42,43,41,42,42,41
1775548122.1280,41,43,42,42,41,40,42,43,41,42,42,41
1775548122.3285,41,43,42,42,41,40,42,43,41,42,42,42
1775548122.5287,41,43,42,42,41,40,42,43,41,42,42,41
1775548122.7294,41,43,42,42,41,40,42,43,41,42,42,41
1775548122.9298,41,43,42,42,41,40,42,43,41,42,42,41
1775548123.1302,41,43,42,42,41,40,42,43,41,42,42,41
1775548123.3307,41,43,42,42,41,40,42,43,41,42,42,41
1775548123.5313,41,43,42,42,41,40,42,43,41,42,42,41
1775548123.7317,41,43,42,42,41,40,42,43,41,42,42,41
1775548123.9323,41,43,42,42,41,40,42,43,41,42,42,42
1775548124.1326,41,43,42,42,41,40,42,43,41,42,42,42
1775548124.3331,41,43,42,42,41,40,42,43,41,42,42,41
1775548124.5333,41,43,42,42,41,40,42,43,41,42,42,42
1775548124.7337,41,43,42,42,41,40,42,43,41,42,42,41
1775548124.9339,41,43,42,42,41,40,42,43,41,42,42,41
1775548125.1342,41,43,42,42,41,40,42,43,41,42,42,41
1775548125.3345,41,43,42,42,41,40,42,43,41,42,42,41
1775548125.5350,41,43,42,42,41,40,42,43,41,42,42,41
1775548125.7355,41,43,42,42,41,40,42,43,41,43,42,41
1775548125.9358,41,43,42,42,41,40,42,43,41,42,42,41
1775548126.1361,41,43,42,42,41,40,42,43,41,42,42,41
1775548126.3364,42,43,42,42,41,40,42,43,41,42,42,41
1775548126.5367,41,43,42,42,41,40,42,43,41,42,42,41
1775548126.7369,41,43,42,42,41,40,42,43,41,42,42,41
1775548126.9373,41,43,42,42,41,40,42,43,41,42,42,41
1775548127.1375,41,43,42,42,41,40,42,43,41,43,42,41
1775548127.3378,41,43,42,42,41,40,42,43,41,42,42,41
1775548127.5381,41,43,42,42,41,40,42,43,41,42,42,41
1775548127.7386,41,43,42,42,41,40,42,43,41,42,42,41
1775548127.9393,41,43,42,42,41,40,42,43,41,42,42,41
1775548128.1396,41,43,42,42,41,40,42,43,41,42,42,41
1775548128.3408,41,43,42,42,41,40,42,43,41,42,42,41
1775548128.5410,41,43,42,42,41,40,42,43,41,42,42,41
1775548128.7413,42,43,42,42,41,40,42,43,41,42,42,41
1775548128.9416,41,43,42,42,41,40,42,43,41,42,42,41
1775548129.1418,42,43,42,42,41,40,42,43,41,42,42,41
1775548129.3423,41,43,42,42,41,40,42,43,41,42,42,41
1775548129.5426,41,43,42,42,41,40,42,43,41,42,42,41
1775548129.7428,41,43,42,42,41,40,42,43,41,43,42,41
1775548129.9437,41,43,42,42,41,40,42,43,41,42,42,42
1775548130.1439,41,43,42,42,41,40,42,43,41,42,42,42
1775548130.3442,41,43,42,42,41,40,42,43,41,42,42,41
1775548130.5445,41,43,42,42,41,40,42,43,41,42,42,41
1775548130.7447,42,43,42,42,41,40,42,43,41,42,42,41
1775548130.9450,41,43,42,42,41,40,42,43,41,42,42,41
1775548131.1453,41,43,42,42,41,40,42,43,41,42,42,42
1775548131.3458,41,43,42,42,41,40,42,43,41,42,42,41
1775548131.5461,41,43,42,42,41,40,42,43,41,42,42,41
1775548131.7466,41,43,42,42,41,40,42,43,41,42,42,41
1775548131.9469,41,43,42,42,41,40,42,43,41,42,42,41
1775548132.1471,41,43,42,42,41,40,42,43,41,42,42,41
1775548132.3474,41,43,42,42,41,40,42,43,41,42,42,41
1775548132.5478,42,43,42,42,41,40,42,43,41,42,42,41
1775548132.7480,41,43,42,42,41,40,42,43,41,43,42,41
1775548132.9483,41,43,42,42,41,40,42,43,41,43,42,42
1775548133.1486,41,43,42,42,41,40,42,43,41,42,42,41
1775548133.3488,41,43,42,42,41,40,42,43,41,42,42,41
1775548133.5491,41,43,42,42,41,40,42,43,41,42,42,41
1775548133.7493,41,43,42,42,41,40,42,43,41,43,42,42
1775548133.9496,41,43,42,42,41,40,42,43,41,43,42,41
1775548134.1499,41,43,42,42,41,40,42,43,41,42,42,42
1775548134.3502,41,43,42,42,41,40,42,43,41,42,42,42
1775548134.5505,41,43,42,42,41,40,42,43,41,42,42,42
1775548134.7513,41,43,42,42,41,40,42,43,41,42,42,41
1775548134.9516,41,43,42,42,41,40,42,43,41,43,42,41
1775548135.1518,41,43,42,42,41,40,42,43,41,42,42,41
1775548135.3521,41,43,42,42,41,40,42,43,41,42,42,41
1775548135.5524,41,43,42,42,41,40,42,43,41,42,42,42
1775548135.7528,42,43,42,42,41,40,42,43,41,43,42,41
1775548135.9531,41,43,42,42,41,40,42,43,41,42,42,41
1775548136.1534,42,43,42,42,41,40,42,43,41,42,42,42
1775548136.3537,41,43,42,42,41,40,42,43,41,42,42,41
1775548136.5539,41,43,42,42,41,40,42,43,41,42,42,41
1775548136.7542,41,43,42,42,41,40,42,43,41,42,42,41
1775548136.9545,41,43,42,42,41,40,42,43,41,42,42,41
1775548137.1549,41,43,42,42,41,40,42,43,41,42,42,41
1775548137.3551,41,43,42,42,41,40,42,43,41,42,42,41
1775548137.5554,41,43,42,42,41,40,42,43,41,42,42,42
1775548137.7557,41,43,42,42,41,40,42,43,41,42,42,42
1775548137.9560,41,43,42,42,41,40,42,43,41,42,42,41
1775548138.1565,41,43,42,42,41,40,42,43,41,42,42,41
1775548138.3569,41,43,42,42,41,40,42,43,41,42,42,41
1775548138.5573,41,43,42,42,41,40,42,43,41,43,42,41
1775548138.7575,41,43,42,42,41,40,42,43,41,42,42,41
1775548138.9578,41,43,42,42,41,40,42,43,41,42,42,41
1775548139.1582,41,43,42,42,41,40,42,43,41,43,42,42
1775548139.3585,42,43,42,42,41,40,42,43,41,43,42,41
1775548139.5588,41,43,42,42,41,40,42,43,41,42,42,41
1775548139.7592,41,43,42,42,41,40,42,43,41,42,42,41
1775548139.9599,41,43,42,42,41,40,42,43,41,42,42,41
1775548140.1603,41,43,42,42,41,40,42,43,41,42,42,42
1775548140.3606,41,43,42,42,41,40,42,43,41,42,42,42
1775548140.5609,41,43,42,42,41,40,42,43,41,42,42,41
1775548140.7611,41,43,42,42,41,40,42,43,41,43,42,41
1775548140.9614,41,43,42,42,41,40,42,43,41,42,42,41
1775548141.1617,41,43,42,42,41,40,42,43,41,42,42,42
1775548141.3619,41,43,42,42,41,40,42,43,41,42,42,41
1775548141.5621,41,43,42,42,41,40,42,43,41,42,42,41
1775548141.7624,41,43,42,42,41,40,42,43,41,42,42,41
1775548141.9626,41,43,42,42,41,40,42,43,41,43,42,41
1775548142.1630,41,43,42,42,41,40,42,43,41,42,42,42
1775548142.3635,41,43,42,42,41,40,42,43,41,42,42,42
1775548142.5639,41,43,42,42,41,40,42,43,41,42,42,41
1775548142.7642,41,43,42,42,41,40,42,43,41,42,42,41
1775548142.9645,41,43,42,42,41,40,42,43,41,42,42,42
1775548143.1648,41,43,42,42,41,40,42,43,41,42,42,42
1775548143.3651,41,43,42,42,41,40,42,43,41,42,42,42
1775548143.5653,41,43,42,42,41,40,42,43,41,42,42,42
1775548143.7656,41,43,42,42,41,40,42,43,41,42,42,42
1775548143.9659,41,43,42,42,41,40,42,43,41,42,42,41
1775548144.1665,41,43,42,42,41,40,42,43,41,43,42,41
1775548144.3669,41,43,42,42,41,40,42,43,41,43,42,42
1775548144.5673,41,43,42,42,41,40,42,43,41,42,42,41
1775548144.7677,41,43,42,42,41,40,42,43,41,42,42,41
1775548144.9680,41,43,42,42,41,40,42,43,41,42,42,41
1775548145.1682,41,43,42,42,41,40,42,43,41,42,42,41
1775548145.3685,41,43,42,42,41,40,42,43,41,42,42,41
1775548145.5688,41,43,42,42,41,40,42,43,41,42,42,41
1775548145.7691,41,43,42,42,41,40,42,43,41,42,42,42
1775548145.9694,41,43,42,42,41,40,42,43,41,42,42,41
1775548146.1697,41,43,42,42,41,40,42,43,41,43,42,42
1775548146.3699,41,43,42,42,41,40,42,43,41,42,42,41
1775548146.5702,41,43,42,42,41,40,42,43,41,42,42,41
1775548146.7705,41,43,42,42,41,40,42,43,41,42,42,42
1775548146.9708,41,43,42,42,41,40,42,43,41,42,42,41
1775548147.1710,41,43,42,42,41,40,42,43,41,42,42,42
1775548147.3713,41,43,42,42,41,40,42,43,41,42,42,42
1775548147.5717,41,43,42,42,41,40,42,43,41,42,42,42
1775548147.7720,41,43,42,42,41,40,42,43,41,42,42,41
1775548147.9727,41,43,42,42,41,40,42,43,41,42,42,42
1775548148.1730,41,43,42,42,41,40,42,43,41,42,42,41
1775548148.3737,41,43,42,42,41,40,42,43,41,42,42,42
1775548148.5742,41,43,42,42,41,40,42,43,41,42,42,41
1775548148.7746,41,43,42,42,41,40,42,43,41,42,42,42
1775548148.9749,41,43,42,42,41,40,42,43,41,42,42,41
1775548149.1752,41,43,42,42,41,40,42,43,41,42,42,41
1775548149.3754,41,43,42,42,41,40,42,43,41,42,42,42
1775548149.5758,41,43,42,42,41,40,42,43,41,42,42,41
1775548149.7762,41,43,42,42,41,40,42,43,41,42,42,41
1775548149.9765,41,43,42,42,41,40,42,43,41,42,42,41
1775548150.1769,41,43,42,42,41,40,42,43,41,42,42,41
1775548150.3771,41,43,42,42,41,40,42,43,41,42,42,42
1775548150.5774,41,43,42,42,41,40,42,43,41,42,42,42
1775548150.7776,41,43,42,42,41,40,42,43,41,42,42,41
1775548150.9779,41,43,42,42,41,40,42,43,41,42,42,42
1775548151.1781,42,43,42,42,41,40,42,43,41,42,42,41
1775548151.3784,41,43,42,42,41,40,42,43,41,42,42,41
1775548151.5787,41,43,42,42,41,40,42,43,41,42,42,41
1775548151.7789,41,43,42,42,41,40,42,43,41,43,42,41
1775548151.9792,41,43,42,42,41,40,42,43,41,42,42,41
1775548152.1799,41,43,42,42,41,40,42,43,41,42,42,42
1775548152.3807,41,43,42,42,41,40,42,43,41,42,42,41
1775548152.5817,41,43,42,42,41,40,42,43,41,42,42,42
1775548152.7819,41,43,42,42,41,40,42,43,41,43,42,41
1775548152.9822,41,43,42,42,41,40,42,43,41,42,42,42
1775548153.1824,41,43,42,42,41,40,42,43,41,42,42,42
1775548153.3836,41,43,42,42,41,40,42,43,42,42,42,41
1775548153.5840,41,43,42,42,41,40,42,43,41,42,42,42
1775548153.7844,41,43,42,42,41,40,42,43,41,42,42,41
1775548153.9846,41,43,42,42,41,40,42,43,41,43,42,42
1775548154.1849,41,43,42,42,41,40,42,43,41,42,42,42
1775548154.3852,41,43,42,42,41,40,42,43,41,43,42,41
1775548154.5855,41,43,42,42,41,40,42,43,41,42,42,41
1775548154.7857,41,43,42,42,41,40,42,43,41,42,42,42
1775548154.9862,41,43,42,42,41,40,42,43,41,42,42,41
1775548155.1866,41,43,42,42,41,40,42,43,41,42,42,41
1775548155.3868,41,43,42,42,41,40,42,43,41,42,42,42
1775548155.5871,41,43,42,42,41,40,42,43,41,42,42,42
1775548155.7874,41,43,42,42,41,40,42,43,41,42,42,42
1775548155.9876,41,43,42,42,41,40,42,43,41,42,42,41
1775548156.1879,41,43,42,42,41,40,42,43,41,42,42,42
1775548156.3884,41,43,42,42,41,40,42,43,41,42,42,41
1775548156.5887,41,43,42,42,41,40,42,43,41,42,42,42
1775548156.7891,41,43,42,42,41,40,42,43,41,43,42,41
1775548156.9893,42,43,42,42,41,40,42,43,41,42,42,41
1775548157.1899,41,43,42,42,41,40,42,43,41,42,42,42
1775548157.3906,41,43,42,42,41,40,42,43,41,42,42,41
1775548157.5909,41,43,42,42,41,40,42,43,41,42,42,41
1775548157.7911,41,43,42,42,41,40,42,43,41,42,42,42
1775548157.9914,41,43,42,42,41,40,42,43,41,43,42,42
1775548158.1917,41,43,42,42,41,40,42,43,42,42,42,42
1775548158.3919,41,43,42,42,41,40,42,43,42,42,42,41
1775548158.5924,41,43,42,42,41,40,42,43,41,42,42,42
1775548158.7926,41,43,42,42,41,40,42,43,41,42,42,41
1775548158.9929,41,43,42,42,41,40,42,43,41,42,42,42
1775548159.1931,41,43,42,42,41,40,42,43,41,42,42,41
1775548159.3934,41,43,42,42,41,40,42,43,41,42,42,41
1775548159.5936,41,43,42,42,41,40,42,43,41,43,42,42
1775548159.7939,41,43,42,42,41,40,42,43,41,42,42,41
1775548159.9941,41,43,42,42,41,40,42,43,41,42,42,42
1775548160.1943,41,43,42,42,41,40,42,43,41,42,42,42
1775548160.3946,41,43,42,42,41,40,42,43,41,42,42,42
1775548160.5949,41,43,42,42,41,40,42,43,41,42,42,42
1775548160.7953,41,43,42,42,41,40,42,43,41,42,42,42
1775548160.9956,41,43,42,42,41,40,42,43,41,42,42,42
1775548161.1959,41,43,42,42,41,40,42,43,41,42,42,42
1775548161.3974,41,43,42,42,41,40,42,43,41,42,42,41
1775548161.5976,41,43,42,42,41,40,42,43,42,42,42,42
1775548161.7979,41,43,42,42,41,40,42,43,41,42,42,42
1775548161.9982,41,43,42,42,41,40,42,43,41,42,42,42
1775548162.1987,41,43,42,42,41,40,42,43,42,43,42,41
1775548162.3991,41,43,42,42,41,40,42,43,41,42,42,41
1775548162.5994,41,43,42,42,41,40,42,43,41,42,42,41
1775548162.7999,41,43,42,42,41,40,42,43,41,43,42,42
1775548163.0001,41,43,42,42,41,40,42,43,41,42,42,42
1775548163.2006,41,43,42,42,41,40,42,43,41,43,42,42
1775548163.4009,41,43,42,42,41,40,42,43,41,42,42,42
1775548163.6014,41,43,42,42,41,40,42,43,41,42,42,42
1775548163.8017,41,43,42,42,41,40,42,43,41,42,42,42
1775548164.0020,41,43,42,42,41,40,42,43,41,42,42,42
1775548164.2020,41,43,42,42,41,40,42,43,41,42,42,42
1775548164.4024,41,43,42,42,41,40,42,43,41,43,42,41
1775548164.6026,41,43,42,42,41,40,42,43,42,42,42,42
1775548164.8029,41,43,42,42,41,40,42,43,41,42,42,42
1775548165.0031,41,43,42,42,41,40,42,43,41,42,42,42
1775548165.2036,41,43,42,42,41,40,42,43,41,42,42,42
1775548165.4039,41,43,42,42,41,40,42,43,41,42,42,42
1775548165.6047,41,43,42,42,41,40,42,43,41,42,42,41
1775548165.8050,41,43,42,42,41,40,42,43,41,42,42,42
1775548166.0055,41,43,42,42,41,40,42,43,41,43,42,41
1775548166.2059,41,43,42,42,41,40,42,43,41,43,42,42
1775548166.4062,41,43,42,42,41,40,42,43,41,42,42,41
1775548166.6066,41,43,42,42,41,40,42,43,41,42,42,42
1775548166.8068,41,43,42,42,41,40,42,43,42,42,42,42
1775548167.0071,41,43,42,42,41,40,42,43,41,42,42,42
1775548167.2073,41,43,42,42,41,40,42,43,41,42,42,42
1775548167.4076,41,43,42,42,41,40,42,43,42,42,42,42
1775548167.6078,41,43,42,42,41,40,42,43,41,42,42,42
1775548167.8083,41,43,42,42,41,40,42,43,41,42,42,42
1775548168.0090,41,43,42,42,41,40,42,43,41,42,42,42
1775548168.2094,41,43,42,42,41,40,42,43,41,42,42,41
1775548168.4097,41,43,42,42,41,40,42,43,41,43,42,42
1775548168.6102,41,43,42,42,41,40,42,43,41,43,42,42
1775548168.8105,41,43,42,42,41,40,42,43,41,43,42,42
1775548169.0108,41,43,42,42,41,40,42,43,41,43,42,42
1775548169.2110,41,43,42,42,41,40,42,43,41,43,42,42
1775548169.4113,41,43,42,42,41,40,42,43,41,42,42,42
1775548169.6115,41,43,42,42,41,40,42,43,41,43,42,42
1775548169.8118,41,43,42,42,41,40,42,43,41,42,42,42
1775548170.0122,41,43,42,42,41,40,42,43,41,42,42,42
1775548170.2125,41,43,42,42,41,40,42,43,41,42,42,42
1775548170.4127,41,43,42,42,41,40,42,43,41,43,42,42
1775548170.6130,41,43,42,42,41,40,42,43,41,43,42,42
1775548170.8134,41,43,42,42,41,40,42,43,42,42,42,42
1775548171.0137,42,43,42,42,41,40,42,43,41,42,42,42
1775548171.2142,41,43,42,42,41,40,42,43,41,42,42,42
1775548171.4145,41,43,42,42,41,40,42,43,41,43,42,41
1775548171.6148,41,43,42,42,41,40,42,43,41,42,42,42
1775548171.8151,41,43,42,42,41,40,42,43,41,43,42,41
1775548172.0154,41,43,42,42,41,40,42,43,41,42,42,42
1775548172.2157,41,43,42,42,41,40,42,43,41,42,42,41
1775548172.4159,41,43,42,42,41,40,42,43,42,42,42,41
1775548172.6163,41,43,42,42,41,40,42,43,41,42,42,41
1775548172.8165,41,43,42,42,41,40,42,43,41,42,42,42
1775548173.0169,41,43,42,42,41,40,42,43,41,43,42,41
1775548173.2171,41,43,42,42,41,40,42,43,41,43,42,41
1775548173.4174,41,43,42,42,41,40,42,43,41,42,42,41
1775548173.6177,41,43,42,42,41,40,42,43,41,43,42,42
1775548173.8179,41,43,42,42,41,40,42,43,42,42,42,42
1775548174.0182,41,43,42,42,41,40,42,43,41,42,42,42
1775548174.2186,41,43,42,42,41,40,42,43,41,43,42,42
1775548174.4194,41,43,42,42,41,40,42,43,42,42,42,42
1775548174.6196,41,43,42,42,41,40,42,43,41,42,42,42
1775548174.8204,41,43,42,42,41,40,42,43,41,43,42,42
1775548175.0210,41,43,42,42,41,40,42,43,41,42,42,42
1775548175.2212,41,43,42,42,41,40,42,43,41,42,42,42
1775548175.4215,41,43,42,42,41,40,42,43,42,43,42,42
1775548175.6217,42,43,42,42,41,40,42,43,41,42,42,42
1775548175.8220,41,43,42,42,41,40,42,43,41,43,42,41
1775548176.0222,41,43,42,42,41,40,42,43,41,43,42,41
1775548176.2225,41,43,42,42,41,40,42,43,41,42,42,41
1775548176.4229,41,43,42,42,41,40,42,43,41,43,42,42
1775548176.6232,41,43,42,42,41,40,42,43,41,43,42,42
1775548176.8234,41,43,42,42,41,40,42,43,41,42,42,41
1775548177.0237,41,43,42,42,42,40,42,43,41,43,42,42
1775548177.2241,41,43,42,42,41,40,42,43,41,42,42,42
1775548177.4243,41,43,42,42,41,40,42,43,41,42,42,42
1775548177.6246,41,43,42,42,41,40,42,43,41,42,42,41
1775548177.8248,41,43,42,42,41,40,42,43,41,43,42,42
1775548178.0253,41,43,42,42,41,40,42,43,41,42,42,42
1775548178.2257,41,43,42,42,41,40,42,43,41,43,42,42
1775548178.4260,41,43,42,42,41,40,42,43,41,43,42,42
1775548178.6263,41,43,42,42,41,40,42,43,41,42,42,42
1775548178.8267,41,43,42,42,41,40,42,43,41,43,42,42
1775548179.0269,41,43,42,42,41,40,42,43,41,42,42,41
1775548179.2272,41,43,42,42,41,40,42,43,41,43,42,42
1775548179.4275,41,43,42,42,41,40,42,43,41,42,42,42
1775548179.6278,41,43,42,42,41,40,42,43,41,42,42,42
1775548179.8280,41,43,42,42,41,40,42,43,41,43,42,42
1775548180.0283,41,43,42,42,41,40,42,43,41,43,42,42
1775548180.2285,41,43,42,42,41,40,42,43,41,42,42,42
1775548180.4288,41,43,42,42,41,40,42,43,42,43,42,42
1775548180.6290,41,43,42,42,41,40,42,43,41,43,42,42
1775548180.8293,41,43,42,42,41,40,42,43,42,42,42,41
1775548181.0297,41,43,42,42,41,40,42,43,41,42,42,42
1775548181.2300,41,43,42,42,41,40,42,43,41,43,42,42
1775548181.4304,41,43,42,42,41,40,42,43,41,42,42,42
1775548181.6306,41,43,42,42,41,40,42,43,41,43,42,42
1775548181.8309,42,43,42,42,41,40,42,43,41,42,42,42
1775548182.0313,41,43,42,42,41,40,42,43,41,43,42,42
1775548182.2316,41,43,42,42,41,40,42,43,41,43,42,42
1775548182.4326,41,43,42,42,41,40,42,43,41,42,42,42
1775548182.6329,41,43,42,42,41,40,42,43,41,43,42,42
1775548182.8333,41,43,42,42,41,40,42,43,41,42,42,42
1775548183.0336,41,43,42,42,41,40,42,43,41,42,42,42
1775548183.2339,41,43,42,42,41,40,42,43,41,42,42,42
1775548183.4341,41,43,42,42,41,40,42,43,42,42,42,42
1775548183.6344,41,43,42,42,41,40,42,43,42,42,42,42
1775548183.8347,42,43,42,42,41,40,42,43,41,42,42,42
1775548184.0349,41,43,42,42,41,40,42,43,41,42,42,42
1775548184.2352,41,43,42,42,41,40,42,43,41,42,42,42
1775548184.4355,41,43,42,42,41,40,42,43,41,43,42,42
1775548184.6357,41,43,42,42,41,40,42,43,41,43,42,41
1775548184.8360,41,43,42,42,41,40,42,43,41,42,42,42
1775548185.0363,41,43,42,42,41,40,42,43,41,42,42,42
1775548185.2365,41,43,42,42,41,40,42,43,41,42,42,42
1775548185.4368,41,43,42,42,41,40,42,43,41,43,42,42
1775548185.6371,41,43,42,42,41,40,42,43,41,42,42,42
1775548185.8373,41,43,42,42,41,40,42,43,41,43,42,42
1775548186.0376,41,43,42,42,41,40,42,43,41,42,42,42
1775548186.2379,41,43,42,42,41,40,42,43,41,43,42,42
1775548186.4381,41,43,42,42,41,40,42,43,41,42,42,42
1775548186.6383,41,43,42,42,41,40,42,43,41,42,42,42
1775548186.8387,41,43,42,42,41,40,42,43,41,42,42,42
1775548187.0390,41,43,42,42,41,40,42,43,41,43,42,41
1775548187.2393,41,43,42,42,41,40,42,43,41,42,42,42
1775548187.4396,41,43,42,42,41,40,42,43,42,42,42,42
1775548187.6398,41,43,42,42,41,40,42,43,41,42,42,42
1775548187.8401,41,43,42,42,41,40,42,43,41,43,42,42
1775548188.0409,41,43,42,42,41,40,42,43,41,42,42,42
1775548188.2411,41,43,42,42,41,40,42,43,41,43,42,42
1775548188.4414,41,43,42,42,41,40,42,43,41,43,42,42
1775548188.6417,41,43,42,42,41,40,42,43,41,42,42,42
1775548188.8421,41,43,42,42,41,40,42,43,41,43,42,42
1775548189.0424,42,43,42,42,41,40,42,43,41,43,42,42
1775548189.2427,41,43,42,42,41,40,42,43,41,42,42,42
1775548189.4432,41,43,42,42,41,40,42,43,41,42,42,42
1775548189.6435,41,43,42,42,41,40,42,43,41,43,42,42
1775548189.8438,41,43,42,42,41,40,42,43,41,43,42,42
1775548190.0441,41,43,42,42,41,40,42,43,42,43,42,42
1775548190.2443,41,43,42,42,41,40,42,43,42,42,42,42
1775548190.4448,42,43,42,42,41,40,42,43,42,42,42,42
1775548190.6453,42,43,42,42,41,40,42,43,41,43,42,42
1775548190.8455,42,43,42,42,41,40,42,43,41,43,42,42
1775548191.0458,41,43,42,42,41,40,42,43,41,43,42,42
1775548191.2462,41,43,42,42,41,40,42,43,41,42,42,42
1775548191.4469,41,43,42,42,41,40,42,43,41,42,42,42
1775548191.6472,41,43,42,42,41,40,42,43,41,43,42,42
1775548191.8475,41,43,42,42,41,40,42,43,42,42,42,42
1775548192.0501,41,43,42,42,41,40,42,43,41,43,42,42
1775548192.2504,41,43,42,42,41,40,42,43,41,42,42,42
1775548192.4508,41,43,42,42,41,40,42,43,42,43,42,42
1775548192.6514,41,43,42,42,41,40,42,43,41,42,42,42
1775548192.8519,41,43,42,42,41,40,42,43,42,43,42,42
1775548193.0522,41,43,42,42,41,40,42,43,41,43,42,42
1775548193.2532,41,43,42,42,41,40,42,43,41,42,42,42
1775548193.4539,41,43,42,42,41,40,42,43,41,43,42,41
1775548193.6542,41,43,42,42,41,40,42,43,41,43,42,41
1775548193.8545,41,43,42,42,41,40,42,43,41,42,42,42
1775548194.0548,41,43,42,42,41,40,42,43,42,42,42,42
1775548194.2550,41,43,42,42,41,40,42,43,41,43,42,42
1775548194.4551,41,43,42,42,41,40,42,43,41,43,42,42
1775548194.6554,41,43,42,42,42,40,42,43,41,42,42,42
1775548194.8556,41,43,42,42,41,40,42,43,41,43,42,42
1775548195.0559,41,43,42,42,41,40,42,43,41,43,42,41
1775548195.2561,41,43,42,42,41,40,42,43,41,43,42,42
1775548195.4564,41,43,42,42,41,40,42,43,41,43,42,42
1775548195.6567,41,43,42,42,41,40,42,43,41,43,42,42
1775548195.8570,41,43,42,42,41,40,42,43,41,42,42,42
1775548196.0574,41,43,42,42,41,40,42,43,41,43,42,42
1775548196.2576,41,43,42,42,41,40,42,43,41,43,42,42
1775548196.4579,42,43,42,42,41,40,42,43,41,43,42,42
1775548196.6584,41,43,42,42,41,40,42,43,41,43,42,42
1775548196.8586,41,43,42,42,41,40,42,43,41,43,42,42
1775548197.0589,41,43,42,42,41,40,42,43,41,42,42,42
1775548197.2591,41,43,42,42,41,40,42,43,42,42,42,42
1775548197.4594,41,43,42,42,41,40,42,43,41,42,42,42
1775548197.6598,41,43,42,42,41,40,42,43,41,43,42,42
1775548197.8600,41,43,42,42,41,40,42,43,41,43,42,42
1775548198.0603,42,43,42,42,41,40,42,43,42,43,42,42
1775548198.2606,41,43,42,42,41,40,42,43,41,43,42,42
1775548198.4608,41,43,42,42,41,40,42,43,41,43,42,42
1775548198.6617,41,43,42,42,41,40,42,43,41,42,42,42
1775548198.8619,41,43,42,42,41,40,42,43,41,43,42,42
1775548199.0624,41,43,42,42,41,40,42,43,41,43,42,42
1775548199.2647,41,43,42,42,41,40,42,43,41,42,42,42
1775548199.4650,41,43,42,42,41,40,42,43,41,43,42,42
1775548199.6652,42,43,42,42,41,40,42,43,41,42,42,42
1775548199.8656,41,43,42,42,41,40,42,43,41,43,42,42
1775548200.0659,41,43,42,42,41,40,42,43,41,43,42,42
1775548200.2661,41,43,42,42,41,40,42,43,41,43,42,42
1775548200.4663,41,43,42,42,41,40,42,43,41,43,42,42
1775548200.6668,41,43,42,42,41,40,42,43,41,42,42,42
1775548200.8670,41,43,42,42,41,40,42,43,41,43,42,42
1775548201.0673,41,43,42,42,41,40,42,43,41,43,42,42
1775548201.2676,42,43,42,42,41,40,42,43,41,43,42,42
1775548201.4680,41,43,42,42,41,40,42,43,41,43,42,42
1775548201.6682,41,43,42,42,41,40,42,43,42,43,42,42
1775548201.8687,41,43,42,42,41,40,42,43,41,42,42,42
1775548202.0691,41,43,42,42,41,40,42,43,41,43,42,42
1775548202.2694,41,43,42,42,41,40,42,43,41,43,42,42
1775548202.4697,41,43,42,42,42,40,42,43,41,43,42,42
1775548202.6699,41,43,42,42,41,40,42,43,42,43,42,42
1775548202.8701,41,43,42,42,41,40,42,43,41,42,42,42
1775548203.0704,41,43,42,42,41,40,42,43,41,43,42,41
1775548203.2709,41,43,42,42,41,40,42,43,41,43,42,42
1775548203.4712,41,43,42,42,41,40,42,43,41,42,42,42
1775548203.6714,41,43,42,42,41,40,42,43,41,43,42,42
1775548203.8717,41,43,42,42,41,40,42,43,41,43,42,42
1775548204.0720,41,43,42,42,41,40,42,43,41,43,42,42
1775548204.2728,42,43,42,42,41,40,42,43,42,43,42,42
1775548204.4730,42,43,42,42,41,40,42,43,41,43,42,42
1775548204.6733,41,43,42,42,41,40,42,43,41,43,42,42
1775548204.8735,41,43,42,42,41,40,42,43,42,43,42,42
1775548205.0737,41,43,42,42,41,40,42,43,41,43,42,42
1775548205.2749,41,43,42,42,41,40,42,43,41,43,42,42
1775548205.4752,41,43,42,42,41,40,42,43,41,43,42,42
1775548205.6757,41,43,42,42,41,40,42,43,41,43,42,42
1775548205.8762,41,43,42,42,41,40,42,43,42,43,42,42
1775548206.0765,41,43,42,42,41,40,42,43,41,43,42,42
1775548206.2767,41,43,42,42,41,40,42,43,41,43,42,42
1775548206.4775,41,43,42,42,41,40,42,43,41,43,42,42
1775548206.6777,41,43,42,42,41,40,42,43,41,43,42,42
1775548206.8780,42,43,42,42,41,40,42,43,42,43,42,42
1775548207.0783,41,43,42,42,41,40,42,43,41,43,42,41
1775548207.2785,41,43,42,42,41,40,42,43,41,43,42,42
1775548207.4788,41,43,42,42,41,40,42,43,41,43,42,42
1775548207.6790,42,43,42,42,41,40,42,43,41,42,42,42
1775548207.8794,41,43,42,42,41,40,42,43,41,42,42,42
1775548208.0798,41,43,42,42,41,40,42,43,41,42,42,42
1775548208.2801,41,43,42,42,41,40,42,43,41,43,42,42
1775548208.4803,41,43,42,42,41,40,42,43,41,43,42,42
1775548208.6806,41,43,42,42,41,40,42,43,41,43,42,42
1775548208.8810,41,43,42,42,41,40,42,43,42,43,42,42
1775548209.0812,42,43,42,42,41,40,42,43,41,43,42,42
1775548209.2815,41,43,42,42,42,40,42,43,41,43,42,42
1775548209.4820,41,43,42,42,42,40,42,43,41,43,42,42
1775548209.6822,41,43,42,42,41,40,42,43,41,43,42,42
1775548209.8827,41,43,42,42,41,40,42,43,41,42,42,42
1775548210.0832,42,43,42,42,41,40,42,43,41,42,42,42
1775548210.2835,41,43,42,42,41,40,42,43,42,43,42,42
1775548210.4837,41,43,42,42,41,40,42,43,41,42,42,42
1775548210.6841,41,43,42,42,41,40,42,43,41,43,42,42
1775548210.8845,41,43,42,42,41,40,42,43,41,43,42,42
1775548211.0848,41,43,42,42,41,40,42,43,41,43,42,42
1775548211.2852,41,43,42,42,42,40,42,43,41,42,42,42
1775548211.4855,41,43,42,42,41,40,42,43,41,42,42,42
1775548211.6859,41,43,42,42,41,40,42,43,42,43,42,42
1775548211.8863,41,43,42,42,41,40,42,43,42,42,42,42
1775548212.0865,41,43,42,42,41,40,42,43,41,42,42,42
1775548212.2869,41,43,42,42,41,40,42,43,41,43,42,42
1775548212.4872,42,43,42,42,42,40,42,43,41,43,42,42
1775548212.6878,42,43,42,42,41,40,42,43,41,43,42,42
1775548212.8881,41,43,42,42,41,40,42,43,41,43,42,42
1775548213.0883,41,43,42,42,41,40,42,43,41,42,42,42
1775548213.2886,41,43,42,42,42,40,42,43,41,43,42,42
1775548213.4888,41,43,42,42,41,40,42,43,41,42,42,42
1775548213.6895,41,43,42,42,41,40,42,43,41,43,42,42
1775548213.8899,42,43,42,42,41,40,42,43,41,43,42,42
1775548214.0901,41,43,42,42,41,40,42,43,41,43,42,42
1775548214.2904,41,43,42,42,41,40,42,43,41,43,42,42
1775548214.4907,41,43,42,42,42,40,42,43,41,43,42,42
1775548214.6910,42,43,42,42,41,40,42,43,41,43,42,42
1775548214.8916,41,43,42,42,42,40,42,43,41,43,42,42
1775548215.0923,41,43,42,42,41,40,42,43,41,42,42,42
1775548215.2926,41,43,42,42,42,40,42,43,42,43,42,42
1775548215.4929,41,43,42,42,41,40,42,43,41,43,42,42
1775548215.6931,41,43,42,42,41,40,42,43,41,42,42,42
1775548215.8934,41,43,42,42,42,40,42,43,41,43,42,42
1775548216.0938,41,43,42,42,42,40,42,43,41,43,42,42
1775548216.2940,42,43,42,42,41,40,42,43,41,42,42,42
1775548216.4943,41,43,42,42,41,40,42,43,41,43,42,42
1775548216.6959,41,43,42,42,41,40,42,43,41,43,42,42
1775548216.8964,41,43,42,42,41,40,42,43,41,43,42,42
1775548217.0971,41,43,42,42,41,40,42,43,41,42,42,42
1775548217.2975,41,43,42,42,41,40,42,43,41,43,42,42
1775548217.4980,41,43,42,42,41,40,42,43,42,42,42,42
1775548217.6987,41,43,42,42,41,40,42,43,41,43,42,42
1775548217.8995,41,43,42,42,41,40,42,43,42,42,42,42
1775548218.1004,41,43,42,42,42,40,42,43,41,42,42,42
1775548218.3008,41,43,42,42,42,40,42,43,41,43,42,42
1775548218.5011,41,43,42,42,41,40,42,43,41,43,42,42
1775548218.7013,41,43,42,42,41,40,42,43,41,43,42,42
1775548218.9016,41,43,42,42,41,40,42,43,41,42,42,42
1775548219.1019,41,43,42,42,42,40,42,43,41,43,42,42
1775548219.3021,41,43,42,42,41,40,42,43,41,43,42,42
1775548219.5024,41,43,42,42,41,40,42,43,41,42,42,42
1775548219.7028,41,43,42,42,42,40,42,43,41,43,42,42
1775548219.9031,41,43,42,42,41,40,42,43,41,43,42,42
1775548220.1033,41,43,42,42,42,40,42,43,41,43,42,42
1775548220.3046,42,43,42,42,42,40,42,43,41,43,42,42
1775548220.5048,41,43,42,42,41,40,42,43,41,42,42,42
1775548220.7055,42,43,42,42,42,40,42,43,41,43,42,42
1775548220.9059,41,43,42,42,42,40,42,43,42,43,42,42
1775548221.1062,41,43,42,42,41,40,42,43,42,43,42,42
1775548221.3064,41,43,42,42,42,40,42,43,41,43,42,42
1775548221.5068,41,43,42,42,42,40,42,43,41,43,42,42
1775548221.7071,41,43,42,42,42,40,42,43,42,42,42,42
1775548221.9073,41,43,42,42,42,40,42,43,41,43,42,42
1775548222.1079,41,43,42,42,42,40,42,43,41,43,42,42
1775548222.3083,41,43,42,42,42,40,42,43,41,43,42,42
1775548222.5086,41,43,42,42,41,40,42,43,41,43,42,42
1775548222.7089,41,43,42,42,42,40,42,43,41,43,42,42
1775548222.9092,41,43,42,42,41,40,42,43,41,42,42,42
1775548223.1094,41,43,42,42,42,40,42,43,41,43,42,42
1775548223.3097,41,43,42,42,42,40,42,43,41,42,42,42
1775548223.5099,41,43,42,42,42,40,42,43,41,43,42,42
1775548223.7107,41,43,42,42,42,40,42,43,41,42,42,42
1775548223.9110,42,43,42,42,42,40,42,43,41,43,42,42
1775548224.1112,41,43,42,42,42,40,42,43,41,43,42,42
1775548224.3115,41,43,42,42,42,40,42,43,41,43,42,42
1775548224.5118,41,43,42,42,42,40,42,43,42,43,42,42
1775548224.7120,41,43,42,42,42,40,42,43,42,43,42,42
1775548224.9124,41,43,42,42,42,40,42,43,41,42,42,42
1775548225.1128,42,43,42,42,42,40,42,43,42,43,42,42
1775548225.3130,41,43,42,42,42,40,42,43,41,43,42,42
1775548225.5135,41,43,42,42,41,40,42,43,41,43,42,42
1775548225.7137,41,43,42,42,42,40,42,43,41,43,42,42
1775548225.9141,41,43,42,42,42,40,42,43,41,43,42,42
1775548226.1144,41,43,42,42,42,40,42,43,41,43,42,42
1775548226.3147,41,43,42,42,42,40,42,43,42,43,42,42
1775548226.5150,41,43,42,42,42,40,42,43,42,43,42,42
1775548226.7153,41,43,42,42,42,40,42,43,41,43,42,42
1775548226.9155,41,43,42,42,42,40,42,43,41,43,42,42
1775548227.1159,41,43,42,42,42,40,42,43,41,43,42,42
1775548227.3164,41,43,42,42,42,40,42,43,41,43,42,42
1775548227.5168,41,43,42,42,42,40,42,43,41,43,42,42
1775548227.7171,41,43,42,42,42,40,42,43,41,43,42,42
1775548227.9174,41,43,42,42,42,40,42,43,41,43,42,42
1775548228.1177,41,43,42,42,42,40,42,43,41,43,42,42
1775548228.3180,41,43,42,42,42,40,42,43,41,43,42,42
1775548228.5183,41,43,42,42,42,40,42,43,41,43,42,42
1775548228.7186,41,43,42,42,42,40,42,43,41,43,42,42
1775548228.9189,41,43,42,42,41,40,42,43,41,43,42,42
1775548229.1192,41,43,42,42,42,40,42,43,41,42,42,42
1775548229.3195,41,43,42,42,42,40,42,43,41,43,42,42
1775548229.5198,41,43,42,42,42,40,42,43,41,43,42,42
1775548229.7200,41,43,42,42,41,40,42,43,41,43,42,42
1775548229.9203,41,43,42,42,41,40,42,43,41,43,42,42
1775548230.1205,41,43,42,42,41,40,42,43,41,43,42,42
1775548230.3208,41,43,42,42,41,40,42,43,41,43,42,42
1775548230.5210,41,43,42,42,42,40,42,43,41,43,42,42
1775548230.7213,41,43,42,42,42,40,42,43,41,42,42,42
1775548230.9216,41,43,42,42,42,40,42,43,41,43,42,42
1775548231.1223,41,43,42,42,42,40,43,43,41,43,42,42
1775548231.3227,41,43,42,42,42,40,42,43,41,43,42,42
1775548231.5230,41,43,42,42,42,40,42,43,41,43,42,42
1775548231.7232,41,43,42,42,42,40,42,43,41,43,42,42
1775548231.9236,41,43,42,42,42,40,42,43,42,43,42,42
1775548232.1238,41,43,42,42,42,40,42,43,42,42,42,42
1775548232.3241,41,43,42,42,42,40,42,43,41,43,42,42
1775548232.5243,41,43,42,42,42,40,42,43,41,43,42,42
1775548232.7246,41,43,42,42,42,40,42,43,41,43,42,42
1775548232.9249,42,43,42,42,42,40,42,43,41,42,42,42
1775548233.1255,41,43,42,42,41,40,42,43,41,42,42,42
1775548233.3258,41,43,42,42,42,40,42,43,41,43,42,42
1775548233.5264,41,43,42,42,41,40,42,43,41,43,42,42
1775548233.7268,41,43,42,42,42,40,42,43,41,43,42,42
1775548233.9272,41,43,42,42,42,40,42,43,41,43,42,42
1775548234.1276,41,43,42,42,42,40,43,43,41,43,42,42
1775548234.3278,41,43,42,42,41,40,42,43,41,42,42,42
1775548234.5281,41,43,42,42,42,40,42,43,41,43,42,42
1775548234.7284,41,43,42,42,42,40,42,43,41,43,42,42
1775548234.9287,41,43,42,42,42,40,42,43,41,43,42,42
1775548235.1292,41,43,42,42,41,40,42,43,41,43,42,42
1775548235.3295,41,43,42,42,42,40,42,43,42,43,42,42
1775548235.5302,41,43,42,42,42,40,42,43,41,42,42,42
1775548235.7304,41,43,42,42,42,40,42,43,42,42,42,42
1775548235.9307,41,43,42,42,42,40,42,43,42,43,42,42
1775548236.1310,41,43,42,42,42,40,42,43,41,42,42,42
1775548236.3314,41,43,42,42,42,40,42,43,41,43,42,42
1775548236.5316,41,43,42,42,41,40,42,43,41,43,42,42
1775548236.7320,41,43,42,42,42,40,42,43,41,43,42,42
1775548236.9323,41,43,42,42,42,40,42,43,41,43,42,42
1775548237.1326,41,43,42,42,42,40,42,43,41,43,42,42
1775548237.3328,41,43,42,42,42,40,42,43,41,43,42,42
1775548237.5332,42,43,42,42,42,40,42,43,41,43,42,42
1775548237.7335,41,43,42,42,42,40,42,43,42,43,42,42
1775548237.9337,41,43,42,42,42,40,42,43,41,43,42,42
1775548238.1340,41,43,42,42,42,40,42,43,41,43,42,42
1775548238.3346,41,43,42,42,42,40,42,43,41,43,42,42
1775548238.5349,41,43,42,42,42,40,42,43,41,42,42,42
1775548238.7352,41,43,42,42,42,40,42,43,42,43,42,42
1775548238.9354,41,43,42,42,41,40,42,43,41,43,42,42
1775548239.1357,41,43,42,42,42,40,42,43,41,42,42,42
1775548239.3363,41,43,42,42,42,40,42,43,42,43,42,42
1775548239.5367,41,43,42,42,42,40,42,43,41,43,42,42
1775548239.7371,41,43,42,42,41,40,42,43,41,43,42,42
1775548239.9375,41,43,42,42,42,40,42,43,42,43,42,42
1775548240.1378,41,43,42,42,42,40,43,43,41,43,42,42
1775548240.3381,41,43,42,42,41,40,42,43,41,43,42,42
1775548240.5383,41,43,42,42,42,40,42,43,41,43,42,42
1775548240.7386,41,43,42,42,42,40,42,43,41,43,42,42
1775548240.9474,41,43,42,42,42,40,42,43,42,43,42,42
1775548241.1479,41,43,42,42,42,40,42,43,41,43,42,42
1775548241.3481,41,43,42,42,42,40,42,43,41,43,42,42
1775548241.5484,41,43,42,42,42,40,42,43,41,43,42,42
1775548241.7486,41,43,42,42,42,40,42,43,41,43,42,42
1775548241.9489,41,43,42,42,41,40,42,43,41,43,42,42
1775548242.1493,41,43,42,42,42,40,42,43,41,43,42,42
1775548242.3495,41,43,42,42,42,40,42,43,41,42,42,42
1775548242.5498,41,43,42,42,42,40,42,43,41,43,42,42
1775548242.7501,41,43,42,42,42,40,42,43,41,43,42,42
1775548242.9503,41,43,42,42,42,40,42,43,41,42,42,42
1775548243.1506,41,43,42,42,42,40,42,43,42,43,42,42
1775548243.3508,41,43,42,42,41,40,42,43,41,43,42,42
1775548243.5511,41,43,42,42,42,40,42,43,41,43,42,42
1775548243.7514,41,43,42,42,42,40,42,43,42,43,42,42
1775548243.9516,41,43,42,42,42,40,42,43,41,43,42,42
1775548244.1520,41,43,42,42,42,40,42,43,41,43,42,42
1775548244.3523,41,43,42,42,42,40,42,43,41,43,42,42
1775548244.5526,41,43,42,42,42,40,42,43,41,43,42,42
1775548244.7529,41,43,42,42,42,40,43,43,41,43,42,42
1775548244.9532,41,43,42,42,42,40,42,43,41,43,42,42
1775548245.1536,41,43,42,42,42,40,42,43,41,43,42,42
1775548245.3538,41,43,42,42,42,40,43,43,41,43,42,42
1775548245.5541,41,43,42,42,42,40,42,43,41,43,42,42
1775548245.7544,41,43,42,42,42,40,42,43,41,43,42,42
1775548245.9546,41,43,42,42,42,40,42,43,41,43,42,42
1775548246.1549,41,43,42,42,42,40,42,43,41,43,42,42
1775548246.3551,41,43,42,42,42,40,42,43,41,43,42,42
1775548246.5554,41,43,42,42,42,40,42,43,42,43,42,42
1775548246.7556,41,43,42,42,42,40,42,43,42,42,42,42
1775548246.9559,41,43,42,42,42,40,42,43,41,42,42,42
1775548247.1561,41,43,42,42,41,40,42,43,41,43,42,42
1775548247.3565,41,43,42,42,42,40,42,43,41,43,42,42
1775548247.5568,41,43,42,42,42,40,42,43,41,43,42,42
1775548247.7571,41,43,42,42,42,40,42,43,41,43,42,42
1775548247.9574,41,43,42,42,42,40,42,43,41,43,42,42
1775548248.1577,41,43,42,42,42,40,42,43,41,43,42,42
1775548248.3579,41,43,42,42,42,40,43,43,41,43,42,42
1775548248.5582,42,43,42,42,42,40,42,43,41,43,42,42
1775548248.7585,41,43,42,42,42,40,42,43,41,43,42,42
1775548248.9588,41,43,42,42,42,40,42,43,41,43,42,42
1775548249.1591,41,43,42,42,42,40,43,43,41,43,42,42
1775548249.3604,41,43,42,42,42,40,42,43,42,43,42,42
1775548249.5607,41,43,42,42,42,40,43,43,41,43,42,42
1775548249.7612,41,43,42,42,41,40,42,43,42,43,42,42
1775548249.9614,41,43,42,42,42,40,42,43,42,42,42,42
1775548250.1617,41,43,42,42,42,40,42,43,41,43,42,42
1775548250.3620,41,43,42,42,42,40,43,43,41,43,42,42
1775548250.5622,41,43,42,42,42,40,42,43,41,43,42,42
1775548250.7626,41,43,42,42,42,40,43,43,41,43,42,42
1775548250.9629,41,43,42,42,42,40,42,43,41,43,42,42
1775548251.1635,41,43,42,42,42,40,42,43,41,43,42,42
1775548251.3640,41,43,42,42,42,40,42,43,41,43,42,42
1775548251.5643,41,43,42,42,42,40,42,43,41,43,42,42
1775548251.7645,41,43,42,42,42,40,42,43,42,43,42,42
1775548251.9648,41,43,42,42,42,40,43,43,41,43,42,42
1775548252.1650,42,43,42,42,42,40,43,43,41,43,42,42
1775548252.3653,42,43,42,42,42,40,42,43,41,42,42,42
1775548252.5656,41,43,42,42,42,40,43,43,41,43,42,42
1775548252.7659,41,43,42,42,42,40,43,43,41,43,42,42
1775548252.9661,41,43,42,42,42,40,42,43,41,43,42,42
1775548253.1664,42,43,42,42,42,40,42,43,41,43,42,42
1775548253.3667,41,43,42,42,42,40,42,43,41,43,42,42
1775548253.5669,42,43,42,42,42,40,42,43,41,43,42,42
1775548253.7672,41,43,42,42,42,40,42,43,41,43,42,42
1775548253.9675,41,43,42,42,41,40,42,43,41,42,42,42
1775548254.1677,41,43,42,42,42,40,42,43,41,43,42,42
1775548254.3680,41,43,42,42,42,40,42,43,41,42,42,42
1775548254.5682,41,43,42,42,42,40,42,43,41,43,42,42
1775548254.7685,41,43,42,42,42,40,43,43,41,43,42,42
1775548254.9688,41,43,42,42,42,40,42,43,41,43,42,42
1775548255.1690,41,43,42,42,42,40,42,43,41,43,42,42
1775548255.3693,41,43,42,42,42,40,42,43,41,43,42,42
1775548255.5697,41,43,42,42,42,40,42,43,41,43,42,42
1775548255.7700,41,43,42,42,42,40,42,43,41,43,42,42
1775548255.9702,41,43,42,42,42,40,43,43,41,43,42,42
1775548256.1705,41,43,42,42,42,40,42,43,41,43,42,42
1775548256.3708,41,43,42,42,42,40,42,43,41,43,42,42
1775548256.5712,41,43,42,42,42,40,42,43,41,43,42,42
1775548256.7715,41,43,42,42,42,40,42,43,41,43,42,42
1775548256.9717,41,43,42,42,42,40,42,43,41,42,42,42
1775548257.1720,41,43,42,42,42,40,42,43,41,43,42,42
1775548257.3722,41,43,42,42,42,40,42,43,41,42,42,42
1775548257.5725,42,43,42,42,42,40,42,43,41,43,42,42
1775548257.7728,41,43,42,42,42,40,42,43,41,43,42,42
1775548257.9730,41,43,42,42,42,40,42,43,41,43,42,42
1775548258.1733,41,43,42,42,42,40,42,43,41,42,42,42
1775548258.3735,41,43,42,42,42,40,42,43,42,43,42,42
1775548258.5738,41,43,42,42,41,40,42,43,41,43,42,42
1775548258.7741,41,43,42,42,41,40,42,43,41,42,42,42
1775548258.9743,41,43,42,42,42,40,43,43,41,43,42,42
1775548259.1746,42,43,42,42,42,40,42,43,42,43,42,42
1775548259.3748,41,43,42,42,42,40,42,43,41,43,42,42
1775548259.5752,41,43,42,42,42,40,42,43,41,43,42,42
1775548259.7755,42,43,42,42,42,40,42,43,41,43,42,42
1775548259.9758,42,43,42,42,42,40,42,43,42,43,42,42
1775548260.1761,41,43,42,42,42,40,42,43,41,43,42,42
1775548260.3764,42,43,42,42,42,40,43,43,41,43,42,42
1775548260.5766,41,43,42,42,42,40,42,43,41,43,42,42
1775548260.7769,41,43,42,42,42,40,42,43,41,43,42,42
1775548260.9771,41,43,42,42,42,40,42,43,41,43,42,42
1775548261.1774,41,43,42,42,42,40,42,43,42,43,42,42
1775548261.3777,41,43,42,42,42,40,42,43,42,43,42,42
1775548261.5780,41,43,42,42,41,40,42,43,41,43,42,42
1775548261.7783,41,43,42,42,41,40,42,43,41,43,42,42
1775548261.9785,41,43,42,42,42,40,42,43,42,43,42,42
1775548262.1788,41,43,42,42,41,40,42,43,42,42,42,42
1775548262.3792,41,43,42,42,42,40,42,43,41,42,42,42
1775548262.5796,41,43,42,42,41,40,42,43,42,42,42,42
1775548262.7799,41,43,42,42,42,40,43,43,41,42,42,42
1775548262.9803,41,43,42,42,42,40,42,43,41,42,42,42
1775548263.1807,41,43,42,42,42,40,42,43,41,43,42,42
1775548263.3809,41,43,42,42,42,40,42,43,41,43,42,42
1775548263.5812,41,43,42,42,41,40,42,43,41,43,42,42
1775548263.7817,41,43,42,42,42,40,43,43,41,43,42,42
1775548263.9819,41,43,42,42,42,40,42,43,41,43,42,42
1775548264.1821,42,43,42,42,42,40,43,43,41,43,42,42
1775548264.3825,41,43,42,42,42,40,43,43,41,42,42,42
1775548264.5829,41,43,42,42,42,40,42,43,41,43,42,42
1775548264.7833,41,43,42,42,42,40,42,43,41,43,42,42
1775548264.9836,41,43,42,42,42,40,42,43,41,42,42,42
1775548265.1838,41,43,42,42,42,40,43,43,42,42,42,42
1775548265.3842,41,43,42,42,42,40,42,43,41,43,42,42
1775548265.5844,41,43,42,42,42,40,43,43,42,43,42,42
1775548265.7852,41,43,42,42,42,40,42,43,41,43,42,42
1775548265.9854,41,43,42,42,42,40,42,43,41,43,42,42
1775548266.1858,41,43,42,42,42,40,42,43,41,43,42,42
1775548266.3860,41,43,42,42,42,40,42,43,41,43,42,42
1775548266.5863,41,43,42,42,42,40,42,43,42,43,42,42
1775548266.7866,41,43,42,42,42,40,43,43,41,43,42,42
1775548266.9868,41,43,42,42,42,40,43,43,41,43,42,42
1775548267.1871,41,43,42,42,42,40,43,43,42,43,42,42
1775548267.3873,41,43,42,42,42,40,43,43,41,43,42,42
1775548267.5876,41,43,42,42,42,40,43,43,42,43,42,42
1775548267.7879,41,43,42,42,42,40,42,43,41,43,42,42
1775548267.9882,41,43,42,42,42,40,42,43,41,43,42,42
1775548268.1886,41,43,42,42,42,40,43,43,41,43,42,42
1775548268.3889,41,43,42,42,42,40,42,43,41,42,42,42
1775548268.5892,41,43,42,42,42,40,42,43,41,42,42,42
1775548268.7895,41,43,42,42,42,40,42,43,41,43,42,42
1775548268.9897,41,43,42,42,42,40,42,43,42,43,42,42
1775548269.1900,41,43,42,42,42,40,42,43,42,43,42,42
1775548269.3905,41,43,42,42,42,40,42,43,42,43,42,42
1775548269.5907,41,43,42,42,42,40,43,43,41,43,42,42
1775548269.7910,41,43,42,42,42,40,42,43,41,42,42,42
1775548269.9913,41,43,42,42,42,40,42,43,41,43,42,42
1775548270.1917,41,43,42,42,42,40,43,43,42,42,42,42
1775548270.3920,41,43,42,42,42,40,43,43,41,43,42,42
1775548270.5922,41,43,42,42,42,40,43,43,41,43,42,42
1775548270.7925,41,43,42,42,42,40,43,43,42,43,42,42
1775548270.9927,41,43,42,42,41,40,43,43,41,43,42,42
1775548271.1930,41,43,42,42,42,40,42,43,41,43,42,42
1775548271.3933,41,43,42,42,41,40,42,43,41,43,42,42
1775548271.5935,41,43,42,42,42,40,42,43,41,43,42,42
1775548271.7938,41,43,42,42,42,40,43,43,41,43,42,42
1775548271.9940,41,43,42,42,42,40,42,43,41,43,42,42
1775548272.1943,41,43,42,42,42,40,42,43,41,42,42,42
1775548272.3945,41,43,42,42,42,40,42,43,41,43,42,42
1775548272.5948,41,43,42,42,42,40,43,43,41,43,42,42
1775548272.7951,41,43,42,42,42,40,43,43,41,43,42,42
1775548272.9953,41,43,42,42,42,40,42,43,42,43,42,42
1775548273.1956,41,43,42,42,42,40,43,43,41,43,42,42
1775548273.3959,41,43,42,42,42,40,43,43,41,42,42,42
1775548273.5962,41,43,42,42,42,40,42,43,42,43,42,42
1775548273.7964,41,43,42,42,42,40,42,43,41,43,42,42
1775548273.9967,41,43,42,42,41,40,42,43,42,43,42,42
1775548274.1970,41,43,42,42,42,40,42,43,41,42,42,42
1775548274.3973,41,43,42,42,42,40,42,43,41,42,42,42
1775548274.5975,41,43,42,42,42,40,42,43,41,43,42,42
1775548274.7978,41,43,42,42,42,40,42,43,42,43,42,42
1775548274.9981,41,43,42,42,42,40,42,43,41,43,42,42
1775548275.1983,41,43,42,42,42,40,42,43,42,42,42,42
1775548275.3989,41,43,42,42,41,40,42,43,41,43,42,42
1775548275.5992,41,43,42,42,42,40,42,43,42,43,42,42
1775548275.7995,41,43,42,42,42,40,42,43,42,43,42,42
1775548275.9997,41,43,42,42,42,40,43,43,42,42,42,42
1775548276.2000,41,43,42,42,42,40,43,43,42,43,42,42
1775548276.4002,41,43,42,42,42,40,42,43,42,43,42,42
1775548276.6005,41,43,42,42,42,40,43,43,41,43,42,42
1775548276.8007,41,43,42,42,42,40,42,43,41,43,42,42
1775548277.0010,41,43,42,42,42,40,42,43,41,43,42,42
1775548277.2013,41,43,42,42,42,40,42,43,42,43,42,42
1775548277.4015,41,43,42,42,42,40,43,43,41,43,42,42
1775548277.6018,41,43,42,42,41,40,42,43,42,43,42,42
1775548277.8021,41,43,42,42,42,40,42,43,41,42,42,42
1775548278.0023,41,43,42,42,42,40,42,43,42,43,42,42
1775548278.2026,41,43,42,42,41,40,43,43,41,43,42,42
1775548278.4028,41,43,42,42,42,40,43,43,41,43,42,42
1775548278.6035,42,43,42,42,42,40,42,43,41,43,42,42
1775548278.8045,42,43,42,42,42,40,43,43,42,43,42,42
1775548279.0051,41,43,42,42,42,40,42,43,41,43,42,42
1775548279.2054,41,43,42,42,42,40,42,43,41,43,42,42
1775548279.4057,41,43,42,42,42,40,43,43,41,43,42,42
1775548279.6062,41,43,42,42,42,40,42,43,42,43,42,42
1775548279.8068,41,43,42,42,42,40,42,43,42,43,42,42
1775548280.0074,41,43,42,42,42,40,42,43,42,43,42,42
1775548280.2078,41,43,42,42,42,40,42,43,42,43,42,42
1775548280.4084,41,43,42,42,41,40,42,43,42,42,42,42
1775548280.6089,41,43,42,42,42,40,43,43,42,43,42,42
1775548280.8093,41,43,42,42,41,40,43,43,42,43,42,42
1775548281.0096,41,43,42,42,42,40,42,43,41,43,42,42
1775548281.2099,41,43,42,42,42,40,43,43,41,43,42,42
1775548281.4101,41,43,42,42,42,40,43,43,41,43,42,42
1775548281.6104,41,43,42,42,42,40,42,43,42,43,42,42
1775548281.8107,41,43,42,42,42,40,43,43,41,43,42,42
1775548282.0110,41,43,42,42,42,40,43,43,42,43,42,42
1775548282.2114,41,43,42,42,42,40,42,43,41,43,42,42
1775548282.4185,41,43,42,42,42,40,42,43,41,43,42,42
1775548282.6188,41,43,42,42,42,40,42,43,42,43,42,42
1775548282.8191,41,43,42,42,42,40,43,43,42,43,42,42
1775548283.0194,41,43,42,42,42,40,42,43,41,42,42,42
1775548283.2200,41,43,42,42,42,40,43,43,41,43,42,42
1775548283.4203,41,43,42,42,42,40,43,43,42,42,42,42
1775548283.6207,41,43,42,42,42,40,42,43,41,43,42,42
1775548283.8210,41,43,42,42,42,40,42,43,42,43,42,42
1775548284.0222,41,43,42,42,42,40,42,43,41,43,42,42
1775548284.2225,42,43,42,42,42,40,43,43,42,43,42,42
1775548284.4228,42,43,42,42,42,40,42,43,42,43,42,42
1775548284.6231,41,43,42,42,42,40,43,43,41,43,42,42
1775548284.8234,42,43,42,42,42,40,42,43,42,43,42,42
1775548285.0239,42,43,42,42,42,40,42,43,41,43,42,42
1775548285.2242,41,43,42,42,41,40,42,43,42,43,42,42
1775548285.4246,41,43,42,42,42,40,43,43,42,43,42,42
1775548285.6248,41,43,42,42,42,40,42,43,41,43,42,42
1775548285.8257,41,43,42,42,42,40,42,43,41,43,42,42
1775548286.0259,41,43,42,42,42,40,42,43,42,43,42,42
1775548286.2270,41,43,42,42,41,40,42,43,41,42,42,42
1775548286.4272,41,43,42,42,42,40,42,43,42,43,42,42
1775548286.6275,41,43,42,42,42,40,43,43,42,42,42,42
1775548286.8279,41,43,42,42,42,40,42,43,42,43,42,42
1775548287.0282,42,43,42,42,42,40,42,43,42,42,42,42
1775548287.2285,41,43,42,42,42,40,42,43,41,43,42,42
1775548287.4287,41,43,42,42,42,40,43,43,42,43,42,42
1775548287.6290,41,43,42,42,41,40,43,43,42,43,42,42
1775548287.8292,41,43,42,42,42,40,42,43,41,43,42,42
1775548288.0295,41,43,42,42,42,40,43,43,41,43,42,42
1775548288.2297,41,43,42,42,42,40,42,43,42,42,42,42
1775548288.4300,41,43,42,42,42,40,42,43,41,43,42,42
1775548288.6304,42,43,42,42,42,40,42,43,41,43,42,42
1775548288.8306,42,43,42,42,42,40,43,43,41,42,42,42
1775548289.0309,41,43,42,42,42,40,43,43,41,43,42,42
1775548289.2311,41,43,42,42,42,40,42,43,42,43,42,42
1775548289.4314,41,43,42,42,42,40,42,43,42,43,42,42
1775548289.6317,41,43,42,42,42,40,42,43,42,43,42,42
1775548289.8319,41,43,42,42,42,40,43,43,41,43,42,42
1775548290.0322,41,43,42,42,42,40,42,43,41,43,42,42
1775548290.2324,41,43,42,42,42,40,42,43,41,43,42,42
1775548290.4332,41,43,42,42,42,40,43,43,42,43,42,42
1775548290.6335,42,43,42,42,42,40,43,43,42,43,42,42
1775548290.8345,41,43,42,42,42,40,42,43,42,43,42,42
1775548291.0347,41,43,42,42,42,40,43,43,41,43,42,42
1775548291.2352,41,43,42,42,42,40,43,43,42,43,42,42
1775548291.4354,41,43,42,42,42,40,42,43,42,43,42,42
1775548291.6357,41,43,42,42,42,40,42,43,42,43,42,42
1775548291.8359,41,43,42,42,42,40,43,43,41,43,42,42
1775548292.0362,41,43,42,42,42,40,43,43,42,43,42,42
1775548292.2365,41,43,42,42,42,40,43,43,42,43,42,42
1775548292.4367,41,43,42,42,42,40,43,43,41,43,42,42
1775548292.6370,42,43,42,42,42,40,43,43,41,43,42,42
1775548292.8372,41,43,42,42,42,40,42,43,42,43,42,42
1775548293.0375,41,43,42,42,42,40,42,43,41,43,42,42
1775548293.2378,41,43,42,42,42,40,42,43,42,43,42,42
1775548293.4383,41,43,42,42,41,40,43,43,41,43,42,42
1775548293.6386,41,43,42,42,42,40,43,43,42,43,42,42
1775548293.8389,41,43,42,42,42,40,43,43,41,43,42,42
1775548294.0391,41,43,42,42,42,40,42,43,41,42,42,42
1775548294.2396,42,43,42,42,42,40,42,43,42,43,42,42
1775548294.4399,41,43,42,42,42,40,43,43,42,43,42,42
1775548294.6401,41,43,42,42,42,40,42,43,42,42,42,42
1775548294.8406,41,43,42,42,42,40,42,43,42,43,42,42
1775548295.0408,41,43,42,42,42,40,43,43,42,43,42,42
1775548295.2411,41,43,42,42,42,40,43,43,41,43,42,42
1775548295.4414,41,43,42,42,42,40,42,43,42,43,42,42
1775548295.6416,41,43,42,42,42,40,43,43,42,43,42,42
1775548295.8419,41,43,42,42,42,40,42,43,42,43,42,42
1775548296.0422,41,43,42,42,41,40,42,43,41,43,42,42
1775548296.2425,42,43,42,42,42,40,43,43,42,42,42,42
1775548296.4437,41,43,42,42,42,40,42,43,42,42,42,42
1775548296.6439,41,43,42,42,42,40,43,43,41,43,42,42
1775548296.8442,41,43,42,42,42,40,42,43,41,43,42,42
1775548297.0445,41,43,42,42,42,40,42,43,41,43,42,42
1775548297.2447,41,43,42,42,42,40,43,43,41,43,42,42
1775548297.4460,41,43,42,42,42,40,43,43,41,43,42,42
1775548297.6467,41,43,42,42,42,40,42,43,42,43,42,42
1775548297.8473,41,43,42,42,41,40,42,43,42,43,42,42
1775548298.0475,41,43,42,42,41,40,43,43,42,43,42,42
1775548298.2481,41,43,42,42,42,40,43,43,41,43,42,42
1775548298.4484,41,43,42,42,42,40,43,43,42,42,42,42
1775548298.6489,42,43,42,42,42,40,42,43,42,43,42,42
1775548298.8491,41,43,42,42,42,40,43,43,42,43,42,42
1775548299.0494,41,43,42,42,42,40,42,43,41,43,42,42
1775548299.2497,41,43,42,42,42,40,43,43,41,43,42,42
1775548299.4501,41,43,42,42,42,40,43,43,41,43,42,42
1775548299.6504,41,43,42,42,42,40,42,43,41,43,42,42
1775548299.8508,41,43,42,42,42,40,42,43,41,43,42,42
1775548300.0511,41,43,42,42,42,40,43,43,41,43,42,42
1775548300.2513,41,43,42,42,42,40,42,43,42,43,42,42
1775548300.4516,41,43,42,42,42,40,43,43,41,43,42,42
1775548300.6521,41,43,42,42,42,40,42,43,42,42,42,42
1775548300.8524,41,43,42,42,42,40,43,43,41,43,42,42
1775548301.0527,42,43,42,42,42,40,42,43,42,43,42,42
1775548301.2530,42,43,42,42,42,40,43,43,42,42,42,42
1775548301.4532,41,43,42,42,42,40,43,43,42,43,42,42
1775548301.6535,41,43,42,42,42,40,43,43,42,43,42,42
1775548301.8538,42,43,42,42,42,40,43,43,41,43,42,42
1775548302.0540,41,43,42,42,42,40,42,43,42,43,42,42
1775548302.2543,41,43,42,42,42,40,43,43,41,43,42,42
1775548302.4547,41,43,42,42,42,40,42,43,42,43,42,42
1775548302.6549,41,43,42,42,42,40,42,43,42,42,42,42
1775548302.8552,42,43,42,42,42,40,43,43,41,43,42,42
1775548303.0555,41,43,42,42,42,40,42,43,42,42,42,42
1775548303.2558,41,43,42,42,42,40,43,43,41,43,42,42
1775548303.4561,41,43,42,42,42,40,43,43,42,43,42,42
1775548303.6563,41,43,42,42,42,40,43,43,41,43,42,42
1775548303.8567,41,43,42,42,42,40,43,43,41,43,42,42
1775548304.0569,41,43,42,42,42,40,42,43,42,43,42,42
1775548304.2572,41,43,42,42,42,40,42,43,42,43,42,42
1775548304.4575,41,43,42,42,42,40,42,43,42,43,42,42
1775548304.6579,41,43,42,42,42,40,42,43,42,43,42,42
1775548304.8583,41,43,42,42,42,40,43,43,41,43,42,42
1775548305.0585,42,43,42,42,42,40,43,43,41,43,42,42
1775548305.2588,41,43,42,42,42,40,42,43,42,43,42,42
1775548305.4590,41,43,42,42,42,40,42,43,42,43,42,42
1775548305.6593,41,43,42,42,42,40,42,43,41,43,42,42
1775548305.8595,41,43,42,42,42,40,42,43,42,43,42,42
1775548306.0598,41,43,42,42,42,40,42,43,42,43,42,42
1775548306.2601,42,43,42,42,42,40,42,43,42,43,42,42
1775548306.4603,41,43,42,42,42,40,43,43,41,43,42,42
1775548306.6606,42,43,42,42,42,40,43,43,42,43,42,42
1775548306.8608,42,43,42,42,42,40,42,43,41,43,42,42
1775548307.0612,41,43,42,42,42,40,42,43,42,43,42,42
1775548307.2625,41,43,42,42,42,40,43,43,42,43,42,42
1775548307.4628,41,43,42,42,42,40,42,43,42,43,42,42
1775548307.6631,41,43,42,42,42,40,43,43,41,43,42,42
1775548307.8633,41,43,42,42,42,40,43,43,42,42,42,42
1775548308.0636,41,43,42,42,42,40,43,43,42,43,42,42
1775548308.2639,41,43,42,42,42,40,42,43,42,43,42,42
1775548308.4642,42,43,42,42,42,40,43,43,42,43,42,42
1775548308.6645,41,43,42,42,42,40,43,43,42,43,42,42
1775548308.8648,41,43,42,42,42,40,43,43,41,43,42,42
1775548309.0651,42,43,42,42,42,40,42,43,42,43,42,42
1775548309.2655,42,43,42,42,42,40,43,43,42,43,42,42
1775548309.4658,42,43,42,42,42,40,43,43,42,43,42,42
1775548309.6661,42,43,42,42,42,40,43,43,42,43,42,42
1775548309.8663,41,43,42,42,42,40,43,43,42,43,42,42
1775548310.0667,41,43,42,42,42,40,43,43,42,43,42,42
1775548310.2677,41,43,42,42,42,40,43,43,41,43,42,42
1775548310.4683,41,43,42,42,42,40,43,43,42,43,42,42
1775548310.6695,41,43,42,42,42,40,43,43,42,43,42,42
1775548310.8704,41,43,42,42,42,40,43,43,41,43,42,42
1775548311.0711,41,43,42,42,42,40,43,43,42,43,42,42
1775548311.2714,41,43,42,42,42,40,43,43,41,43,42,42
1775548311.4717,41,43,42,42,42,40,42,43,42,43,42,42
1775548311.6719,41,43,42,42,42,40,43,43,42,43,42,42
1775548311.8722,41,43,42,42,42,40,42,43,42,43,42,42
1775548312.0725,41,43,42,42,42,40,43,43,42,43,42,42
1775548312.2728,41,43,42,42,42,40,42,43,41,43,42,42
1775548312.4730,41,43,42,42,42,40,43,43,42,43,42,42
1775548312.6733,41,43,42,42,42,40,43,43,41,43,42,42
1775548312.8735,41,43,42,42,42,40,43,43,41,43,42,42
1775548313.0738,41,43,42,42,42,40,43,43,42,42,42,42
1775548313.2741,41,43,42,42,42,40,43,43,42,43,42,42
1775548313.4743,41,43,42,42,42,40,43,43,41,43,42,42
1775548313.6746,42,43,42,42,42,40,43,43,42,42,42,42
1775548313.8748,41,43,42,42,42,40,43,43,42,43,42,42
1775548314.0751,41,43,42,42,42,40,43,43,42,43,42,42
1775548314.2754,41,43,42,42,42,40,43,43,41,43,42,42
1775548314.4756,41,43,42,42,42,40,42,43,42,43,42,42
1775548314.6759,41,43,42,42,42,40,42,43,42,43,42,42
1775548314.8766,41,43,42,42,42,40,43,43,42,43,42,42
1775548315.0770,41,43,42,42,42,40,43,43,42,43,42,42
1775548315.2777,41,43,42,42,42,40,43,43,42,43,42,42
1775548315.4780,42,43,42,42,42,40,42,43,42,43,42,42
1775548315.6783,41,43,42,42,42,40,43,43,42,43,42,42
1775548315.8786,41,43,42,42,42,40,43,43,42,43,42,42
1775548316.0788,41,43,42,42,42,40,43,43,42,43,42,42
1775548316.2791,42,43,42,42,42,40,43,43,41,43,42,42
1775548316.4793,41,43,42,42,42,40,43,43,41,43,42,42
1775548316.6796,41,43,42,42,42,40,42,43,42,43,42,42
1775548316.8799,41,43,42,42,42,40,43,43,41,43,42,42
1775548317.0801,41,43,42,42,42,40,43,43,41,43,42,42
1775548317.2804,41,43,42,42,41,40,42,43,41,43,42,42
1775548317.4807,41,43,42,42,42,40,42,43,42,43,42,42
1775548317.6809,41,43,42,42,42,40,42,43,42,43,42,42
1775548317.8812,41,43,42,42,42,40,43,43,42,43,42,42
1775548318.0815,41,43,42,42,42,40,43,43,42,43,42,42
1775548318.2817,41,43,42,42,42,40,43,43,42,43,42,42
1775548318.4821,41,43,42,42,42,40,43,43,41,43,42,42
1775548318.6824,41,43,42,42,42,40,43,43,42,43,42,42
1775548318.8827,41,43,42,42,42,40,43,43,42,43,42,42
1775548319.0829,42,43,42,42,42,40,43,43,41,43,42,42
1775548319.2832,41,43,42,42,42,40,42,43,41,43,42,42
1775548319.4835,41,43,42,42,42,40,43,43,42,43,42,42
1775548319.6837,41,43,42,42,42,40,42,43,42,43,42,42
1775548319.8840,41,43,42,42,42,40,42,43,42,43,42,42
1775548320.0844,42,43,42,42,42,40,43,43,42,43,42,42
1775548320.2848,41,43,42,42,42,40,42,43,42,43,42,42
1775548320.4853,41,43,42,42,42,40,42,43,41,43,42,42
1775548320.6855,41,43,42,42,42,40,43,43,41,43,42,42
1775548320.8858,42,43,42,42,42,40,43,43,41,43,42,42
1775548321.0862,41,43,42,42,42,40,42,43,42,43,42,42
1775548321.2865,41,43,42,42,42,40,43,43,41,43,42,42
1775548321.4868,42,43,42,42,42,40,42,43,42,43,42,42
1775548321.6872,42,43,42,42,42,40,42,43,42,43,42,42
1775548321.8905,41,43,42,42,42,40,43,43,41,42,42,42
1775548322.0920,41,43,42,42,42,40,42,43,41,43,42,42
1775548322.2924,41,43,42,42,42,40,42,43,41,43,42,42
1775548322.4927,41,43,42,42,42,40,42,43,41,43,42,42
1775548322.6931,41,43,42,42,42,40,42,43,42,43,42,42
1775548322.8940,41,43,42,42,42,40,43,43,41,42,42,42
1775548323.0943,41,43,42,42,42,40,43,43,42,42,42,42
1775548323.2946,41,43,42,42,42,40,42,43,42,43,42,42
1775548323.4949,41,43,42,42,41,40,43,43,41,43,42,42
1775548323.6952,41,43,42,42,42,40,43,43,41,43,42,42
1775548323.8954,41,43,42,42,42,40,43,43,42,43,42,42
1775548324.0957,41,43,42,42,42,40,42,43,42,42,42,42
1775548324.2959,41,43,42,42,42,40,43,43,42,43,42,42
1775548324.4962,41,43,42,42,42,40,42,43,41,43,42,42
1775548324.6965,41,43,42,42,42,40,42,43,42,43,42,42
1775548324.8967,41,43,42,42,42,40,43,43,41,43,42,42
1775548325.0970,41,43,42,42,42,40,43,43,42,43,42,42
1775548325.2972,41,43,42,42,42,40,42,43,42,43,42,42
1775548325.4976,41,43,42,42,42,40,43,43,42,43,42,42
1775548325.6978,41,43,42,42,42,40,42,43,41,43,42,42
1775548325.8983,41,43,42,42,42,40,42,43,41,43,42,42
1775548326.0985,41,43,42,42,42,40,43,43,41,42,42,42
1775548326.2988,41,43,42,42,42,40,42,43,42,43,42,42
1775548326.4994,41,43,42,42,42,40,42,43,42,43,42,42
1775548326.6997,41,43,42,42,42,40,43,43,42,43,42,42
1775548326.9001,41,43,42,42,42,40,43,43,41,43,42,42
1775548327.1005,41,43,42,42,42,40,43,43,42,43,42,42
1775548327.3008,42,43,42,42,42,40,43,43,42,43,42,42
1775548327.5010,41,43,42,42,42,40,43,43,41,43,42,42
1775548327.7013,41,43,42,42,42,40,42,43,42,43,42,42
1775548327.9017,41,43,42,42,42,40,43,43,42,43,42,42
1775548328.1024,42,43,42,42,42,40,42,43,42,43,42,42
1775548328.3030,41,43,42,42,42,40,43,43,41,43,42,42
1775548328.5034,42,43,42,42,42,40,43,43,41,43,42,42
1775548328.7039,41,43,42,42,42,40,43,43,41,43,42,42
1775548328.9044,41,43,42,42,42,40,43,43,41,43,42,42
1775548329.1049,41,43,42,42,42,40,43,43,42,43,42,42
1775548329.3053,41,43,42,42,42,40,43,43,42,43,42,42
1775548329.5057,41,43,42,42,42,40,43,43,42,42,42,42
1775548329.7060,41,43,42,42,42,40,43,43,42,43,42,42
1775548329.9062,41,43,42,42,42,40,42,43,41,43,42,42
1775548330.1065,41,43,42,42,42,40,43,43,42,43,42,42
1775548330.3068,41,43,42,42,42,40,43,43,41,43,42,42
1775548330.5070,41,43,42,42,42,40,43,43,42,43,42,42
1775548330.7074,41,43,42,42,42,40,43,43,42,43,42,42
1775548330.9077,41,43,42,42,42,40,43,43,42,43,42,42
1775548331.1081,41,43,42,42,42,40,42,43,42,43,42,42
1775548331.3086,41,43,42,42,42,40,43,43,42,43,42,42
1775548331.5089,41,43,42,42,42,40,42,43,42,43,42,42
1775548331.7095,41,43,42,42,42,40,42,43,42,43,42,42
1775548331.9099,41,43,42,42,42,40,43,43,42,43,42,42
1775548332.1106,41,43,42,42,42,40,42,43,42,43,42,42
1775548332.3110,41,43,42,42,42,40,43,43,42,43,42,42
1775548332.5115,41,43,42,42,42,40,43,43,42,43,42,42
1775548332.7118,41,43,42,42,42,40,43,43,42,43,42,42
1775548332.9120,41,43,42,42,42,40,43,43,41,43,42,42
1775548333.1123,41,43,42,42,42,40,42,43,42,42,42,42
1775548333.3126,41,43,42,42,42,40,42,43,42,43,42,42
1775548333.5130,41,43,42,42,42,40,43,43,42,43,42,42
1775548333.7132,41,43,42,42,42,40,43,43,41,43,42,42
1775548333.9135,41,43,42,42,42,40,43,43,41,43,42,42
1775548334.1138,41,43,42,42,41,40,42,43,41,43,42,42
1775548334.3141,42,43,42,42,42,40,43,43,42,43,42,42
1775548334.5144,41,43,42,42,42,40,43,43,42,43,42,42
1775548334.7147,41,43,42,42,42,40,42,43,42,43,42,42
1775548334.9150,41,43,42,42,42,40,42,43,42,43,42,42
1775548335.1154,41,43,42,42,42,40,43,43,42,43,42,42
1775548335.3157,41,43,42,42,42,40,43,43,42,43,42,42
1775548335.5159,41,43,42,42,42,40,43,43,42,43,42,42
1775548335.7162,41,43,42,42,42,40,42,43,42,43,42,42
1775548335.9165,41,43,42,42,42,40,42,43,42,43,42,42
1775548336.1168,41,43,42,42,42,40,42,43,42,43,42,42
1775548336.3172,41,43,42,42,42,40,43,43,42,43,42,42
1775548336.5174,41,43,42,42,42,40,43,43,42,43,42,42
1775548336.7177,41,43,42,42,42,40,43,43,42,43,42,42
1775548336.9180,41,43,42,42,42,40,43,43,42,43,42,42
1775548337.1183,42,43,42,42,42,40,43,43,42,43,42,42
1775548337.3188,41,43,42,42,42,40,43,43,42,43,42,42
1775548337.5191,41,43,42,42,42,40,42,43,42,42,42,42
1775548337.7193,42,43,42,42,42,40,43,43,42,43,42,42
1775548337.9202,41,43,42,42,42,40,43,43,42,43,42,42
1775548338.1205,41,43,42,42,42,40,42,43,42,43,42,42
1775548338.3207,41,43,42,42,42,40,42,43,42,43,42,42
1775548338.5210,41,43,42,42,42,40,43,43,42,43,42,42
1775548338.7213,41,43,42,42,42,40,42,43,41,43,42,42
1775548338.9215,41,43,42,42,42,40,42,43,42,43,42,42
1775548339.1218,41,43,42,42,42,40,42,43,41,43,42,42
1775548339.3220,41,43,42,42,42,40,42,43,42,43,42,42
1775548339.5223,41,43,42,42,42,40,43,43,42,43,42,42
1775548339.7225,41,43,42,42,42,40,42,43,42,43,42,42
1775548339.9230,41,43,42,42,42,40,42,43,42,43,42,42
1775548340.1232,41,43,42,42,42,40,42,43,41,42,42,42
1775548340.3235,41,43,42,42,42,40,43,43,42,43,42,42
1775548340.5238,41,43,42,42,42,40,42,43,42,43,42,42
1775548340.7240,42,43,42,42,42,40,42,43,42,43,42,42
1775548340.9245,41,43,42,42,42,40,42,43,42,43,42,42
1775548341.1247,41,43,42,42,42,40,42,43,42,43,42,42
1775548341.3250,42,43,42,42,42,40,42,43,42,43,42,42
1775548341.5252,41,43,42,42,42,40,43,43,42,43,42,42
1775548341.7255,41,43,42,42,42,40,42,43,42,43,42,42
1775548341.9258,42,43,42,42,42,40,43,43,42,43,42,42
1775548342.1261,41,43,42,42,42,40,42,43,42,43,42,42
1775548342.3263,42,43,42,42,42,40,43,43,42,43,42,42
1775548342.5268,42,43,42,42,42,40,42,43,42,43,42,42
1775548342.7274,41,43,42,42,42,40,42,43,42,43,42,42
1775548377.6534,40,42,41,40,40,39,41,42,40,41,41,41
1775548377.8538,40,42,41,40,40,39,41,42,40,41,41,41
1775548378.0541,40,42,41,40,40,39,41,42,40,41,41,41
1775548378.2546,40,42,41,40,40,39,41,42,40,41,41,41
1775548378.4554,40,42,41,40,40,39,41,42,40,41,41,41
1775548378.6557,40,42,41,40,40,39,41,42,40,41,41,41
1775548378.8562,40,42,41,40,40,39,41,42,40,41,41,41
1775548379.0565,40,42,41,40,40,39,41,42,40,41,41,41
1775548379.2573,40,42,41,40,40,39,41,42,40,41,41,41
1775548379.4575,40,42,41,40,40,39,41,42,40,41,41,40
1775548379.6579,40,42,41,40,40,39,41,42,40,41,41,41
1775548379.8586,40,42,41,40,40,39,41,42,40,41,41,41
1775548380.0608,40,42,41,40,40,39,41,42,40,41,41,41
1775548380.2611,40,42,41,40,40,39,41,42,40,41,41,41
1775548380.4615,40,42,41,40,40,39,41,42,40,41,41,41
1775548380.6626,41,42,41,40,40,39,41,42,40,41,41,41
1775548380.8630,40,42,41,40,40,39,41,42,40,41,41,41
1775548381.0633,40,42,41,40,40,39,41,42,40,41,41,41
1775548381.2636,40,42,41,40,40,39,41,42,40,41,41,41
1775548381.4641,40,42,41,40,40,39,41,42,40,41,41,41
1775548381.6645,40,42,41,40,40,39,41,42,40,41,41,41
1775548381.8647,40,42,41,40,40,39,41,42,41,41,41,41
1775548382.0651,40,42,41,40,40,39,41,42,41,41,41,41
1775548382.2654,40,42,41,40,40,39,41,42,41,41,41,41
1775548382.4657,40,42,41,40,40,39,41,42,40,41,41,41
1775548382.6659,40,42,41,40,40,39,41,42,41,41,41,41
1775548382.8673,40,42,41,40,40,39,41,42,40,41,41,41
1775548383.0683,40,42,41,40,40,39,41,42,40,41,41,41
1775548383.2685,40,42,41,40,40,39,41,42,41,41,41,41
1775548383.4688,40,42,41,40,40,39,41,42,40,41,41,41
1775548383.6690,40,42,41,40,40,39,41,42,40,41,41,41
1775548383.8726,40,42,41,40,40,39,41,42,40,41,41,41
1775548384.0730,40,42,41,40,40,39,41,42,40,41,41,41
1775548384.2732,40,42,41,40,40,39,41,42,40,41,41,41
1775548384.4741,40,42,41,40,40,39,41,42,41,41,41,41
1775548384.6743,40,42,41,40,40,39,41,42,40,41,41,41
1775548384.8749,40,42,41,40,40,39,41,42,41,41,41,41
1775548385.0756,40,42,41,40,40,39,41,42,41,41,41,41
1775548385.2762,40,42,41,40,40,39,41,42,40,41,41,41
1775548385.4764,40,42,41,40,40,39,41,42,40,41,41,41
1775548385.6767,40,42,41,40,41,39,41,42,41,41,41,41
1775548385.8770,40,42,41,40,40,39,41,42,41,41,41,41
1775548386.0783,40,42,41,40,41,39,41,42,40,41,41,41
1775548386.2786,40,42,41,40,41,39,41,42,40,41,41,41
1775548386.4790,40,42,41,40,41,39,41,42,41,41,41,41
1775548386.6795,40,42,41,40,40,39,41,42,41,41,41,41
1775548386.8798,40,42,41,40,41,39,41,42,41,41,41,41
1775548387.0803,40,42,41,40,40,39,41,42,41,41,41,41
1775548387.2805,40,42,41,40,40,39,41,42,41,41,41,41
1775548387.4821,40,42,41,40,40,39,41,42,41,41,41,41
1775548387.6825,40,42,41,40,40,39,41,42,41,41,41,41
1775548387.8828,40,42,41,40,40,39,41,42,41,41,41,41
1775548388.0834,40,42,41,40,40,39,41,42,41,41,41,41
1775548388.2836,40,42,41,40,41,39,41,42,41,41,41,41
1775548388.4839,40,42,41,40,40,39,41,42,41,41,41,41
1775548388.6851,40,42,41,40,41,39,41,42,41,41,41,41
1775548388.8854,40,42,41,40,41,39,41,42,41,41,41,41
1775548389.0857,40,42,41,40,40,39,41,42,41,41,41,41
1775548389.2859,40,42,41,40,40,39,41,42,41,41,41,41
1775548389.4862,40,42,41,40,40,39,41,42,41,41,41,41
1775548389.6864,40,42,41,40,41,39,41,42,41,41,41,41
1775548389.9016,40,42,41,40,40,39,41,42,41,41,41,41
1775548390.1023,40,42,41,40,41,39,41,42,41,41,41,41
1775548390.3026,40,42,41,40,41,39,41,42,41,41,41,41
1775548390.5028,40,42,41,40,41,39,41,42,41,41,41,41
1775548390.7033,40,42,41,40,41,39,41,42,41,41,41,41
1775548390.9035,40,42,41,40,40,39,41,42,41,41,41,41
1775548391.1038,40,42,41,40,41,39,41,42,41,41,41,41
1775548391.3040,40,42,41,40,41,39,41,42,41,41,41,41
1775548391.5043,41,42,41,40,41,39,41,42,41,41,41,41
1775548391.7046,40,42,41,40,40,39,41,42,41,41,41,41
1775548391.9048,40,42,41,40,40,39,41,42,41,41,41,41
1775548392.1051,40,42,41,40,41,39,41,42,41,41,41,41
1775548392.3053,40,42,41,40,41,39,41,42,41,41,41,41
1775548392.5057,40,42,41,40,41,39,41,42,41,41,41,41
1775548392.7063,40,42,41,40,41,39,41,42,41,41,41,41
1775548392.9064,40,42,41,40,41,39,41,42,41,41,41,41
1775548393.1067,40,42,41,40,40,39,41,42,41,41,41,41
1775548393.3070,40,42,41,40,41,39,41,42,41,41,41,41
1775548393.5073,40,42,41,40,41,39,41,42,41,41,41,41
1775548393.7075,40,42,41,40,41,39,41,42,41,41,41,41
1775548393.9078,40,42,41,40,41,39,41,42,41,41,41,41
1775548394.1081,40,42,41,40,41,39,41,42,41,41,41,41
1775548394.3084,40,42,41,40,41,39,41,42,41,41,41,41
1775548394.5096,40,42,41,40,41,39,41,42,41,41,41,41
1775548394.7099,40,42,41,40,41,39,41,42,41,41,41,41
1775548394.9102,40,42,41,40,41,39,41,42,41,41,41,41
1775548395.1104,40,42,41,40,41,39,41,42,41,41,41,41
1775548395.3107,40,42,41,40,41,39,41,42,41,41,41,41
1775548395.5115,40,42,41,40,41,39,41,42,41,41,41,41
1775548395.7122,40,42,41,40,41,39,41,42,41,41,41,41
1775548395.9137,40,42,41,40,41,39,41,42,41,41,41,41
1775548396.1143,40,42,41,40,41,39,41,42,41,41,41,41
1775548396.3145,40,42,41,40,41,39,41,42,41,41,41,41
1775548396.5148,40,42,41,40,41,39,41,42,41,41,41,41
1775548396.7152,40,42,41,40,41,39,41,42,41,41,41,41
1775548396.9154,40,42,41,40,41,39,41,42,41,41,41,41
1775548397.1157,40,42,41,40,41,39,41,42,41,41,41,41
1775548397.3159,40,42,41,40,41,39,41,42,41,41,41,41
1775548397.5164,40,42,41,40,41,39,41,42,41,41,41,41
1775548397.7166,40,42,41,40,41,39,41,42,41,41,41,41
1775548397.9169,40,42,41,40,41,39,41,42,41,41,41,41
1775548398.1173,40,42,41,40,41,39,41,42,41,41,41,41
1775548398.3175,40,42,41,40,41,39,41,42,41,41,41,41
1775548398.5185,40,42,41,40,41,39,41,42,41,41,41,41
1775548398.7191,40,42,41,40,41,39,41,42,41,41,41,41
1775548398.9200,40,42,41,40,41,39,41,42,41,41,41,41
1775548399.1203,40,42,41,40,41,39,41,42,41,41,41,41
1775548399.3206,40,42,41,40,41,39,41,42,41,41,41,41
1775548399.5209,40,42,41,40,41,39,41,42,41,41,41,41
1775548399.7212,40,42,41,40,41,39,41,42,41,41,41,41
1775548399.9215,40,42,41,40,41,39,41,42,41,41,41,41
1775548400.1217,40,42,41,40,41,39,41,42,41,41,41,41
1775548400.3220,40,42,41,40,41,39,41,42,41,41,41,41
1775548400.5222,40,42,41,40,41,39,41,42,41,41,42,41
1775548400.7226,40,42,41,40,41,39,41,42,41,42,41,41
1775548400.9230,41,42,41,40,41,39,41,42,41,41,41,41
1775548401.1233,40,42,41,40,40,39,41,42,41,41,42,41
1775548401.3235,40,42,41,40,41,39,41,42,41,41,41,41
1775548401.5239,40,42,41,40,41,39,41,42,41,41,41,41
1775548401.7242,41,42,41,40,41,39,41,42,41,42,41,41
1775548401.9245,40,42,41,40,41,39,41,42,41,42,41,41
1775548402.1247,40,42,41,41,41,39,41,42,41,41,41,41
1775548402.3250,40,42,41,40,41,39,41,42,41,41,41,41
1775548402.5252,41,42,41,40,41,39,41,42,41,41,41,41
1775548402.7256,40,42,41,40,41,39,41,42,41,41,42,41
1775548402.9264,40,42,41,40,41,39,41,42,41,41,41,41
1775548403.1268,40,42,41,40,41,39,41,42,41,41,41,41
1775548403.3270,40,42,41,40,41,39,41,42,41,41,41,41
1775548403.5274,40,42,41,40,41,39,41,42,41,41,41,41
1775548403.7276,40,43,41,40,41,39,41,42,41,41,41,41
1775548403.9279,40,43,41,40,41,40,41,42,41,41,41,41
1775548404.1286,41,43,41,41,41,39,41,42,41,42,41,41
1775548404.3288,40,42,41,40,41,39,41,42,41,41,41,41
1775548404.5291,40,42,41,40,41,39,41,42,41,41,41,41
1775548404.7293,40,43,41,40,41,39,41,42,41,42,41,41
1775548404.9297,40,42,41,40,41,39,41,42,41,41,42,41
1775548405.1306,40,42,41,40,41,40,41,42,41,42,42,41
1775548405.3310,40,42,41,41,41,39,41,42,41,41,41,41
1775548405.5312,40,42,41,40,41,40,41,42,41,42,42,41
1775548405.7315,40,42,41,41,41,40,41,42,41,41,41,41
1775548405.9319,40,42,41,41,41,39,41,42,41,42,42,41
1775548406.1322,40,42,41,41,41,39,41,42,41,41,42,41
1775548406.3329,40,43,41,40,41,40,41,42,41,41,41,41
1775548406.5338,40,43,41,40,41,39,41,42,41,41,42,41
1775548406.7370,40,42,41,41,41,39,41,42,41,42,42,41
1775548406.9373,41,42,41,40,41,40,41,42,41,41,42,41
1775548407.1386,41,42,41,41,41,40,41,42,41,42,41,41
1775548407.3391,41,42,41,40,41,39,41,42,41,42,41,41
1775548407.5403,40,42,41,40,41,39,41,42,41,42,42,41
1775548407.7408,40,42,41,40,41,40,41,42,41,41,42,41
1775548407.9413,40,42,41,41,41,39,41,42,41,42,42,41
1775548408.1416,40,42,41,41,41,40,41,42,41,42,42,41
1775548408.3418,40,42,41,40,41,40,41,42,41,42,41,41
1775548408.5421,40,42,41,41,41,40,41,42,41,42,42,41
1775548408.7423,40,42,41,41,41,40,41,42,41,42,42,41
1775548408.9426,40,43,41,41,41,40,41,42,41,42,42,41
1775548409.1429,41,42,41,41,41,40,41,42,41,42,41,41
1775548409.3431,41,42,41,41,41,40,41,42,41,41,42,41
1775548409.5434,40,43,41,40,41,39,41,42,41,42,42,41
1775548409.7437,40,43,41,41,41,39,41,42,41,42,41,41
1775548409.9440,40,43,41,41,41,40,41,42,41,42,42,41
1775548410.1442,40,43,41,41,41,40,41,42,41,42,42,41
1775548410.3445,40,42,41,41,41,39,41,42,41,42,42,41
1775548410.5449,41,43,41,41,41,39,41,42,41,42,42,41
1775548410.7451,40,42,41,40,41,40,41,42,41,42,42,41
1775548410.9454,41,43,41,41,41,40,41,42,41,42,42,41
1775548411.1503,41,43,41,41,41,40,42,42,41,42,42,41
1775548411.3509,41,42,41,41,41,40,41,42,41,42,42,41
1775548411.5512,41,43,41,41,41,40,42,42,41,42,42,41
1775548411.7516,41,43,41,41,41,40,41,42,41,42,42,41
1775548411.9518,41,43,41,41,41,39,41,42,41,42,42,41
1775548412.1521,41,43,41,41,41,40,42,42,41,42,42,41
1775548412.3525,41,43,41,41,41,40,41,42,41,42,42,41
1775548412.5527,40,43,41,41,41,40,41,42,41,42,42,41
1775548412.7530,41,43,41,41,41,40,42,42,41,42,42,41
1775548412.9533,41,43,41,41,41,40,41,43,41,42,42,41
1775548413.1561,41,43,41,41,41,40,41,42,41,42,42,41
1775548413.3566,41,43,41,41,41,40,42,42,41,42,42,41
1775548413.5568,41,43,41,41,41,40,42,42,41,42,42,41
1775548413.7571,41,43,41,41,41,40,42,42,41,42,42,41
1775548413.9575,41,43,41,41,41,40,42,42,41,42,42,41
1775548414.1579,41,43,41,41,41,40,42,42,41,42,42,41
1775548414.3585,41,43,42,41,41,40,42,42,41,42,42,41
1775548414.5597,41,43,42,41,41,40,42,42,41,42,42,41
1775548414.7604,41,43,41,41,41,40,42,42,41,42,42,41
1775548414.9619,41,43,41,41,41,40,42,42,41,42,42,41
1775548415.1621,41,43,41,41,41,40,42,43,41,42,42,41
1775548415.3624,41,43,41,41,41,40,42,42,41,42,42,41
1775548415.5627,41,43,41,41,41,40,41,42,41,42,42,41
1775548415.7640,41,43,41,41,41,40,42,42,41,42,42,41
1775548415.9649,41,43,41,41,41,40,42,42,41,42,42,41
1775548416.1655,41,43,41,41,41,40,42,42,41,42,42,41
1775548416.3686,41,43,42,41,41,40,42,42,41,42,42,41
1775548416.5708,41,43,41,41,41,40,42,42,41,42,42,41
1775548416.7712,41,43,41,41,41,40,42,42,41,42,42,41
1775548416.9755,41,43,41,41,41,40,42,42,41,42,42,41
1775548417.1757,41,43,41,41,41,40,42,42,41,42,42,41
1775548417.3761,41,43,41,41,41,40,41,42,41,42,42,41
1775548417.5765,41,43,41,41,41,40,42,42,41,42,42,41
1775548417.7775,41,43,41,41,41,40,41,42,41,42,42,41
1775548417.9778,41,43,41,41,41,40,42,42,41,42,42,41
1775548418.1781,41,43,41,41,41,40,42,42,41,42,42,41
1775548418.3787,41,43,41,41,41,40,42,42,41,42,42,41
1775548418.5790,41,43,41,41,41,40,42,42,41,42,42,41
1775548418.7793,41,43,41,41,41,40,42,42,41,42,42,41
1775548418.9796,41,43,41,41,41,40,42,43,41,42,42,41
1775548419.1800,41,43,41,41,41,40,41,42,41,42,42,41
1775548419.3803,41,43,41,41,41,40,42,42,41,42,42,41
1775548419.5806,41,43,41,41,41,40,42,42,41,42,42,41
1775548419.7808,41,43,41,41,41,40,42,42,41,42,42,41
1775548419.9811,41,43,41,41,41,40,42,42,41,42,42,41
1775548420.1815,41,43,41,41,41,40,42,43,41,42,42,41
1775548420.3818,41,43,41,41,41,40,42,43,41,42,42,41
1775548420.5827,41,43,41,41,41,40,41,42,41,42,42,41
1775548420.7835,41,43,41,41,41,40,41,43,41,42,42,41
1775548420.9841,41,43,41,41,41,40,42,43,41,42,42,41
1775548421.1846,41,43,41,41,41,40,42,42,41,42,42,41
1775548421.3848,41,43,42,41,41,40,42,42,41,42,42,41
1775548421.5851,41,43,42,41,41,40,42,43,41,42,42,41
1775548421.7854,41,43,41,41,41,40,41,42,41,42,42,41
1775548421.9862,41,43,41,41,41,40,42,43,41,42,42,41
1775548422.1864,41,43,41,41,41,40,42,43,41,42,42,41
1775548422.3868,41,43,42,41,41,40,42,43,41,42,42,41
1775548422.5870,41,43,41,41,41,40,42,42,41,42,42,41
1775548422.7875,41,43,41,41,41,40,42,43,41,42,42,41
1775548422.9879,41,43,41,41,41,40,42,42,41,42,42,41
1775548423.1882,41,43,42,41,41,40,42,43,41,42,42,41
1775548423.3885,41,43,42,41,41,40,42,42,41,42,42,41
1775548423.5888,41,43,41,41,41,40,42,42,41,42,42,41
1775548423.7891,41,43,41,41,41,40,42,43,41,42,42,41
1775548423.9894,41,43,42,41,41,40,42,43,41,42,42,41
1775548424.1899,41,43,42,41,41,40,42,42,41,42,42,41
1775548424.3901,41,43,42,41,41,40,42,42,41,42,42,41
1775548424.5904,41,43,41,41,41,40,42,43,41,42,42,41
1775548424.7910,41,43,41,41,41,40,42,42,41,42,42,41
1775548424.9914,41,43,41,41,41,40,42,42,41,42,42,41
1775548425.1917,41,43,42,41,41,40,42,43,41,42,42,41
1775548425.3919,41,43,41,41,41,40,41,43,41,42,42,41
1775548425.5929,41,43,42,41,41,40,42,42,41,42,42,41
1775548425.7932,41,43,42,41,41,40,42,42,41,42,42,41
1775548425.9934,41,43,42,41,41,40,42,42,41,42,42,41
1775548426.1937,41,43,42,41,41,40,42,42,41,42,42,41
1775548426.3940,41,43,41,41,41,40,42,43,41,42,42,41
1775548426.5945,41,43,41,41,41,40,42,42,41,42,42,41
1775548426.7951,41,43,41,41,41,40,42,42,41,42,42,41
1775548426.9954,41,43,42,41,41,40,42,43,41,42,42,41
1775548427.1957,41,43,42,41,41,40,42,43,41,42,42,41
1775548427.3964,41,43,42,41,41,40,42,42,41,42,42,41
1775548427.5973,41,43,42,41,41,40,42,42,41,42,42,41
1775548427.7975,41,43,42,41,41,40,42,43,41,42,42,41
1775548427.9980,41,43,42,41,41,40,42,43,41,42,42,41
1775548428.1983,41,43,42,41,41,40,42,43,41,42,42,41
1775548428.3987,41,43,42,41,41,40,42,42,41,42,42,41
1775548428.5991,41,43,42,41,41,40,42,43,41,42,42,41
1775548428.7994,41,43,41,41,41,40,42,43,41,42,42,41
1775548429.0010,41,43,42,41,41,40,42,43,41,42,42,41
1775548429.2014,41,43,42,41,41,40,42,43,41,42,42,41
1775548429.4017,41,43,42,41,41,40,42,43,41,42,42,41
1775548429.6020,41,43,42,41,41,40,42,43,41,42,42,41
1775548429.8023,41,43,42,41,41,40,42,43,41,42,42,41
1775548430.0027,41,43,42,41,41,40,42,43,41,42,42,41
1775548430.2035,41,43,42,41,41,40,42,43,41,42,42,41
1775548430.4039,41,43,42,41,41,40,42,43,41,42,42,41
1775548430.6042,41,43,42,41,41,40,42,43,41,42,42,41
1775548430.8044,41,43,42,41,41,40,42,43,41,42,42,41
1775548431.0047,41,43,42,41,41,40,42,43,41,42,42,41
1775548431.2049,41,43,42,41,41,40,42,43,41,42,42,41
1775548431.4052,41,43,42,41,41,40,42,43,41,42,42,41
1775548431.6055,41,43,42,41,41,40,42,43,41,42,42,41
1775548431.8057,41,43,42,41,41,40,42,43,41,42,42,41
1775548432.0060,41,43,42,41,41,40,42,43,41,42,42,41
1775548432.2063,41,43,42,41,41,40,42,43,41,42,42,41
1775548432.4066,41,43,42,41,41,40,42,43,41,42,42,41
1775548432.6069,41,43,42,41,41,40,42,43,41,42,42,41
1775548432.8070,41,43,42,41,41,40,42,43,41,42,42,41
1775548433.0073,41,43,42,41,41,40,42,43,41,42,42,41
1775548433.2076,41,43,42,41,41,40,42,43,41,42,42,41
1775548433.4079,41,43,42,41,41,40,42,43,41,42,42,41
1775548433.6082,41,43,42,41,41,40,42,43,41,42,42,42
1775548433.8102,41,43,42,41,41,40,42,43,41,42,42,41
1775548434.0131,41,43,42,41,41,40,42,43,42,42,42,42
1775548434.2146,41,43,42,41,41,40,42,43,41,42,42,41
1775548434.4150,41,43,42,41,41,40,42,43,41,42,42,41
1775548434.6153,41,43,42,41,41,40,42,43,41,42,42,42
1775548434.8156,41,43,42,41,41,40,42,43,41,42,42,41
1775548435.0161,41,43,42,41,41,40,42,43,41,42,42,42
1775548435.2164,41,43,42,41,41,40,42,43,41,42,42,42
1775548435.4166,41,43,42,41,41,40,42,43,41,42,42,41
1775548435.6169,41,43,42,41,41,40,42,43,41,42,42,42
1775548435.8174,41,43,42,41,41,40,42,43,41,42,42,42
1775548436.0182,41,43,42,41,41,40,42,43,41,42,42,42
1775548436.2184,41,43,42,41,41,40,42,43,42,42,42,42
1775548436.4187,41,43,42,41,41,40,42,43,42,42,42,42
1775548436.6190,41,43,42,41,41,40,42,43,41,42,42,42
1775548436.8192,41,43,42,41,41,40,42,43,41,42,42,42
1775548437.0195,41,43,42,41,41,40,42,43,42,42,42,41
1775548437.2197,41,43,42,41,41,40,42,43,41,42,42,42
1775548437.4200,41,43,42,41,41,40,42,43,42,42,42,42
1775548437.6203,41,43,42,41,41,40,42,43,41,42,42,42
1775548437.8206,41,43,42,41,41,40,42,43,41,42,42,42
1775548438.0208,41,43,42,41,41,40,42,43,41,42,42,42
1775548438.2211,41,43,42,41,41,40,42,43,41,42,42,42
1775548438.4214,41,43,42,41,41,40,42,43,41,42,42,42
1775548438.6219,41,43,42,41,41,40,42,43,41,42,42,42
1775548438.8222,41,43,42,41,41,40,42,43,41,42,42,42
1775548439.0225,41,43,42,41,41,40,42,43,41,42,42,42
1775548439.2229,41,43,42,41,41,40,42,43,41,42,42,42
1775548439.4231,41,43,42,41,41,40,42,43,41,42,42,42
1775548439.6238,41,43,42,41,41,40,42,43,41,42,42,42
1775548439.8244,41,43,42,41,41,40,42,43,41,42,42,42
1775548440.0248,41,43,42,41,41,40,42,43,41,42,42,42
1775548440.2254,41,43,42,41,41,40,42,43,42,42,42,42
1775548440.4261,41,43,42,41,41,40,42,43,42,42,42,42
1775548440.6265,41,43,42,41,41,40,42,43,41,42,42,42
1775548440.8269,41,43,42,41,41,40,42,43,41,42,42,42
1775548441.0273,41,43,42,41,41,40,42,43,41,42,42,42
1775548441.2276,41,43,42,41,41,40,42,43,41,42,42,42
1775548441.4278,41,43,42,41,41,40,42,43,41,42,42,42
1775548441.6281,41,43,42,41,41,40,42,43,41,42,42,42
1775548441.8285,41,43,42,41,41,40,42,43,41,42,42,42
1775548442.0295,41,43,42,41,41,40,42,43,41,42,42,42
1775548442.2298,41,43,42,41,41,40,42,43,42,42,42,42
1775548442.4300,41,43,42,41,41,40,42,43,41,42,42,42
1775548442.6305,41,43,42,41,41,40,42,43,41,42,42,42
1775548442.8308,41,43,42,41,41,40,42,43,41,42,42,42
1775548443.0314,41,43,42,41,41,40,42,43,42,42,42,42
1775548443.2316,41,43,42,41,41,40,42,43,41,42,42,42
1775548443.4319,41,43,42,41,41,40,42,43,41,42,42,42
1775548443.6322,41,43,42,41,41,40,42,43,41,42,42,42
1775548443.8331,41,43,42,41,41,40,42,43,41,42,42,42
1775548444.0333,41,43,42,41,41,40,42,43,41,42,42,42
1775548444.2336,41,43,42,41,41,40,42,43,42,42,42,42
1775548444.4339,41,43,42,41,41,40,42,43,41,42,42,42
1775548444.6396,41,43,42,41,41,40,42,43,41,42,42,42
1775548444.8401,41,43,42,41,41,40,42,43,41,42,42,42
1775548445.0405,41,43,42,41,41,40,42,43,41,42,42,42
1775548445.2411,42,43,42,41,41,40,42,43,41,42,42,42
1775548445.4416,41,43,42,41,41,40,42,43,41,42,42,42
1775548445.6421,41,43,42,41,41,40,42,43,41,42,42,42
1775548445.8428,41,43,42,41,41,40,42,43,41,42,42,42
1775548446.0432,41,43,42,41,41,40,42,43,42,42,42,42
1775548446.2462,41,43,42,41,41,40,42,43,41,42,42,42
1775548446.4467,41,43,42,41,41,40,42,43,41,42,42,42
1775548446.6471,41,43,42,41,41,40,42,43,42,42,42,42
1775548446.8478,41,43,42,41,41,40,42,43,41,42,42,42
1775548447.0484,41,43,42,41,41,40,42,43,42,42,42,42
1775548447.2487,41,43,42,41,41,40,42,43,41,42,42,42
1775548447.4489,41,43,42,41,41,40,42,43,41,42,42,42
1775548447.6492,41,43,42,41,41,40,42,43,41,42,42,42
1775548447.8546,41,43,42,41,41,40,42,43,41,42,42,42
1775548448.0549,41,43,42,41,41,40,42,43,42,42,42,42
1775548448.2551,41,43,42,41,41,40,42,43,41,42,42,42
1775548448.4554,41,43,42,41,41,40,42,43,41,42,42,42
1775548448.6559,42,43,42,41,41,40,42,43,41,42,42,42
1775548448.8562,42,43,42,41,41,40,42,43,41,42,42,42
1775548449.0569,41,43,42,41,41,40,42,43,42,42,42,42
1775548449.2572,41,43,42,41,41,40,42,43,41,42,42,42
1775548449.4576,41,43,42,41,41,40,42,43,42,42,42,42
1775548449.6581,41,43,42,41,41,40,42,43,41,42,42,42
1775548449.8585,41,43,42,41,41,40,42,43,41,42,42,42
1775548450.0588,41,43,42,41,41,40,42,43,41,42,42,42
1775548450.2591,41,43,42,41,41,40,42,43,41,42,42,42
1775548450.4595,41,43,42,41,41,40,42,43,41,42,42,42
1775548450.6602,41,43,42,41,41,40,42,43,41,42,42,42
1775548450.8605,41,43,42,41,41,40,42,43,41,42,42,42
1775548451.0608,41,43,42,41,41,40,42,43,41,42,42,42
1775548451.2610,41,43,42,41,41,40,42,43,41,42,42,42
1775548451.4613,41,43,42,41,41,40,42,43,41,42,42,42
1775548451.6616,41,43,42,41,41,40,42,43,41,42,42,42
1775548451.8619,41,43,42,41,41,40,42,43,42,42,42,42
1775548452.0621,41,43,42,41,41,40,42,43,42,42,42,42
1775548452.2625,41,43,42,41,41,40,42,43,41,42,42,42
1775548452.4628,41,43,42,41,42,40,42,43,41,42,42,42
1775548452.6631,41,43,42,41,42,40,42,43,41,42,42,42
1775548452.8634,42,43,42,41,41,40,42,43,41,42,42,42
1775548453.0647,41,43,42,41,41,40,42,43,41,42,42,42
1775548453.2653,41,43,42,41,41,40,42,43,41,42,42,42
1775548453.4658,41,43,42,41,41,40,42,43,41,42,42,42
1775548453.6662,41,43,42,41,41,40,42,43,41,42,42,42
1775548453.8665,41,43,42,41,41,40,42,43,41,42,42,42
1775548454.0667,41,43,42,41,41,40,42,43,42,42,42,42
1775548454.2672,41,43,42,41,41,40,42,43,41,42,42,42
1775548454.4674,41,43,42,41,41,40,42,43,41,42,42,42
1775548454.6677,41,43,42,41,41,40,42,43,41,42,42,42
1775548454.8679,42,43,42,41,42,40,42,43,42,42,42,42
1775548455.0684,42,43,42,41,41,40,42,43,42,42,42,42
1775548455.2687,42,43,42,41,41,40,42,43,41,42,42,42
1775548455.4689,41,43,42,41,41,40,42,43,42,42,42,42
1775548455.6692,41,43,42,41,41,40,42,43,41,42,42,42
1775548455.8695,41,43,42,41,41,40,42,43,42,42,42,42
1775548456.0698,41,43,42,41,41,40,42,43,41,42,42,42
1775548456.2701,41,43,42,41,41,40,42,43,41,42,42,42
1775548456.4703,41,43,42,41,41,40,42,43,42,42,42,42
1775548456.6706,41,43,42,41,41,40,42,43,41,42,42,42
1775548456.8710,41,43,42,41,41,40,42,43,41,42,42,42
1775548457.0713,41,43,42,41,41,40,42,43,42,42,42,42
1775548457.2715,41,43,42,41,41,40,42,43,41,42,42,42
1775548457.4718,42,43,42,41,41,40,42,43,42,42,42,42
1775548457.6720,41,43,42,42,41,40,42,43,41,42,42,42
1775548457.8724,41,43,42,41,41,40,42,43,42,42,42,42
1775548458.0727,41,43,42,41,42,40,42,43,41,42,42,42
1775548458.2729,41,43,42,41,41,40,42,43,41,42,42,42
1775548458.4732,41,43,42,41,41,40,42,43,41,42,42,42
1775548458.6735,41,43,42,41,42,40,42,43,41,42,42,42
1775548458.8739,41,43,42,41,41,40,42,43,41,42,42,42
1775548459.0741,41,43,42,41,41,40,42,43,42,42,42,42
1775548459.2746,41,43,42,41,41,40,42,43,41,42,42,42
1775548459.4749,41,43,42,41,41,40,42,43,42,42,42,42
1775548459.6752,41,43,42,41,42,40,42,43,41,42,42,42
1775548459.8755,41,43,42,41,41,40,42,43,41,42,42,42
1775548460.0757,41,43,42,41,42,40,42,43,41,42,42,42
1775548460.2760,41,43,42,41,41,40,42,43,41,42,42,42
1775548460.4764,41,43,42,41,41,40,42,43,41,42,42,42
1775548460.6766,41,43,42,41,41,40,42,43,42,42,42,42
1775548460.8771,41,43,42,42,41,40,42,43,42,42,42,42
1775548461.0774,41,43,42,41,41,40,42,43,41,42,42,42
1775548461.2830,41,43,42,41,41,40,42,43,42,42,42,42
1775548461.4836,41,43,42,41,41,40,42,43,42,42,42,42
1775548461.6839,41,43,42,41,41,40,42,43,42,42,42,42
1775548461.8841,41,43,42,41,41,40,42,43,42,42,42,42
1775548462.0844,41,43,42,41,41,40,42,43,42,42,42,42
1775548462.2853,41,43,42,41,42,40,42,43,42,42,42,42
1775548462.4856,41,43,42,41,41,40,42,43,42,42,42,42
1775548462.6861,41,43,42,41,41,40,42,43,42,42,42,42
1775548462.8864,41,43,42,41,41,40,42,43,42,42,42,42
1775548463.0866,41,43,42,41,41,40,42,43,42,42,42,42
1775548463.2869,41,43,42,41,41,40,42,43,42,42,42,42
1775548463.4872,41,43,42,41,41,40,42,43,41,42,42,42
1775548463.6874,41,43,42,41,41,40,42,43,42,42,42,42
1775548463.8878,41,43,42,41,41,40,42,43,42,42,42,42
1775548464.0880,41,43,42,41,41,40,42,43,42,42,42,42
1775548464.2886,41,43,42,41,42,40,42,43,42,42,42,42
1775548464.4888,41,43,42,41,41,40,42,43,42,42,42,42
1775548464.6891,41,43,42,41,42,40,42,43,42,42,42,42
1775548464.8894,41,43,42,41,41,40,42,43,42,42,42,42
1775548465.0898,41,43,42,41,41,40,42,43,41,42,42,42
1775548465.2902,41,43,42,41,41,40,42,43,41,42,42,42
1775548465.4906,41,43,42,41,42,40,42,43,42,42,42,42
1775548465.6908,41,43,42,41,41,40,42,43,42,42,42,42
1775548465.8911,41,43,42,41,41,40,42,43,42,42,42,42
1775548466.0918,41,43,42,41,42,40,42,43,41,42,42,42
1775548466.2924,41,43,42,41,42,40,42,43,42,42,42,42
1775548466.4927,41,43,42,41,41,40,42,43,42,42,42,42
1775548466.6930,41,43,42,41,42,40,42,43,42,42,42,42
1775548466.8933,41,43,42,41,41,40,42,43,41,42,42,42
1775548467.0936,41,43,42,41,41,40,42,43,42,42,42,42
1775548467.2938,41,43,42,41,41,40,42,43,42,42,42,42
1775548467.4941,41,43,42,41,41,40,42,43,41,42,42,42
1775548467.6943,41,43,42,41,41,40,42,43,42,42,42,42
1775548467.8946,41,43,42,42,42,40,42,43,42,42,42,42
1775548468.0951,41,43,42,41,41,40,42,43,42,42,42,42
1775548468.2954,41,43,42,41,41,40,42,43,42,42,42,42
1775548468.4958,41,43,42,41,41,40,42,43,42,42,42,42
1775548468.6961,41,43,42,42,41,40,42,43,41,42,42,42
1775548468.8964,41,43,42,41,42,40,42,43,42,42,42,42
1775548469.0967,41,43,42,41,42,40,42,43,42,42,42,42
1775548469.2970,41,43,42,41,42,40,42,43,42,42,42,42
1775548469.4972,41,43,42,41,42,40,42,43,42,42,42,42
1775548469.6979,42,43,42,41,41,40,42,43,42,42,42,42
1775548469.8983,41,43,42,41,42,40,42,43,42,42,42,42
1775548470.0985,41,43,42,41,41,40,42,43,42,42,42,42
1775548470.2988,41,43,42,41,42,40,42,43,42,42,42,42
1775548470.4991,41,43,42,41,42,40,42,43,42,42,42,42
1775548470.6994,41,43,42,41,41,40,42,43,42,42,42,42
1775548470.8997,41,43,42,41,42,40,42,43,42,42,42,42
1775548471.0999,41,43,42,41,42,40,42,43,42,42,42,42
1775548471.3002,41,43,42,41,42,40,42,43,42,42,42,42
1775548471.5008,41,43,42,41,42,40,42,43,42,42,42,42
1775548471.7011,41,43,42,41,42,40,42,43,42,42,42,42
1775548471.9013,42,43,42,41,41,40,42,43,42,42,42,42
1775548472.1016,41,43,42,41,41,40,42,43,42,42,42,42
1775548472.3018,41,43,42,41,41,40,42,43,41,42,42,42
1775548472.5020,41,43,42,41,42,40,42,43,42,42,42,42
1775548472.7024,41,43,42,41,41,40,42,43,42,42,42,42
1775548472.9027,41,43,42,41,41,40,42,43,42,42,42,42
1775548473.1033,41,43,42,41,42,40,42,43,42,42,42,42
1775548473.3035,41,43,42,41,42,40,42,43,42,42,42,42
1775548473.5042,41,43,42,41,42,40,42,43,42,42,42,42
1775548473.7046,41,43,42,41,41,40,42,43,42,42,42,42
1775548473.9048,41,43,42,41,42,40,42,43,42,42,42,42
1775548474.1054,41,43,42,41,42,40,42,43,42,42,42,42
1775548474.3058,42,43,42,41,41,40,42,43,42,42,42,42
1775548474.5062,41,43,42,41,42,40,42,43,42,42,42,42
1775548474.7065,41,43,42,41,42,40,42,43,42,42,42,42
1775548474.9067,41,43,42,41,42,40,42,43,42,42,42,42
1775548475.1070,41,43,42,41,41,40,42,43,42,42,42,42
1775548475.3073,41,43,42,41,42,40,42,43,42,42,42,42
1775548475.5094,41,43,42,41,42,40,42,43,42,42,42,42
1775548475.7097,41,43,42,41,42,40,42,43,42,42,42,42
1775548475.9099,41,43,42,41,42,40,42,43,42,42,42,42
1775548476.1103,41,43,42,41,42,40,42,43,42,42,42,42
1775548476.3106,41,43,42,41,42,40,42,43,42,42,42,42
1775548476.5109,41,43,42,41,42,40,42,43,42,42,42,42
1775548476.7113,41,43,42,41,42,40,42,43,42,42,42,42
1775548476.9116,41,43,42,41,42,40,42,43,42,42,42,42
1775548477.1118,41,43,42,41,41,40,42,43,42,42,42,42
1775548477.3121,41,43,42,41,42,40,42,43,42,42,42,42
1775548477.5124,41,43,42,41,42,40,42,43,42,42,42,42
1775548477.7126,41,43,42,41,41,40,42,43,42,42,42,42
1775548477.9129,42,43,42,41,41,40,42,43,42,42,42,42
1775548478.1131,41,43,42,41,42,40,42,43,42,42,42,42
1775548478.3136,41,43,42,41,42,40,42,43,42,42,42,42
1775548478.5141,41,43,42,41,41,40,42,43,42,42,42,42
1775548478.7144,41,43,42,41,42,40,42,43,42,42,42,42
1775548478.9146,41,43,42,41,42,40,42,43,42,42,42,42
1775548479.1149,41,43,42,41,42,40,42,43,42,42,42,42
1775548479.3152,41,43,42,41,42,40,42,43,42,42,42,42
1775548479.5155,41,43,42,41,42,40,42,43,42,42,42,42
1775548479.7158,41,43,42,41,42,40,42,43,42,42,42,42
1775548479.9181,41,43,42,41,42,40,42,43,42,42,42,42
1775548480.1188,41,43,42,41,42,40,42,43,42,42,42,42
1775548480.3195,41,43,42,41,42,40,42,43,42,42,42,42
1775548480.5201,41,43,42,42,42,40,42,43,42,42,42,42
1775548480.7203,41,43,42,41,42,40,42,43,42,42,42,42
1775548480.9206,41,43,42,41,42,40,42,43,42,42,42,42
1775548481.1209,41,43,42,42,42,40,42,43,42,42,42,42
1775548481.3213,41,43,42,41,42,40,42,43,42,42,42,42
1775548481.5220,41,43,42,42,42,40,42,43,42,42,42,42
1775548481.7228,41,43,42,41,42,40,42,43,42,42,42,42
1775548481.9239,41,43,42,41,42,40,42,43,42,42,42,42
1775548482.1246,41,43,42,41,42,40,42,43,42,42,42,42
1775548482.3251,41,43,42,41,42,40,42,43,42,42,42,42
1775548482.5254,41,43,42,41,42,40,42,43,42,42,42,42
1775548482.7265,41,43,42,41,42,40,42,43,42,42,42,42
1775548482.9284,41,43,42,41,42,40,42,43,42,42,42,42
1775548483.1287,42,43,42,41,42,40,42,43,42,42,42,42
1775548483.3290,41,43,42,42,41,40,42,43,42,42,42,42
1775548483.5292,41,43,42,41,42,40,42,43,42,42,42,42
1775548483.7307,41,43,42,41,42,40,42,43,42,42,42,42
1775548483.9309,41,43,42,41,42,40,42,43,42,42,42,42
1775548484.1313,41,43,42,41,42,40,42,43,42,42,43,42
1775548484.3316,41,43,42,41,42,40,42,43,42,42,42,42
1775548484.5319,41,43,42,41,42,40,42,43,42,42,42,42
1775548484.7322,41,43,42,41,42,40,42,43,42,42,42,42
1775548484.9327,41,43,42,41,42,40,42,43,42,42,42,42
1775548485.1331,41,43,42,41,42,40,42,43,42,42,42,42
1775548485.3342,41,43,42,41,42,40,42,43,42,42,42,42
1775548485.5357,41,43,42,41,42,40,42,43,42,42,42,42
1775548485.7359,41,43,42,41,42,40,42,43,42,42,42,42
1775548485.9362,41,43,42,41,42,40,42,43,42,42,42,42
1775548486.1366,41,43,42,41,42,40,42,43,42,42,42,42
1775548486.3370,41,43,42,41,42,40,42,43,42,42,42,42
1775548486.5373,41,43,42,41,42,40,42,43,42,42,43,42
1775548486.7376,41,43,42,41,41,40,42,43,42,42,42,42
1775548486.9379,41,43,42,41,41,40,42,43,42,42,42,42
1775548487.1383,41,43,42,41,42,40,42,43,42,42,42,42
1775548487.3386,41,43,42,42,42,40,42,43,42,42,42,42
1775548487.5388,41,43,42,41,42,40,42,43,42,42,42,42
1775548487.7391,41,43,42,41,42,40,42,43,42,42,42,42
1775548487.9395,41,43,42,41,41,40,42,43,42,42,42,42
1775548488.1397,41,43,42,41,42,40,42,43,42,42,42,42
1775548488.3403,42,43,42,41,42,40,42,43,42,42,42,42
1775548488.5407,42,43,42,41,42,40,42,43,42,42,42,42
1775548488.7413,41,43,42,41,42,40,42,43,42,42,42,42
1775548488.9416,41,43,42,41,41,40,42,43,42,42,42,42
1775548489.1419,41,43,42,41,42,40,42,43,42,42,42,42
1775548489.3423,41,43,42,41,42,40,42,43,42,42,43,42
1775548489.5428,41,43,42,41,42,40,42,43,42,42,42,42
1775548489.7433,41,43,42,41,42,40,42,43,42,42,42,42
1775548489.9437,41,43,42,41,42,40,42,43,42,42,42,42
1775548490.1448,41,43,42,41,42,40,42,43,42,42,42,42
1775548490.3455,41,43,42,41,42,40,42,43,42,42,42,42
1775548490.5458,41,43,42,41,42,40,42,43,42,42,42,42
1775548490.7461,41,43,42,41,42,40,42,43,42,42,42,42
1775548490.9466,41,43,42,42,42,40,42,43,42,42,42,42
1775548491.1469,41,43,42,41,42,40,42,43,42,42,42,42
1775548491.3472,41,43,42,41,41,40,42,43,42,42,42,42
1775548491.5476,41,43,42,41,42,40,42,43,42,42,42,42
1775548491.7480,41,43,42,41,42,40,42,43,42,42,42,42
1775548491.9487,41,43,42,41,42,40,42,43,42,42,42,42
1775548492.1494,41,43,42,41,42,40,42,43,42,42,42,42
1775548492.3497,41,43,42,41,42,40,42,43,42,42,42,42
1775548492.5505,41,43,42,41,42,40,42,43,42,42,42,42
1775548492.7508,41,43,42,41,42,40,42,43,42,42,42,42
1775548492.9512,42,43,42,41,42,40,42,43,42,42,43,42
1775548493.1525,41,43,42,41,42,40,42,43,42,42,42,42
1775548493.3527,41,43,42,41,42,40,42,43,42,42,42,42
1775548493.5533,41,43,42,41,42,40,42,43,42,42,42,42
1775548493.7542,42,43,42,42,42,40,42,43,42,42,43,42
1775548493.9545,42,43,42,42,42,40,42,43,42,42,42,42
1775548494.1549,42,43,42,42,42,40,42,43,42,42,42,42
1775548494.3552,41,43,42,41,42,40,42,43,42,42,43,42
1775548494.5562,41,43,42,41,42,40,42,43,42,42,42,42
1775548494.7566,41,43,42,41,42,40,42,43,42,42,42,42
1775548494.9570,42,43,42,41,42,40,42,43,42,42,42,42
1775548495.1574,41,43,42,42,42,40,42,43,42,42,42,42
1775548495.3577,41,43,42,41,42,40,42,43,42,42,42,42
1775548495.5579,42,43,42,42,42,40,42,43,42,42,42,42
1775548495.7581,41,43,42,41,42,40,42,43,42,42,42,42
1775548495.9583,41,43,42,41,42,40,42,43,42,42,42,42
1775548496.1586,41,43,42,41,42,40,42,43,42,42,43,42
1775548496.3589,41,43,42,41,41,40,42,43,42,42,42,42
1775548496.5592,41,43,42,41,42,40,42,43,42,43,42,42
1775548496.7595,41,43,42,41,42,40,42,43,42,42,42,42
1775548496.9598,41,43,42,41,42,40,42,43,42,42,43,42
1775548497.1600,41,43,42,41,42,40,42,43,42,42,42,42
1775548497.3608,41,43,42,41,42,40,42,43,42,42,42,42
1775548497.5613,41,43,42,41,42,40,42,43,42,42,42,42
1775548497.7617,41,43,42,41,42,40,42,43,42,42,43,42
1775548497.9620,41,43,42,41,42,40,42,43,42,42,42,42
1775548498.1625,42,43,42,41,42,40,42,43,42,42,42,42
1775548498.3627,41,43,42,41,42,40,42,43,42,42,42,42
1775548498.5630,41,43,42,41,42,40,42,43,42,42,42,42
1775548498.7633,41,43,42,41,42,40,42,43,42,43,42,42
1775548498.9635,41,43,42,41,42,40,42,43,42,42,42,42
1775548499.1639,41,43,42,41,42,40,42,43,42,42,42,42
1775548499.3641,41,43,42,42,42,40,42,43,42,42,43,42
1775548499.5645,41,43,42,42,42,40,42,43,42,42,42,42
1775548499.7650,41,43,42,41,42,40,42,43,42,42,43,42
1775548499.9654,41,43,42,41,42,40,42,43,42,42,42,42
1775548500.1662,41,43,42,41,42,40,42,43,42,42,43,42
1775548500.3669,41,43,42,41,42,40,42,43,42,42,42,42
1775548500.5690,41,43,42,41,42,40,42,43,42,42,42,42
1775548500.7698,41,43,42,41,42,40,42,43,42,42,42,42
1775548500.9705,41,43,42,41,42,40,42,43,42,42,42,42
1775548501.1708,41,43,42,42,42,40,42,43,42,42,42,42
1775548501.3711,41,43,42,41,42,40,42,43,42,42,42,42
1775548501.5715,41,43,42,41,42,40,42,43,42,42,42,42
1775548501.7737,41,43,42,41,42,40,43,43,42,42,43,42
1775548501.9741,41,43,42,41,42,40,42,43,42,42,42,42
1775548502.1744,41,43,42,42,42,40,42,43,42,42,42,42
1775548502.3749,41,43,42,41,42,40,42,43,42,42,42,42
1775548502.5765,41,43,42,41,42,40,43,43,42,42,43,42
1775548502.7770,41,43,42,42,42,40,42,43,42,42,42,42
1775548502.9773,41,43,42,42,42,40,42,43,42,42,42,42
1775548503.1776,41,43,42,42,42,40,42,43,42,42,42,42
1775548503.3786,41,43,42,41,42,40,42,43,42,42,42,42
1775548503.5800,41,43,42,42,41,40,42,43,42,42,42,42
1775548503.7815,41,43,42,41,42,40,43,43,42,42,42,42
1775548503.9817,41,43,42,41,42,40,43,43,42,42,42,42
1775548504.1820,41,43,42,42,42,40,43,43,42,42,42,42
1775548504.3823,41,43,42,41,42,40,42,43,42,42,43,42
1775548504.5825,41,43,42,41,42,40,42,43,42,42,43,42
1775548504.7828,41,43,42,42,42,40,42,43,42,43,42,42
1775548504.9831,41,43,42,42,42,40,42,43,42,42,42,42
1775548505.1840,41,43,42,41,42,40,43,43,42,42,42,42
1775548505.3845,41,43,42,42,42,40,42,43,42,42,43,42
1775548505.5847,41,43,42,41,42,40,42,43,42,42,42,42
1775548505.7852,41,43,42,41,42,40,42,43,42,42,42,42
1775548505.9856,41,43,42,42,42,40,42,43,42,42,43,42
1775548506.1860,41,43,42,41,42,40,42,43,42,42,42,42
1775548506.3863,41,43,42,41,42,40,42,43,42,42,42,42
1775548506.5866,41,43,42,42,42,40,42,43,42,42,43,42
1775548506.7872,41,43,42,42,42,40,42,43,42,42,42,42
1775548506.9878,41,43,42,42,42,40,42,43,42,42,43,42
1775548507.1885,41,43,42,41,42,40,42,43,42,42,42,42
1775548507.3903,41,43,42,42,42,40,42,43,42,42,43,42
1775548507.5908,41,43,42,42,42,40,42,43,42,42,43,42
1775548507.7910,41,43,42,42,42,40,42,43,42,42,42,42
1775548507.9913,41,43,42,41,42,40,42,43,42,42,42,42
1775548508.1916,41,43,42,41,42,40,43,43,42,42,43,42
1775548508.3919,41,43,42,41,42,40,42,43,42,42,43,42
1775548508.5923,41,43,42,42,42,40,43,43,42,42,43,42
1775548508.7929,41,43,42,42,42,40,42,43,42,42,43,42
1775548508.9934,41,43,42,42,42,40,42,43,42,42,43,42
1775548509.1944,41,43,42,41,42,40,42,43,42,42,43,42
1775548509.3948,41,43,42,42,42,40,42,43,42,42,42,42
1775548509.5951,41,43,42,41,41,40,42,43,42,42,43,42
1775548509.7959,42,43,42,42,42,40,42,43,42,42,42,42
1775548509.9968,41,43,42,42,42,40,42,43,42,42,42,42
1775548510.1980,42,43,42,42,42,40,42,43,42,42,42,42
1775548510.3984,41,43,42,42,42,40,42,43,42,42,42,42
1775548510.5986,41,43,42,42,42,40,42,43,42,42,42,42
1775548510.7989,41,43,42,42,42,40,43,43,42,42,43,42
1775548510.9992,41,43,42,42,42,40,43,43,42,42,43,42
1775548511.1995,41,43,42,42,42,40,42,43,42,42,42,42
1775548511.3998,41,43,42,41,42,40,43,43,42,43,43,42
1775548511.6001,41,43,42,41,42,40,43,43,42,42,43,42
1775548511.8002,41,43,42,42,42,40,42,43,42,42,43,42
1775548512.0005,41,43,42,42,42,40,43,43,42,42,43,42
1775548512.2007,41,43,42,41,42,40,42,43,42,42,42,42
1775548512.4011,41,43,42,42,42,40,43,43,42,42,43,42
1775548512.6014,41,43,42,42,42,40,42,43,42,42,43,42
1775548512.8018,41,43,42,42,42,40,42,43,42,42,43,42
1775548513.0035,41,43,42,41,42,40,42,43,42,42,42,42
1775548513.2038,41,43,42,42,42,40,42,43,42,43,42,42
1775548513.4041,41,43,42,41,42,40,42,43,42,42,42,42
1775548513.6045,41,43,42,41,42,40,42,43,42,42,43,42
1775548513.8048,41,43,42,42,42,40,42,43,42,42,43,42
1775548514.0051,41,43,42,42,42,40,42,43,42,43,43,42
1775548514.2057,41,43,42,42,42,40,42,43,42,42,43,42
1775548514.4060,41,43,42,42,42,40,43,43,42,42,42,42
1775548514.6063,41,43,42,41,42,40,42,43,42,42,42,42
1775548514.8068,41,43,42,42,42,40,43,43,42,42,43,42
1775548515.0076,41,43,42,42,42,40,42,43,42,42,43,42
1775548515.2079,41,43,42,42,42,40,42,43,42,42,43,42
1775548515.4083,41,43,42,42,42,40,42,43,42,42,43,42
1775548515.6086,41,43,42,42,41,40,42,43,42,42,43,42
1775548515.8090,41,43,42,41,42,40,42,43,42,42,43,42
1775548516.0093,42,43,42,42,42,40,42,43,42,42,42,42
1775548516.2096,41,43,42,42,42,40,42,43,42,42,42,42
1775548516.4098,41,43,42,42,42,40,42,43,42,42,43,42
1775548516.6101,41,43,42,42,42,40,42,43,42,43,43,42
1775548516.8103,41,43,42,41,42,40,43,43,42,43,43,42
1775548517.0106,42,43,42,42,42,40,43,43,42,43,43,42
1775548517.2108,41,43,42,42,42,40,42,43,42,43,43,42
1775548517.4111,41,43,42,42,42,40,42,43,42,42,43,42
1775548517.6114,42,43,42,42,42,40,43,43,42,42,43,42
1775548517.8116,41,43,42,42,42,40,42,43,42,42,42,42
1775548518.0119,41,43,42,42,42,40,43,43,42,42,43,42
1775548518.2122,41,43,42,42,42,40,42,43,42,42,43,42
1775548518.4124,41,43,42,42,42,40,42,43,42,42,43,42
1775548518.6127,41,43,42,42,42,40,42,43,42,43,43,42
1775548518.8130,41,43,42,41,42,40,42,43,42,42,43,42
1775548519.0132,41,43,42,42,42,40,42,43,42,42,43,42
1775548519.2135,41,43,42,42,41,40,42,43,42,43,43,42
1775548519.4138,41,43,42,41,42,40,42,43,42,43,43,42
1775548519.6141,41,43,42,42,41,40,43,43,42,42,43,42
1775548519.8145,41,43,42,42,42,40,42,43,42,43,43,42
1775548520.0157,42,43,42,42,42,40,42,43,42,42,43,42
1775548520.2166,41,43,42,42,42,40,42,43,42,42,42,42
1775548520.4171,41,43,42,42,42,40,42,43,42,43,43,42
1775548520.6175,41,43,42,41,42,40,43,43,42,42,43,42
1775548520.8178,41,43,42,42,42,40,43,43,42,43,43,42
1775548521.0181,42,43,42,41,42,40,42,43,42,42,43,42
1775548521.2183,41,43,42,42,42,40,43,43,42,42,43,42
1775548521.4185,41,43,42,42,42,40,42,43,42,42,43,42
1775548521.6188,41,43,42,42,42,40,42,43,42,42,43,42
1775548521.8193,41,43,42,42,42,40,42,43,42,43,43,42
1775548522.0196,42,43,42,41,42,40,43,43,42,43,43,42
1775548522.2198,41,43,42,42,42,40,42,43,42,42,43,42
1775548522.4201,41,43,42,42,42,40,43,43,42,42,43,42
1775548522.6207,41,43,42,42,42,40,43,43,42,42,43,42
1775548522.8211,41,43,42,42,42,40,43,43,42,42,42,42
1775548523.0213,41,43,42,41,42,40,42,43,42,42,43,42
1775548523.2217,41,43,42,42,42,40,43,43,42,42,42,42
1775548523.4221,41,43,42,42,42,40,42,43,42,43,43,42
1775548523.6225,42,43,42,41,42,40,42,43,42,43,43,42
1775548523.8230,41,43,42,42,42,40,43,43,42,43,43,42
1775548524.0233,41,43,42,41,42,40,43,43,42,42,43,42
1775548524.2235,41,43,42,42,42,40,43,43,42,42,43,42
1775548524.4238,41,43,42,42,42,40,43,43,42,43,43,42
1775548524.6241,41,43,42,42,42,40,42,43,42,43,43,42
1775548524.8250,41,43,42,41,42,40,42,43,42,43,43,42
1775548525.0252,41,43,42,42,42,40,43,43,42,42,43,42
1775548525.2255,41,43,42,42,42,40,42,43,42,43,43,42
1775548525.4258,41,43,42,41,42,40,43,43,42,42,43,42
1775548525.6261,41,43,42,41,42,40,42,43,42,43,43,42
1775548525.8265,41,43,42,42,42,40,42,43,42,42,43,42
1775548526.0269,41,43,42,41,42,40,42,43,42,43,43,42
1775548526.2272,41,43,42,42,42,40,42,43,42,42,43,42
1775548526.4276,42,43,42,42,42,40,42,43,42,43,43,42
1775548526.6278,41,43,42,42,42,40,43,43,42,43,43,42
1775548526.8287,41,43,42,42,42,40,42,43,42,42,43,42
1775548527.0296,42,43,42,42,42,40,43,43,42,43,42,42
1775548527.2303,41,43,42,42,42,40,43,43,42,43,43,42
1775548527.4310,41,43,42,42,42,40,42,43,42,43,43,42
1775548527.6313,41,43,42,42,42,40,43,43,42,42,43,42
1775548527.8317,41,43,42,41,42,40,42,43,42,43,43,42
1775548528.0319,41,43,42,42,42,40,43,43,42,43,43,42
1775548528.2326,41,43,42,42,42,40,42,43,42,42,43,42
1775548528.4335,42,43,42,41,42,40,42,43,42,43,43,42
1775548528.6340,41,43,42,42,42,40,43,43,42,43,43,42
1775548528.8343,41,43,42,41,42,40,43,43,42,43,43,42
1775548529.0345,41,43,42,42,42,40,42,43,42,43,43,42
1775548529.2348,41,43,42,42,42,40,43,43,42,42,43,42
1775548529.4350,41,43,42,42,42,40,42,43,42,43,43,42
1775548529.6353,41,43,42,42,42,40,43,43,42,43,43,42
1775548529.8356,41,43,42,42,42,40,43,43,42,42,43,42
1775548530.0360,41,43,42,42,42,40,42,43,42,43,43,42
1775548530.2377,41,43,42,42,42,40,42,43,42,43,43,42
1775548530.4383,41,43,42,42,42,40,43,43,42,43,43,42
1775548530.6386,41,43,42,42,42,40,43,43,42,43,43,42
1775548530.8403,41,43,42,42,42,40,42,43,42,43,43,42
1775548531.0408,41,43,42,41,42,40,43,43,42,43,43,42
1775548531.2410,41,43,42,42,42,40,42,43,42,43,43,42
1775548531.4461,41,43,42,42,42,40,43,43,42,43,43,42
1775548531.6464,41,43,42,42,42,40,43,43,42,43,43,42
1775548531.8466,41,43,42,41,42,40,43,43,42,42,43,42
1775548532.0482,41,43,42,42,42,40,43,43,42,42,43,42
1775548532.2484,41,43,42,42,42,40,42,43,42,42,43,42
1775548532.4488,41,43,42,42,42,40,43,43,42,43,43,42
1775548532.6494,41,43,42,42,42,40,43,43,42,43,43,42
1775548532.8496,41,43,42,42,42,40,42,43,42,42,43,42
1775548533.0499,41,43,42,41,41,40,43,43,42,43,43,42
1775548533.2501,41,43,42,42,42,40,43,43,42,42,43,42
1775548533.4504,41,43,42,42,42,40,43,43,42,43,43,42
1775548533.6509,41,43,42,42,42,40,43,43,42,43,43,42
1775548533.8512,41,43,42,42,42,40,42,43,42,43,43,42
1775548534.0518,41,43,42,42,42,40,42,43,42,43,43,42
1775548534.2525,42,43,42,42,42,40,43,43,42,43,43,42
1775548534.4527,41,43,42,42,42,40,43,43,42,43,43,42
1775548534.6530,41,43,42,42,42,40,43,43,42,43,43,42
1775548534.8538,41,43,42,41,42,40,43,43,42,43,43,42
1775548535.0542,42,43,42,42,42,40,42,43,42,43,43,42
1775548535.2547,41,43,42,41,42,40,43,43,42,42,43,42
1775548535.4552,41,43,42,42,42,40,43,43,42,43,43,42
1775548535.6556,41,43,42,42,42,40,43,43,42,42,43,42
1775548535.8570,41,43,42,42,42,40,43,43,42,42,43,42
1775548536.0575,41,43,42,42,42,40,43,43,42,43,43,42
1775548536.2578,41,43,42,42,42,40,43,43,42,43,43,42
1775548536.4580,41,43,42,41,42,40,43,43,42,43,43,42
1775548536.6583,41,43,42,42,42,40,43,43,42,43,43,42
1775548536.8595,41,43,42,42,42,40,42,43,42,43,43,42
1775548537.0603,41,43,42,42,42,40,42,43,42,43,43,42
1775548537.2607,41,43,42,42,42,40,42,43,42,43,43,42
1775548537.4611,41,43,42,42,42,40,42,43,42,42,43,42
1775548537.6614,41,43,42,42,42,40,43,43,42,42,43,42
1775548537.8617,41,43,42,42,42,40,42,43,42,43,43,42
1775548538.0622,41,43,42,42,42,40,43,43,42,43,43,42
1775548538.2625,41,43,42,42,42,40,42,43,42,42,43,42
1775548538.4629,41,43,42,42,42,40,43,43,42,43,43,42
1775548538.6633,41,43,42,42,42,40,43,43,42,43,43,42
1775548538.8636,41,43,42,42,42,40,43,43,42,43,43,42
1775548539.0638,41,43,42,42,42,40,43,43,42,43,43,42
1775548539.2641,41,43,42,42,42,40,43,43,42,43,43,42
1775548539.4643,41,43,42,42,42,40,43,43,42,43,43,42
1775548539.6646,41,43,42,42,42,40,43,43,42,43,43,42
1775548539.8648,41,43,42,42,42,40,42,43,42,43,43,42
1775548540.0651,41,43,42,42,42,40,42,43,42,43,43,42
1775548540.2654,41,43,42,42,42,40,42,43,42,42,43,42
1775548540.4656,41,43,42,42,42,40,43,43,42,43,43,42
1775548540.6662,41,43,42,42,42,40,43,43,42,43,43,42
1775548540.8665,41,43,42,42,42,40,42,43,42,43,43,42
1775548541.0668,41,43,42,42,42,40,43,43,42,43,43,42
1775548541.2671,41,44,42,42,42,40,43,43,42,43,43,42
1775548541.4673,42,43,42,42,42,40,43,43,42,43,43,42
1775548541.6676,41,43,42,42,42,40,42,43,42,43,43,42
1775548541.8682,41,43,42,42,42,40,42,43,42,43,43,42
1775548542.0685,41,43,42,42,42,40,43,43,42,43,43,42
1775548542.2688,41,43,42,42,42,40,43,43,42,42,43,42
1775548542.4690,41,43,42,42,42,40,43,43,42,43,43,42
1775548542.6697,41,43,42,41,42,40,43,43,42,42,43,42
1775548542.8700,41,43,42,42,42,40,43,43,42,43,43,42
1775548543.0703,42,43,42,42,42,40,43,43,42,43,43,42
1775548543.2716,41,43,42,42,42,40,43,43,42,43,43,42
1775548543.4718,41,43,42,42,42,40,43,43,42,42,43,42
1775548543.6722,42,43,42,41,42,40,42,43,42,42,43,42
1775548543.8727,42,43,42,42,42,40,43,43,42,43,43,42
1775548544.0731,42,43,42,42,42,40,42,43,42,43,43,42
1775548544.2745,41,43,42,42,42,40,42,43,42,43,43,42
1775548544.4755,41,43,42,42,42,40,43,43,42,42,43,42
1775548544.6758,42,43,42,42,42,40,42,43,42,43,43,42
1775548544.8765,41,43,42,42,42,40,42,43,42,43,43,42
1775548545.0770,41,43,42,42,42,40,42,43,42,43,43,42
1775548545.2776,41,43,42,42,42,40,43,43,42,43,43,42
1775548545.4779,41,43,42,42,42,40,42,43,42,42,43,42
1775548545.6782,41,43,42,42,42,40,43,43,42,42,43,42
1775548545.8785,41,43,42,42,42,40,43,43,42,43,43,42
1775548546.0788,42,43,42,42,42,40,42,43,42,43,43,42
1775548546.2806,41,43,42,42,42,40,42,43,42,43,43,42
1775548546.4809,41,43,42,42,42,40,42,43,42,42,43,42
1775548546.6823,41,43,42,42,42,40,42,43,42,42,43,42
1775548546.8831,41,43,42,42,42,40,43,43,42,43,43,42
1775548547.0833,41,43,42,42,42,40,42,43,42,42,43,42
1775548547.2837,41,43,42,42,42,40,42,43,42,43,43,42
1775548547.4841,41,43,42,42,42,40,42,43,42,43,43,42
1775548547.6850,41,43,42,42,42,40,42,43,42,43,43,42
1775548547.8855,41,43,42,42,42,40,42,43,42,43,43,42
1775548548.0857,41,43,42,42,42,40,43,43,42,43,43,42
1775548548.2862,41,43,42,42,42,40,43,43,42,43,43,42
1775548548.4868,41,43,42,42,42,40,42,43,42,43,43,42
1775548548.6871,41,43,42,42,42,40,43,43,42,43,43,42
1775548548.8874,42,43,42,42,42,40,43,43,42,43,43,42
1775548549.0877,41,43,42,42,42,40,42,43,42,42,43,42
1775548549.2881,41,43,42,42,42,40,43,43,42,42,43,42
1775548549.4884,41,43,42,42,42,40,43,43,42,43,43,42
1775548549.6888,41,43,42,42,42,40,43,43,42,43,43,42
1775548549.8910,41,43,42,42,42,40,43,43,42,43,43,42
1775548550.0915,41,43,42,42,42,40,42,43,42,42,43,42
1775548550.2918,41,43,42,42,42,40,43,43,42,42,43,42
1775548550.4922,42,43,42,42,42,40,42,43,42,43,43,42
1775548550.6928,42,43,42,42,42,40,43,43,42,43,43,42
1775548550.8931,41,43,42,42,42,40,43,43,42,43,43,42
1775548551.0934,41,43,42,42,42,40,42,43,42,43,43,42
1775548551.2936,41,43,42,42,42,40,42,43,42,43,43,42
1775548551.4941,41,43,42,42,42,40,43,43,42,42,43,42
1775548551.6944,41,43,42,42,42,40,42,43,42,43,43,42
1775548551.8948,41,43,42,42,42,40,43,43,42,43,43,42
1775548552.0951,41,43,42,42,42,40,43,43,42,43,43,42
1775548552.2954,41,43,42,42,42,40,43,43,42,43,43,42
1775548552.4961,41,43,42,42,42,40,42,43,42,42,43,42
1775548552.6963,41,43,42,42,42,40,43,43,42,43,43,42
1775548552.8975,41,43,42,42,42,40,43,43,42,43,43,42
1775548553.0981,41,43,42,42,42,40,43,43,42,43,43,42
1775548553.2985,41,43,42,42,42,40,43,43,42,43,43,42
1775548553.4988,41,43,42,42,42,40,42,43,42,42,43,42
1775548553.6991,41,43,42,42,42,40,42,43,42,43,43,42
1775548553.8994,41,43,42,42,42,40,43,43,42,43,43,42
1775548554.1003,41,43,42,42,42,40,43,43,42,43,43,42
1775548554.3007,41,43,42,42,42,40,43,43,42,43,43,42
1775548554.5010,41,43,42,42,42,40,42,43,42,43,43,42
1775548554.7015,41,43,42,42,42,40,43,43,42,43,43,42
1775548554.9032,41,43,42,42,42,40,43,43,42,43,43,42
1775548555.1035,41,43,42,42,42,40,43,43,42,43,43,42
1775548555.3062,41,43,42,42,42,40,43,43,42,43,43,42
1775548555.5065,41,43,42,42,42,40,43,43,42,43,43,42
1775548555.7102,41,43,42,42,42,40,43,43,42,43,43,42
1775548555.9107,41,43,42,42,42,40,42,43,42,43,43,42
1775548556.1129,41,43,42,42,42,40,42,43,42,43,43,42
1775548556.3132,42,43,42,42,42,40,43,43,42,43,43,42
1775548556.5135,41,43,42,42,42,40,42,43,42,43,43,42
1775548556.7139,42,43,42,42,42,40,43,43,42,42,43,42
1775548556.9142,42,43,42,42,42,40,43,43,42,43,43,42
1775548557.1146,41,43,42,42,42,40,43,43,42,43,43,42
1775548557.3149,41,43,42,42,42,40,43,43,42,43,43,42
1775548557.5152,41,43,42,42,42,40,43,43,42,43,43,42
1775548557.7154,41,43,42,42,42,41,42,43,42,43,43,42
1775548557.9157,42,43,42,42,42,40,43,43,42,43,43,42
1775548558.1166,41,43,42,42,42,40,43,43,42,43,43,42
1775548558.3176,41,43,42,42,42,40,42,43,42,43,43,42
1775548558.5190,42,43,42,42,42,40,43,43,42,42,43,42
1775548558.7194,41,43,42,42,42,40,42,43,42,43,43,42
1775548558.9205,41,43,42,42,42,40,43,43,42,43,43,42
1775548559.1211,41,43,42,42,42,40,43,43,42,43,43,42
1775548559.3224,41,43,42,42,42,40,43,43,42,43,43,42
1775548559.5228,41,43,42,42,42,40,43,43,42,43,43,42
1775548559.7231,41,43,42,42,42,40,43,43,42,43,43,42
1775548559.9245,41,43,42,42,42,40,42,43,42,43,43,42
1775548560.1250,41,43,42,42,42,40,42,43,42,43,43,42
1775548560.3256,41,43,42,42,42,40,43,43,42,43,43,42
1775548560.5259,41,43,42,42,42,40,42,43,42,43,43,42
1775548560.7261,42,43,42,42,42,40,43,43,42,43,43,42
1775548560.9267,41,43,42,42,42,40,43,43,42,43,43,42
1775548561.1270,42,43,42,42,42,40,43,43,42,43,43,42
1775548561.3273,41,43,42,42,42,40,43,43,42,43,43,42
1775548561.5275,41,43,42,42,42,40,43,43,42,43,43,42
1775548561.7278,41,43,42,42,42,40,43,43,42,43,43,42
1775548561.9282,41,43,42,42,42,40,43,43,42,43,43,42
1775548562.1285,41,43,42,42,42,40,43,43,42,43,43,42
1775548562.3287,41,43,42,42,42,40,42,43,42,43,43,42
1775548562.5290,41,43,42,42,42,40,43,43,42,43,43,42
1775548562.7292,41,43,42,42,42,40,43,43,42,43,43,42
1775548562.9295,41,43,42,42,42,40,43,43,42,43,43,42
1775548563.1298,41,43,42,42,42,40,43,43,42,43,43,42
1775548563.3300,41,43,42,42,42,40,43,43,42,43,43,42
1775548563.5303,41,43,42,42,42,40,43,43,42,43,43,42
1775548563.7310,41,43,42,42,42,40,42,43,42,43,43,42
1775548563.9313,41,43,42,42,42,40,43,43,42,43,43,42
1775548564.1315,41,43,42,42,42,40,43,43,42,43,43,42
1775548564.3319,42,43,42,42,42,40,43,43,42,43,43,42
1775548564.5322,41,43,42,42,42,40,42,43,42,43,43,42
1775548564.7325,42,43,42,42,42,40,43,43,42,43,43,42
1775548564.9327,41,43,42,42,42,40,43,43,42,43,43,42
1775548565.1331,41,43,42,42,42,40,43,43,42,43,43,42
1775548565.3339,41,43,42,42,42,40,43,43,42,43,43,42
1775548565.5341,41,43,42,42,42,40,43,43,42,43,43,42
1775548565.7343,41,43,42,42,42,40,42,43,42,43,43,42
1775548565.9346,41,43,42,42,42,41,43,43,42,43,43,42
1775548566.1348,41,44,42,42,42,40,43,43,42,43,43,42
1775548566.3351,41,43,42,42,42,40,43,43,42,43,43,42
1775548566.5355,41,43,42,42,42,40,43,43,42,43,43,42
1775548566.7358,41,43,42,42,42,40,43,43,42,43,43,42
1775548566.9363,41,44,42,42,42,40,42,43,42,43,43,42
1775548567.1365,41,43,42,42,42,40,43,43,42,43,43,42
1775548567.3376,41,43,42,42,42,40,43,43,42,43,43,42
1775548567.5381,41,43,42,42,42,40,42,43,42,43,43,42
1775548567.7384,41,43,42,42,42,40,43,43,42,43,43,42
1775548567.9388,41,43,42,42,42,40,43,43,42,43,43,42
1775548568.1391,41,43,42,42,42,40,43,43,42,43,43,42
1775548568.3394,41,43,42,42,42,40,43,43,42,43,43,42
1775548568.5403,41,43,42,42,42,40,42,43,42,43,43,42
1775548568.7406,41,43,42,42,42,40,43,43,42,43,43,42
1775548568.9414,42,43,42,42,42,40,43,43,42,43,43,42
1775548569.1417,42,43,42,42,42,41,42,43,42,43,43,42
1775548569.3422,41,43,42,42,42,40,43,43,42,42,43,42
1775548569.5426,41,43,42,42,42,40,42,43,42,43,43,42
1775548569.7429,41,43,42,42,42,41,43,43,42,43,43,42
1775548569.9431,41,43,42,42,42,40,43,43,42,43,43,42
1775548570.1434,41,43,42,42,42,40,43,43,42,43,43,42
1775548570.3439,41,43,42,42,42,40,43,43,42,43,43,42
1775548570.5445,41,43,42,42,42,40,43,43,42,42,43,42
1775548570.7450,42,43,42,42,42,40,43,43,42,43,43,42
1775548570.9453,41,43,42,42,42,40,43,43,42,43,43,42
1775548571.1456,42,43,42,42,42,40,43,43,42,43,43,42
1775548571.3459,41,43,42,42,42,40,42,43,42,43,43,42
1775548571.5466,41,43,42,42,42,40,43,43,42,43,43,42
1775548571.7468,41,43,42,42,42,40,42,43,42,43,43,42
1775548571.9471,41,43,42,42,42,40,42,43,42,43,43,42
1775548572.1473,41,43,42,42,42,40,43,43,42,43,43,42
1775548572.3476,41,43,42,42,42,40,43,43,42,43,43,42
1775548572.5479,41,43,42,42,42,40,43,43,42,43,43,42
1775548572.7481,41,43,42,42,42,40,43,43,42,43,43,42
1775548572.9484,41,43,42,42,42,40,43,43,42,43,43,42
1775548573.1486,42,43,42,42,42,40,43,43,42,43,43,42
1775548573.3490,41,43,42,42,42,40,43,43,42,43,43,42
1775548573.5492,41,43,42,42,42,40,43,43,42,43,43,42
1775548573.7495,41,43,42,42,42,40,43,43,42,43,43,42
1775548573.9498,41,43,42,42,42,40,43,43,42,43,43,42
1775548574.1502,41,43,42,42,42,40,43,43,42,43,43,42
1775548574.3505,41,43,42,42,42,40,43,43,42,43,43,42
1775548574.5510,41,43,42,42,42,40,43,43,42,43,43,42
1775548574.7516,41,43,42,42,42,41,43,43,42,43,43,42
1775548574.9518,41,44,42,42,42,41,43,43,42,43,43,42
1775548575.1521,42,43,42,42,42,40,43,43,42,43,43,42
1775548575.3524,41,43,42,42,42,40,43,43,42,43,43,42
1775548575.5527,41,43,42,42,42,40,42,43,42,43,43,42
1775548575.7535,41,43,42,42,42,41,43,43,42,42,43,42
1775548575.9541,41,43,42,42,42,40,43,43,42,43,43,42
1775548576.1569,41,43,42,42,42,41,43,43,42,42,43,42
1775548576.3582,41,43,42,42,42,40,43,43,42,43,43,42
1775548576.5593,41,43,42,42,42,40,43,43,42,43,43,42
1775548576.7604,41,43,42,42,42,40,43,43,42,43,43,42
1775548576.9609,42,44,42,42,42,40,43,43,42,43,43,42
1775548577.1631,41,43,42,42,42,40,43,43,42,43,43,42
1775548577.3633,41,43,42,42,42,40,43,43,42,43,43,42
1775548577.5640,42,43,42,42,42,41,43,43,42,43,43,42
1775548577.7643,41,43,42,42,42,40,43,43,42,43,43,42
1775548577.9646,41,43,42,42,42,40,43,43,42,43,43,42
1775548578.1649,41,43,42,42,42,40,43,43,42,43,43,42
1775548578.3651,42,43,42,42,42,41,43,43,42,43,43,42
1775548578.5654,42,43,42,42,42,40,43,43,42,43,43,42
1775548578.7659,41,43,42,42,42,41,42,43,42,43,43,42
1775548578.9661,41,43,42,42,42,40,43,43,42,43,43,42
1775548579.1663,41,43,42,42,42,40,43,43,42,43,43,42
1775548579.3666,41,43,42,42,42,40,43,43,42,43,43,42
1775548579.5672,41,43,42,42,42,40,43,43,42,42,43,42
1775548579.7677,41,43,42,42,42,40,43,43,42,42,43,42
1775548579.9683,41,43,42,42,42,40,43,43,42,43,43,42
1775548580.1690,41,43,42,42,42,40,43,43,42,43,43,42
1775548580.3692,41,43,42,42,42,41,42,43,42,42,43,42
1775548580.5696,41,43,42,42,42,40,43,43,42,43,43,42
1775548580.7699,42,43,42,42,42,40,43,43,42,43,43,42
1775548580.9702,41,43,42,42,42,40,43,43,42,43,43,42
1775548581.1705,41,43,42,42,42,40,42,43,42,42,43,42
1775548581.3708,41,43,42,42,42,40,43,43,42,43,43,42
1775548581.5710,41,43,42,42,42,41,43,43,42,43,43,42
1775548581.7713,41,43,42,42,42,40,43,43,42,43,43,42
1775548581.9716,41,43,42,42,42,40,43,43,42,43,43,42
1775548582.1718,42,43,42,42,42,40,43,43,42,42,43,42
1775548582.3722,41,43,42,42,42,41,42,43,42,43,43,42
1775548582.5729,41,43,42,42,42,40,42,43,42,43,43,42
1775548582.7732,41,43,42,42,42,40,42,43,42,43,43,42
1775548582.9734,41,43,42,42,42,40,42,43,42,43,43,42
1775548583.1737,41,43,42,42,42,41,43,43,42,42,43,42
1775548583.3743,41,43,42,42,42,41,43,43,42,43,43,42
1775548583.5746,42,43,42,42,42,40,43,43,42,43,43,42
1775548583.7749,41,43,42,42,42,40,42,43,42,43,43,42
1775548583.9752,41,43,42,42,42,40,43,43,42,43,43,42
1775548584.1756,41,43,42,42,42,40,42,43,42,43,43,42
1775548584.3764,41,43,42,42,42,41,42,43,42,43,43,42
1775548584.5767,41,44,42,42,42,40,43,43,42,43,43,42
1775548584.7769,41,43,42,42,42,40,43,43,42,43,43,42
1775548584.9772,41,43,42,42,42,40,43,43,42,43,43,42
1775548585.1776,41,43,42,42,42,41,42,43,42,43,43,42
1775548585.3783,41,43,42,42,42,40,43,43,42,43,43,42
1775548585.5786,41,43,42,42,42,40,43,43,42,43,43,42
1775548585.7799,41,43,42,42,42,40,43,43,42,43,43,42
1775548585.9801,41,43,42,42,42,40,43,43,42,43,43,42
1775548586.1804,41,44,42,42,42,40,42,43,42,43,43,42
1775548586.3812,41,43,42,42,42,40,43,43,42,43,43,42
1775548586.5816,41,43,42,42,42,40,43,43,42,42,43,42
1775548586.7818,41,43,42,42,42,40,43,43,42,43,43,42
1775548586.9821,41,43,42,42,42,40,43,43,42,43,43,42
1775548587.1829,41,43,42,42,42,40,43,43,42,42,43,42
1775548587.3832,41,43,42,42,42,40,42,43,42,42,43,42
1775548587.5836,41,43,42,42,42,41,42,43,42,43,43,42
1775548587.7843,41,43,42,42,42,40,43,43,42,43,43,42
1775548587.9845,41,43,42,42,42,40,42,43,42,43,43,42
1775548588.1849,41,44,42,42,42,40,43,43,42,43,43,42
1775548588.3851,41,43,42,42,42,40,43,43,42,43,43,42
1775548588.5854,41,44,42,42,42,40,43,43,42,43,43,42
1775548588.7857,41,43,42,42,42,40,43,43,42,43,43,42
1775548588.9861,41,43,42,42,42,40,43,43,42,43,43,42
1775548589.1864,41,43,42,42,42,40,43,43,42,43,43,42
1775548589.3866,42,43,42,42,42,41,43,43,42,43,43,42
1775548589.5869,41,43,42,42,42,40,43,43,42,43,43,42
1775548589.7873,42,43,42,42,42,40,43,43,42,43,43,42
1775548589.9875,41,43,42,42,42,40,43,43,42,43,43,42
1775548590.1878,41,44,42,42,42,40,43,43,42,43,43,42
1775548590.3881,41,43,42,42,42,41,43,43,42,43,43,42
1775548590.5884,41,43,42,42,42,40,43,43,42,43,43,42
1775548590.7887,41,43,42,42,42,41,43,43,42,43,43,42
1775548590.9894,41,43,42,42,42,40,42,43,42,43,43,42
1775548591.1899,42,44,42,42,42,40,43,43,42,43,43,42
1775548591.3905,41,43,42,42,42,40,43,43,42,43,43,42
1775548591.5916,41,43,42,42,42,40,43,43,42,43,43,42
1775548591.7925,41,43,42,42,42,40,43,43,42,43,43,42
1775548591.9931,41,43,42,42,42,40,43,43,42,43,43,42
1775548592.1944,41,43,42,42,42,40,43,43,42,43,43,42
1775548592.3947,41,43,42,42,42,41,43,43,42,43,43,42
1775548592.5950,41,43,42,42,42,40,43,43,42,43,43,42
1775548592.7959,41,44,42,42,42,40,42,43,42,43,43,42
1775548592.9962,41,44,42,42,42,40,43,43,42,43,43,42
1775548593.1967,42,43,42,42,42,40,43,43,42,43,43,42
1775548593.3970,41,43,42,42,42,41,43,43,42,43,43,42
1775548593.5973,41,44,42,42,42,40,43,43,42,43,43,42
1775548593.7978,41,43,42,42,42,40,43,43,42,43,43,42
1775548593.9981,41,43,42,42,42,40,42,43,42,43,43,42
1775548594.1985,41,43,42,42,42,40,43,43,42,43,43,42
1775548594.3990,42,43,42,42,42,40,43,43,42,42,43,42
1775548594.5992,41,43,42,42,42,40,43,43,42,43,43,42
1775548594.7997,41,43,42,42,42,40,43,43,42,43,43,42
1775548595.0001,41,43,42,42,42,40,43,43,42,43,43,42
1775548595.2004,41,43,42,42,42,40,43,43,42,43,43,42
1775548595.4008,41,43,42,42,42,40,43,43,42,43,43,42
1775548595.6019,41,43,42,42,42,40,43,43,42,43,43,42
1775548595.8031,41,43,42,42,42,40,43,43,42,43,43,42
1775548596.0034,41,43,42,42,42,40,43,43,42,43,43,42
1775548596.2038,41,43,42,42,42,40,43,43,42,43,43,42
1775548596.4041,42,44,42,42,42,40,43,43,42,43,43,42
1775548596.6043,41,43,42,42,42,40,42,43,42,43,43,42
1775548596.8047,42,43,42,42,42,41,43,43,42,43,43,42
1775548597.0051,41,43,42,42,42,41,43,43,42,43,43,42
1775548597.2057,41,43,42,42,42,41,42,43,42,43,43,42
1775548597.4060,41,43,42,42,42,41,43,43,42,43,43,42
1775548597.6061,41,43,42,42,42,40,43,43,42,43,43,42
1775548597.8063,41,43,42,42,42,41,42,43,42,43,43,42
1775548598.0070,41,43,42,42,42,41,43,43,42,43,43,42
1775548598.2072,41,43,42,42,42,40,43,43,42,43,43,42
1775548598.4075,41,44,42,42,42,40,43,43,42,43,43,42
1775548598.6078,41,43,42,42,42,41,43,43,42,43,43,42
1775548598.8085,41,43,42,42,42,40,43,43,42,43,43,42
1775548599.0087,42,44,42,42,42,40,43,43,42,43,43,42
1775548599.2090,41,43,42,42,42,41,42,43,42,43,43,42
1775548599.4092,41,43,42,42,42,40,42,43,42,43,43,42
1775548599.6095,41,43,42,42,42,40,42,43,42,43,43,42
1775548599.8098,41,43,42,42,42,40,43,43,42,43,43,42
1775548600.0101,41,43,42,42,42,41,42,43,42,43,43,42
1775548600.2104,41,43,42,42,42,40,43,43,42,43,43,42
1775548600.4106,42,43,42,42,42,41,43,43,42,43,43,42
1775548600.6109,42,43,42,42,42,41,43,43,42,43,43,42
1775548600.8111,41,43,42,42,42,40,43,43,42,43,43,42
1775548601.0114,41,44,42,42,42,40,43,43,42,43,43,42
1775548601.2121,41,44,42,42,42,41,43,43,42,43,43,42
1775548601.4126,41,43,42,42,42,40,43,43,42,43,43,42
1775548601.6134,42,43,42,42,42,40,43,43,42,43,43,42
1775548601.8140,41,43,42,42,42,40,43,43,42,43,43,42
1775548602.0144,41,43,42,42,42,40,43,43,42,43,43,42
1775548602.2146,41,43,42,42,42,40,43,43,42,43,43,42
1775548602.4149,41,43,42,42,42,41,43,43,42,43,43,42
1775548602.6153,41,44,42,42,42,40,43,43,42,43,43,42
1775548602.8159,41,43,42,42,42,40,43,43,42,43,43,42
1775548603.0164,41,43,42,42,42,40,42,43,42,43,43,42
1775548603.2189,41,43,42,42,42,40,43,43,42,43,43,42
1775548603.4210,41,43,42,42,42,40,42,43,42,43,43,42
1775548603.6213,41,43,42,42,42,40,43,43,42,43,43,42
1775548603.8216,41,43,42,42,42,40,43,43,42,43,43,42
1775548604.0218,41,43,42,42,42,40,43,43,42,43,43,42
1775548604.2225,41,43,42,42,42,40,43,43,42,43,43,42
1775548604.4227,41,43,42,42,42,40,43,43,42,43,43,42
1775548604.6230,41,43,42,42,42,40,43,43,42,43,43,42
1775548604.8233,41,43,42,42,42,40,43,43,42,43,43,42
1775548605.0235,41,43,42,42,42,40,43,43,42,43,43,42
1775548605.2239,42,44,42,42,42,41,43,43,42,43,43,42
1775548605.4256,41,43,42,42,42,40,42,43,42,43,43,42
1775548605.6259,41,43,42,42,42,40,43,43,42,43,43,42
1775548605.8263,41,43,42,42,42,40,43,43,42,43,43,42
1775548606.0265,41,43,42,42,42,40,42,43,42,43,43,42
1775548606.2268,41,43,42,42,42,41,43,43,42,43,43,42
1775548606.4270,41,43,42,42,42,40,42,43,42,43,43,42
1775548606.6273,41,43,42,42,42,40,43,43,42,43,43,42
1775548606.8276,42,43,43,42,42,41,43,43,42,43,43,42
1775548607.0278,41,43,42,42,42,41,43,43,42,43,43,42
1775548607.2281,41,43,42,42,42,41,43,43,42,43,43,42
1775548607.4285,41,43,42,42,42,41,43,43,42,43,43,42
1775548607.6288,42,43,42,42,42,40,42,43,42,43,43,42
1775548607.8291,41,44,42,42,42,40,42,43,42,43,43,42
1775548608.0294,41,43,42,42,42,40,43,43,42,43,43,42
1775548608.2297,41,43,43,42,42,40,43,43,42,43,43,42
1775548608.4302,42,43,43,42,42,41,43,43,42,43,43,42
1775548608.6305,41,43,42,42,42,40,43,43,42,43,43,42
1775548608.8319,41,43,42,42,42,41,42,43,42,43,43,42
1775548609.0321,42,43,42,42,42,41,43,43,42,43,43,42
1775548609.2325,41,43,42,42,42,40,43,43,42,43,43,42
1775548609.4327,42,44,42,42,42,41,43,43,42,42,43,42
1775548609.6332,42,43,43,42,42,41,42,43,42,43,43,42
1775548609.8344,41,43,43,42,42,40,42,43,42,43,43,42
1775548610.0354,41,43,42,42,42,41,43,43,42,43,43,42
1775548610.2357,41,43,43,42,42,41,43,43,42,43,43,42
1775548610.4371,41,43,42,42,42,41,43,43,42,43,43,42
1775548610.6373,41,43,43,42,42,41,42,43,42,43,43,42
1775548610.8376,41,43,42,42,42,40,43,43,42,43,43,42
1775548611.0383,41,43,42,42,42,41,42,43,42,43,43,42
1775548611.2385,41,43,42,42,42,41,43,43,42,43,43,42
1775548611.4388,41,43,42,42,42,41,43,43,42,43,43,42
1775548611.6393,41,43,42,42,42,41,43,43,42,43,43,42
1775548611.8395,41,43,42,42,42,41,43,43,42,43,43,42
1775548612.0398,41,43,42,42,42,41,43,43,42,43,43,42
1775548612.2400,41,44,42,42,42,40,42,43,42,43,43,42
1775548612.4403,41,43,43,42,42,41,43,43,42,43,43,42
1775548612.6407,42,43,43,42,42,41,43,43,42,43,43,42
1775548612.8410,42,43,42,42,42,41,43,43,42,43,43,42
1775548613.0412,42,44,42,42,42,41,43,43,42,43,43,42
1775548613.2416,42,44,42,42,42,41,43,43,42,43,43,42
1775548613.4419,42,43,42,42,42,41,42,43,42,43,43,42
1775548613.6428,41,43,42,42,42,41,43,43,42,43,43,42
1775548613.8435,42,43,42,42,42,41,43,43,42,43,43,42
1775548614.0440,42,43,42,42,42,41,43,43,42,43,43,42
1775548614.2445,41,43,42,42,42,41,43,43,42,43,43,42
1775548614.4456,41,43,42,42,42,41,43,43,42,43,43,42
1775548614.6458,41,44,42,42,42,41,43,43,42,43,43,42
1775548614.8464,42,43,42,42,42,41,42,43,42,43,43,42
1775548615.0468,41,44,42,42,42,41,43,43,42,43,43,42
1775548615.2474,41,43,42,42,42,41,43,43,42,43,43,42
1775548615.4477,41,43,43,42,42,41,43,43,42,43,43,42
1775548615.6483,41,44,43,42,42,41,43,43,42,43,43,42
1775548615.8487,41,43,42,42,42,41,43,43,42,43,43,42
1775548616.0490,42,43,42,42,42,41,43,43,42,42,43,42
1775548616.2493,42,43,43,42,42,41,43,43,42,43,43,42
1775548616.4496,42,44,43,42,42,41,43,43,42,43,43,42
1775548616.6500,42,44,42,42,42,41,43,43,42,43,43,42
1775548616.8503,41,43,42,42,42,41,43,43,42,43,43,42
1775548617.0508,41,44,43,42,42,41,43,43,42,43,43,42
1775548617.2510,41,43,43,42,42,41,43,43,42,43,43,42
1775548617.4514,42,44,43,42,42,41,43,43,42,43,43,42
1775548617.6517,42,43,43,42,42,41,43,43,42,43,43,42
1775548617.8520,41,43,43,42,42,41,43,43,42,43,43,42
1775548618.0524,41,43,42,42,42,41,43,43,42,43,43,42
1775548618.2529,41,44,42,42,42,41,42,43,42,43,43,42
1775548618.4531,41,43,42,42,42,41,43,43,42,43,43,42
1775548618.6536,42,43,42,42,42,41,43,43,42,43,43,42
1775548618.8541,41,43,43,42,42,41,43,43,42,43,43,42
1775548619.0547,41,43,43,42,42,41,43,43,42,43,43,42
1775548619.2551,41,43,43,42,42,41,42,43,42,43,43,42
1775548619.4553,42,43,43,42,42,41,43,43,42,43,43,42
1775548619.6559,41,44,42,42,42,41,43,43,42,43,43,42
1775548619.8562,41,43,43,42,42,41,43,43,42,43,43,42
1775548620.0565,41,44,42,42,42,41,43,43,42,43,43,42
1775548620.2567,41,43,42,42,42,41,43,43,42,43,43,42
1775548620.4570,41,43,43,42,42,41,43,43,42,43,43,42
1775548620.6572,42,43,43,42,42,41,43,43,42,43,43,42
1775548620.8575,41,43,43,42,42,41,43,43,42,43,43,42
1775548621.0577,42,43,43,42,42,41,43,43,42,43,43,42
1775548621.2580,42,43,42,42,42,41,43,43,42,43,43,42
1775548621.4583,41,43,43,42,42,41,42,43,42,43,43,42
1775548621.6585,41,44,43,42,42,41,43,43,42,43,43,42
1775548621.8588,41,44,43,42,42,41,42,43,42,42,43,42
1775548622.0590,42,43,43,42,42,41,43,43,42,43,43,42
1775548622.2593,41,44,43,42,42,41,43,43,42,43,43,42
1775548622.4596,41,44,43,42,42,41,43,43,42,43,43,42
1775548622.6598,42,44,43,42,42,41,43,43,43,43,43,42
1775548622.8601,42,43,43,42,42,41,42,44,42,43,43,42
1775548623.0604,42,43,43,42,42,41,43,43,42,43,43,42
1775548623.2607,42,44,43,42,42,41,43,43,42,43,43,42
1775548623.4610,41,44,42,42,42,41,42,43,42,43,43,42
1775548623.6613,42,43,43,42,42,41,43,43,42,43,43,42
1775548623.8617,41,43,43,42,42,41,43,43,42,43,43,42
1775548624.0619,41,43,43,42,42,41,43,43,42,43,43,42
1775548624.2620,42,43,43,42,42,41,43,43,42,43,43,42
1775548624.4629,42,44,43,42,42,41,43,44,42,43,43,42
1775548624.6634,41,44,43,42,42,41,42,43,42,43,43,42
1775548624.8637,41,43,42,42,42,41,43,43,42,43,43,42
1775548625.0644,41,44,43,42,42,41,43,43,42,43,43,42
1775548625.2648,41,44,43,42,42,41,43,43,42,43,43,42
1775548625.4651,41,43,43,42,42,41,43,43,42,43,43,42
1775548625.6654,41,44,43,42,42,41,43,43,42,43,43,42
1775548625.8656,41,44,43,42,42,41,42,43,42,43,43,42
1775548626.0659,41,44,43,42,42,41,43,43,42,43,43,42
1775548626.2661,41,43,43,42,42,41,43,43,42,43,43,42
1775548626.4664,41,43,43,42,42,41,43,43,42,43,43,42
1775548626.6666,42,43,43,42,42,41,43,43,42,43,43,42
1775548626.8669,41,44,42,42,42,41,43,43,42,43,43,42
1775548627.0671,41,43,43,42,42,41,43,43,43,43,43,42
1775548627.2677,42,43,42,42,42,41,43,43,42,43,43,42
1775548627.4680,42,43,43,42,42,41,43,43,43,43,43,42
1775548627.6682,42,43,43,42,42,41,43,43,42,43,43,42
1775548627.8688,41,43,43,42,42,41,43,43,42,43,43,42
1775548628.0691,41,43,43,42,42,41,43,43,42,43,43,42
1775548628.2694,42,43,43,42,42,41,43,43,42,43,43,42
1775548628.4703,41,44,43,42,42,41,42,43,42,43,43,42
1775548628.6706,42,44,43,42,42,41,43,43,42,43,43,42
1775548628.8709,42,43,43,42,42,41,43,43,42,43,43,42
1775548629.0711,41,44,43,42,42,41,42,43,42,43,43,42
1775548629.2714,41,44,43,42,42,41,43,43,42,43,43,42
1775548629.4719,41,44,43,42,42,41,43,43,42,43,43,42
1775548629.6725,41,43,43,42,42,41,42,43,42,43,43,42
1775548629.8731,41,44,43,42,42,41,42,43,42,43,43,42
1775548630.0734,41,43,43,42,42,41,43,43,42,43,43,42
1775548630.2736,41,44,43,42,42,41,43,43,42,43,43,42
1775548630.4739,41,43,43,42,42,41,43,43,42,43,43,42
1775548630.6745,42,43,43,42,42,41,43,43,42,43,43,42
1775548630.8749,42,43,43,42,42,41,43,43,42,43,43,42
1775548631.0753,41,43,42,42,42,41,43,43,42,43,43,42
1775548631.2756,41,43,43,42,42,41,43,43,42,43,43,42
1775548631.4759,42,44,43,42,42,41,43,43,42,43,43,42
1775548631.6762,41,43,42,42,42,41,43,43,43,43,43,42
1775548631.8766,42,43,42,42,42,41,43,43,42,43,43,42
1775548632.0768,42,43,43,42,42,41,43,43,42,43,43,42
1775548632.2772,42,43,43,42,42,41,43,43,42,43,43,42
1775548632.4776,42,44,43,42,42,41,42,43,42,43,43,42
1775548632.6779,41,43,43,42,42,41,43,43,42,43,43,42
1775548632.8782,42,44,42,42,42,41,43,43,42,43,43,42
1775548633.0784,41,43,43,42,42,41,43,43,42,43,43,42
1775548633.2825,41,44,43,42,42,41,43,43,42,43,43,42
1775548633.4828,41,43,43,42,42,41,43,43,42,43,43,42
1775548633.6839,41,44,42,42,42,41,43,43,42,43,43,42
1775548633.8843,41,43,43,42,42,41,42,43,42,43,43,42
1775548634.0847,42,43,42,42,42,41,43,43,42,43,43,42
1775548634.2850,42,44,42,42,42,41,42,43,42,43,43,42
1775548634.4853,42,44,43,42,42,41,43,43,42,43,43,42
1775548634.6855,41,43,42,42,42,41,43,43,42,43,43,42
1775548634.8858,42,44,43,42,42,41,43,43,42,43,43,42
1775548635.0862,41,43,43,42,42,41,43,43,42,43,43,42
1775548635.2864,41,44,43,42,42,41,43,43,42,43,43,42
1775548635.4871,41,43,43,42,42,41,43,43,42,43,43,42
1775548635.6878,41,44,43,42,42,41,43,43,42,43,43,42
1775548635.8881,41,44,43,42,42,41,43,43,42,43,43,42
1775548636.0884,41,44,43,42,42,41,43,43,42,43,43,42
1775548636.2888,42,43,43,42,42,41,43,43,42,43,43,42
1775548636.4893,41,43,42,42,42,41,43,43,42,43,43,42
1775548636.6896,42,43,43,42,42,41,43,44,42,43,43,42
1775548636.8901,42,44,42,42,42,41,43,43,42,43,43,42
1775548637.0905,41,43,42,42,42,41,43,43,43,43,43,42
1775548637.2907,41,44,43,42,42,41,43,43,42,43,43,42
1775548637.4910,41,43,43,42,42,41,43,43,42,43,43,42
1775548637.6914,41,44,43,42,42,41,43,43,42,43,43,42
1775548637.8919,42,44,43,42,42,41,43,43,42,43,43,42
1775548638.0922,41,44,42,42,42,41,43,43,42,43,43,42
1775548638.2925,41,44,43,42,42,41,43,43,42,43,43,42
1775548638.4929,41,44,43,42,42,41,43,43,42,42,43,42
1775548638.6933,41,43,42,42,42,41,43,43,42,43,43,42
1775548638.8938,41,43,43,42,42,41,43,43,42,43,43,42
1775548639.0946,41,43,43,42,42,41,42,43,43,43,43,42
1775548639.2949,41,44,42,42,42,41,43,43,42,43,43,42
1775548639.4951,42,44,42,42,42,41,43,43,42,43,43,42
1775548639.6957,42,43,42,42,42,41,43,43,42,43,43,42
1775548639.8962,41,43,43,42,42,41,43,43,42,43,43,42
1775548640.0965,42,43,42,42,42,41,43,43,42,43,43,42
1775548640.2967,41,44,43,42,42,41,43,44,42,43,43,42
1775548640.4971,42,43,43,42,42,41,43,43,42,43,43,42
1775548640.6974,42,44,43,42,42,41,43,43,42,42,43,42
1775548640.8977,42,43,42,42,42,41,43,43,42,43,43,42
1775548641.0979,41,44,43,42,42,41,43,43,42,43,43,42
1775548641.2981,41,43,43,42,42,41,43,43,42,43,43,42
1775548641.4985,41,43,43,42,42,41,43,43,42,43,43,42
1775548641.6989,41,43,42,42,42,41,43,43,43,43,43,42
1775548641.8991,41,43,42,42,42,41,43,43,42,43,43,42
1775548642.0994,42,43,43,42,42,41,43,43,42,43,43,42
1775548642.2999,41,44,43,42,42,41,43,43,43,43,43,42
1775548642.5002,41,43,43,42,42,41,43,43,42,42,43,42
1775548642.7004,41,44,43,42,42,41,43,43,42,43,43,42
1775548642.9007,42,43,43,42,42,41,43,43,42,43,43,42
1775548643.1009,41,44,42,42,42,41,43,43,42,43,43,42
1775548643.3012,41,44,43,42,42,41,43,43,42,43,43,42
1775548643.5015,41,44,43,42,42,41,43,43,42,43,43,42
1775548643.7017,42,44,42,42,42,41,43,43,42,43,43,42
1775548643.9020,41,44,42,42,42,41,43,43,42,43,43,42
1775548644.1020,41,44,42,42,42,41,43,43,42,43,43,42
1775548644.3023,41,44,42,42,42,41,43,43,42,43,43,42
1775548644.5027,42,44,42,42,42,41,43,43,42,43,43,42
1775548644.7030,42,43,43,42,42,41,43,43,42,43,43,42
1775548644.9032,41,44,43,42,42,41,43,43,42,43,43,42
1775548645.1037,42,44,42,42,42,41,43,44,42,43,43,42
1775548645.3041,41,44,42,42,42,41,42,43,42,43,43,42
1775548645.5045,41,44,42,42,42,41,43,43,42,43,43,42
1775548645.7047,41,44,43,42,42,41,43,43,42,43,43,42
1775548645.9052,41,44,42,42,42,41,43,43,42,43,43,42
1775548646.1054,41,44,42,42,42,41,42,44,42,43,43,42
1775548646.3057,41,44,42,42,42,41,43,43,42,43,43,42
1775548646.5069,41,44,43,42,42,41,43,43,42,43,43,42
1775548646.7071,41,44,43,42,42,41,43,43,42,43,43,42
1775548646.9074,42,44,42,42,42,41,43,43,42,43,43,42
1775548647.1077,42,44,42,42,42,41,43,43,42,43,43,42
1775548647.3080,42,44,42,42,42,41,43,43,42,43,43,42
1775548647.5087,41,44,43,42,42,41,43,43,42,43,43,42
1775548647.7089,41,44,43,42,42,41,43,43,42,43,43,42
1775548647.9094,41,44,42,42,42,41,43,43,42,43,43,42
1775548648.1102,41,44,42,42,42,41,43,43,42,43,43,42
1775548648.3105,41,43,43,42,42,41,43,43,42,43,43,42
1775548648.5108,41,43,43,42,42,41,42,43,42,43,43,42
1775548648.7112,42,44,42,42,42,41,43,43,43,43,43,42
1775548648.9118,41,44,43,42,42,41,43,43,42,43,43,42
1775548649.1120,42,44,42,42,42,41,43,43,42,43,43,42
1775548649.3123,42,44,43,42,42,41,43,43,42,43,43,42
1775548649.5137,42,44,42,42,42,41,43,43,42,43,43,42
1775548649.7142,41,44,42,42,42,41,43,43,42,43,43,42
1775548649.9144,41,43,43,42,42,41,43,43,42,43,43,42
1775548650.1147,42,44,42,42,42,41,43,43,42,43,43,42
1775548650.3153,41,44,43,42,42,41,43,44,42,43,43,42
1775548650.5155,41,44,42,42,42,41,43,43,42,42,43,42
1775548650.7158,41,44,42,42,42,41,43,43,42,43,43,42
1775548650.9161,42,44,43,42,42,41,43,43,42,43,43,42
1775548651.1164,41,44,42,42,42,41,43,43,42,43,43,42
1775548651.3167,41,43,43,42,42,41,42,43,42,43,43,42
1775548651.5169,42,44,42,42,42,41,43,43,42,43,43,42
1775548651.7172,41,44,43,42,42,41,43,43,42,43,43,42
1775548651.9176,42,44,43,42,42,41,43,43,42,43,43,42
1775548652.1178,42,44,43,42,42,41,43,43,42,43,43,42
1775548652.3184,41,44,43,42,42,41,43,43,42,43,43,42
1775548652.5190,41,43,43,42,42,41,43,43,42,43,43,42
1775548652.7192,41,44,43,42,42,41,42,43,42,43,43,42
1775548652.9195,41,44,43,42,42,41,43,43,42,42,43,42
1775548653.1205,42,44,43,42,42,41,43,43,42,43,43,42
1775548653.3209,42,44,43,42,42,41,43,43,42,43,43,42
1775548653.5212,42,44,43,42,42,41,43,43,43,43,43,42
1775548653.7215,42,44,43,42,42,41,43,43,42,43,43,42
1775548653.9218,42,44,43,42,42,41,43,43,42,43,43,42
1775548654.1221,41,44,43,42,42,41,43,43,42,43,43,42
1775548654.3226,42,44,43,42,42,41,43,43,42,43,43,42
1775548654.5228,41,43,42,42,42,41,43,43,42,43,43,42
1775548654.7230,42,44,42,42,42,41,43,44,42,43,43,42
1775548654.9234,41,44,42,42,42,41,43,43,42,43,43,42
1775548655.1237,42,44,43,42,42,41,43,43,42,43,43,42
1775548655.3240,41,43,42,42,42,41,42,43,42,43,43,42
1775548655.5242,42,44,43,42,42,41,43,44,42,43,43,42
1775548655.7245,42,44,43,42,42,41,43,43,43,43,43,42
1775548655.9248,42,44,43,42,42,41,43,43,42,43,43,42
1775548656.1252,41,44,43,42,42,41,43,43,42,43,43,42
1775548656.3255,42,44,43,42,42,41,43,43,42,43,43,42
1775548656.5261,42,44,43,42,42,41,43,43,42,43,43,42
1775548656.7265,42,44,43,42,42,41,43,43,42,43,43,42
1775548656.9278,41,44,43,42,42,41,43,43,42,43,43,42
1775548657.1281,41,43,43,42,42,41,42,43,43,43,43,42
1775548657.3284,42,44,43,42,42,41,43,43,42,43,43,42
1775548657.5285,42,44,43,42,42,41,43,43,42,43,43,42
1775548657.7287,41,44,43,42,42,41,43,43,42,43,43,42
1775548657.9290,42,44,43,42,42,41,43,44,42,43,43,42
1775548658.1295,42,44,43,42,42,41,43,43,42,43,43,42
1775548658.3297,42,44,43,42,42,41,43,43,42,43,43,42
1775548658.5301,41,44,42,42,42,41,43,43,42,43,43,42
1775548658.7304,41,44,43,42,42,41,43,43,42,43,43,42
1775548658.9307,41,44,42,42,42,41,43,43,43,43,43,42
1775548659.1310,42,44,43,42,42,41,43,43,42,43,43,42
1775548659.3315,42,44,43,42,42,41,43,43,42,43,43,42
1775548659.5318,41,44,43,42,42,41,43,43,42,43,43,42
1775548659.7320,41,44,42,42,42,41,43,44,42,43,43,42
1775548659.9326,41,44,43,42,42,41,43,44,42,43,43,42
1775548660.1329,42,44,43,42,42,41,43,43,42,43,43,42
1775548660.3331,41,44,43,42,42,41,43,43,43,43,43,42
1775548660.5334,42,44,43,42,42,41,43,43,42,43,43,42
1775548660.7342,42,44,42,42,42,41,43,43,43,43,43,42
1775548660.9346,42,44,43,42,42,41,43,43,42,43,43,42
1775548661.1355,42,43,43,42,42,41,43,43,42,43,43,42
1775548661.3360,41,44,43,42,42,41,43,43,42,43,43,42
1775548661.5373,41,44,43,42,42,41,43,43,42,43,43,42
1775548661.7377,42,44,43,42,42,41,43,44,42,43,43,42
1775548661.9381,42,44,43,42,42,41,43,43,42,43,43,42
1775548662.1383,42,44,43,42,42,41,43,43,42,43,43,42
1775548662.3390,42,44,43,42,42,41,43,43,42,43,43,42
1775548662.5392,42,44,43,42,42,41,43,43,42,43,43,42
1775548662.7395,42,44,43,42,42,41,43,43,42,43,43,42
1775548662.9397,42,44,43,42,42,41,43,43,42,43,43,42
1775548663.1401,42,44,43,42,42,41,43,43,43,43,43,42
1775548663.3404,42,44,43,42,42,41,43,43,43,43,43,42
1775548663.5413,41,44,43,42,42,41,43,44,42,43,43,42
1775548663.7418,41,44,43,42,42,41,43,43,42,43,43,42
1775548663.9420,42,44,43,42,42,41,43,43,42,43,43,42
1775548664.1425,42,44,43,42,42,41,43,44,42,43,43,42
1775548664.3429,42,44,43,42,42,41,43,43,43,43,43,42
1775548664.5445,42,44,43,42,42,41,43,43,42,43,43,42
1775548664.7449,42,44,43,42,42,41,43,43,43,43,43,42
1775548664.9452,42,44,43,42,42,41,43,43,43,43,43,42
1775548665.1455,42,44,43,42,42,41,43,43,43,43,43,42
1775548665.3458,41,44,43,42,42,41,43,43,42,43,43,42
1775548665.5466,41,44,43,42,42,41,43,43,42,43,43,42
1775548665.7469,42,44,43,42,42,41,43,43,42,43,43,42
1775548665.9472,42,44,43,42,42,41,43,43,42,43,43,42
1775548666.1479,42,44,43,42,42,41,43,43,42,43,43,42
1775548666.3484,42,44,43,42,42,41,43,43,43,43,43,42
1775548666.5488,42,44,43,42,42,41,43,43,43,43,43,43
1775548666.7492,42,44,43,42,42,41,43,43,42,43,43,42
1775548666.9494,42,44,43,42,42,41,43,43,43,43,43,43
1775548667.1497,42,44,43,42,42,41,43,43,43,43,43,42
1775548667.3502,42,44,43,42,42,41,43,43,43,43,43,42
1775548667.5505,42,44,43,42,42,41,43,43,43,43,43,43
1775548667.7509,42,44,43,42,42,41,43,43,43,43,43,42
1775548667.9518,42,44,43,42,42,41,43,43,43,43,43,42
1775548668.1525,41,44,43,42,42,41,43,43,43,43,43,42
1775548668.3529,42,44,43,42,42,41,43,43,43,43,43,42
1775548668.5532,42,44,43,42,42,41,43,43,43,43,43,42
1775548668.7535,42,44,43,42,42,41,43,43,43,43,43,43
1775548668.9539,42,44,43,42,42,41,43,43,43,43,43,43
1775548669.1541,41,44,43,42,42,41,43,44,43,43,43,43
1775548669.3544,42,44,43,42,42,41,43,43,43,43,43,43
1775548669.5548,42,44,43,42,42,41,43,43,43,43,43,43
1775548669.7551,42,44,43,42,42,41,43,44,43,43,43,42
1775548669.9571,42,44,43,42,42,41,43,43,43,43,43,43
1775548670.1577,42,44,43,42,42,41,43,43,43,43,43,43
1775548670.3579,42,44,43,42,42,41,43,43,43,43,43,43
1775548670.5582,42,44,43,42,42,41,43,43,43,43,43,43
1775548670.7585,42,44,43,42,42,41,43,43,43,43,43,43
1775548670.9588,42,44,43,42,42,41,43,44,43,43,43,43
1775548671.1591,42,44,43,42,42,41,43,43,43,43,43,43
1775548671.3594,42,44,43,42,42,41,43,43,43,43,43,43
1775548671.5596,42,44,43,42,42,41,43,43,43,43,43,43
1775548671.7599,42,44,43,42,42,41,43,43,43,43,43,43
1775548671.9602,42,44,43,42,42,41,43,43,43,43,43,43
1775548672.1605,42,44,43,42,42,41,43,43,43,43,43,43
1775548672.3607,42,44,43,42,42,41,43,43,43,43,43,43
1775548672.5610,42,44,43,42,42,41,43,44,43,43,43,43
1775548672.7612,42,44,43,42,42,41,43,43,43,43,43,43
1775548672.9615,42,44,43,42,42,41,43,44,43,43,43,43
1775548673.1618,42,44,43,42,42,41,42,43,43,43,43,43
1775548673.3620,42,44,43,42,42,41,43,44,43,43,43,43
1775548673.5623,42,44,43,42,42,41,43,44,43,43,43,43
1775548673.7627,42,44,43,42,42,41,43,43,43,43,43,43
1775548673.9635,42,44,43,42,42,41,43,43,43,43,43,43
1775548674.1640,42,44,43,42,42,41,43,44,43,43,43,43
1775548674.3643,42,44,43,42,42,41,43,43,43,43,43,43
1775548674.5659,42,44,43,42,42,41,43,44,43,43,43,43
1775548674.7660,42,44,43,42,42,41,43,43,43,43,43,43
1775548674.9663,42,44,43,42,42,41,43,43,43,43,43,43
1775548675.1666,42,44,43,42,42,41,43,44,43,43,43,43
1775548675.3671,42,44,43,42,42,41,43,44,43,43,43,43
1775548675.5675,42,44,43,42,42,41,43,44,43,43,43,43
1775548675.7678,42,44,43,42,42,41,43,44,43,43,43,43
1775548675.9681,42,44,43,42,42,41,43,43,43,43,43,43
1775548676.1683,42,44,43,42,42,41,43,43,43,43,43,43
1775548676.3686,42,44,43,42,42,41,43,43,43,43,43,43
1775548676.5688,42,44,43,42,42,41,43,44,43,43,43,43
1775548676.7691,42,44,43,42,42,41,43,44,43,43,43,43
1775548676.9693,42,44,43,42,42,41,43,44,43,43,43,43
1775548677.1696,42,44,43,42,42,41,42,44,43,43,43,43
1775548677.3699,42,44,43,42,42,41,43,44,43,43,43,43
1775548677.5701,42,44,43,42,42,41,43,44,43,43,43,43
1775548677.7704,42,44,43,42,42,41,43,43,43,43,43,43
1775548677.9708,42,44,43,42,42,41,43,44,43,43,43,43
1775548678.1712,42,44,43,42,42,41,43,44,43,43,43,43
1775548678.3714,42,44,43,42,42,41,43,43,43,43,43,43
1775548678.5720,42,44,43,42,42,41,43,44,43,43,43,43
1775548678.7724,42,44,43,42,42,41,43,44,43,43,43,43
1775548678.9728,42,44,43,42,42,41,43,44,43,43,43,43
1775548679.1730,42,44,43,42,42,41,43,44,43,43,43,43
1775548679.3733,42,44,43,42,42,41,43,44,43,43,43,43
1775548679.5736,42,44,43,42,42,41,43,43,43,43,43,43
1775548679.7738,42,44,43,42,42,41,43,43,43,43,43,43
1775548679.9741,42,44,43,42,42,41,43,43,43,43,43,43
1775548680.1744,42,44,43,42,42,41,43,44,43,43,43,43
1775548680.3747,42,44,43,42,42,41,43,43,43,43,43,43
1775548680.5749,42,44,43,42,42,41,43,44,43,43,43,43
1775548680.7752,42,44,43,42,42,41,43,44,43,43,43,43
1775548680.9754,42,44,43,42,42,41,43,43,43,43,43,43
1775548681.1757,42,44,43,42,42,41,43,43,43,43,43,43
1775548681.3762,42,44,43,42,42,41,43,44,43,43,43,43
1775548681.5764,42,44,43,42,42,41,43,44,43,43,43,43
1775548681.7767,42,44,43,42,42,41,43,43,43,43,43,43
1775548681.9770,42,44,43,42,42,41,43,44,43,43,43,43
1775548682.1773,42,44,43,42,42,41,43,44,43,43,43,43
1775548682.3777,42,44,43,42,42,41,43,44,43,43,43,43
1775548682.5781,42,44,43,42,42,41,43,44,43,43,43,43
1775548682.7784,42,44,43,42,42,41,43,43,43,43,43,43
1775548682.9788,42,44,43,42,42,41,43,44,43,43,43,43
1775548683.1790,42,44,43,42,42,41,43,44,43,43,43,43
1775548683.3793,42,44,43,42,42,41,42,44,43,43,43,43
1775548683.5797,42,44,43,42,42,41,43,44,43,43,43,43
1775548683.7799,42,44,43,42,42,41,43,44,43,43,43,43
1775548683.9802,42,44,43,42,42,41,43,43,43,43,43,43
1775548684.1806,42,44,43,42,42,41,43,44,43,43,43,43
1775548684.3809,42,44,43,42,42,41,43,44,43,43,43,43
1775548684.5811,42,44,43,42,42,41,43,44,43,43,43,43
1775548684.7815,41,44,43,42,42,41,43,44,43,43,43,43
1775548684.9818,42,44,43,42,42,41,43,44,43,43,43,43
1775548685.1837,42,44,43,42,42,41,43,43,43,43,43,43
1775548685.3839,42,44,43,42,42,41,43,44,43,43,43,43
1775548685.5842,42,44,43,42,42,41,43,44,43,43,43,43
1775548685.7844,42,44,43,42,42,41,43,43,43,43,43,43
1775548685.9847,42,44,43,42,42,41,43,44,43,43,43,43
1775548686.1849,42,44,43,42,42,41,43,43,43,43,43,43
1775548686.3853,42,44,43,42,42,41,43,44,43,43,43,43
1775548686.5856,42,44,43,42,42,41,43,44,43,43,43,43
1775548686.7859,42,44,43,42,42,41,43,43,43,43,43,43
1775548686.9862,42,44,43,42,42,41,43,44,43,43,43,43
1775548687.1870,41,44,43,42,42,41,43,44,43,43,43,43
1775548687.3881,42,44,43,42,42,41,43,44,43,43,43,43
1775548687.5883,42,44,43,42,42,41,43,44,43,43,43,43
1775548687.7891,42,44,43,42,42,41,43,44,43,43,43,43
1775548687.9894,42,44,43,42,42,41,43,43,43,43,43,43
1775548688.1896,42,44,43,42,42,41,43,43,43,43,43,43
1775548688.3900,42,44,43,42,42,41,43,44,43,43,43,43
1775548688.5912,42,44,43,42,42,41,43,44,43,43,43,43
1775548688.7922,42,44,43,42,42,41,43,43,43,43,43,43
1775548688.9926,42,44,43,42,42,41,43,44,43,43,43,43
1775548689.1929,41,44,43,42,42,41,43,43,43,43,43,43
1775548689.3931,42,44,43,42,42,41,43,43,43,43,43,43
1775548689.5934,42,44,43,42,42,41,43,43,43,43,43,43
1775548689.7936,42,44,43,42,42,41,43,44,43,43,43,43
1775548689.9944,42,44,43,42,42,41,43,44,43,43,43,43
1775548690.1950,42,44,43,42,42,41,43,43,43,43,43,43
1775548690.3952,42,44,43,42,42,41,43,43,43,43,43,43
1775548690.5955,42,44,43,42,42,41,43,43,43,43,43,43
1775548690.7958,42,44,43,42,42,41,43,44,43,43,43,43
1775548690.9960,42,44,43,42,42,41,43,43,43,43,43,43
1775548691.1963,42,44,43,42,42,41,43,44,43,43,43,43
1775548691.3965,42,44,43,42,42,41,43,44,43,43,43,43
1775548691.5968,42,44,43,42,42,41,43,44,43,43,43,43
1775548691.7971,42,44,43,42,42,41,43,43,43,43,43,43
1775548691.9974,42,44,43,42,42,41,43,44,43,43,43,43
1775548692.1976,42,44,43,42,42,41,43,44,43,43,43,43
1775548692.3979,42,44,43,42,42,41,43,44,43,43,43,43
1775548692.5982,42,44,43,42,42,41,43,44,43,43,43,43
1775548692.7984,42,44,43,42,42,41,43,44,43,43,43,43
1775548692.9987,42,44,43,42,42,41,43,44,43,43,43,43
1775548693.1989,42,44,43,42,42,41,43,44,43,43,43,43
1775548693.3992,42,44,43,42,42,41,43,43,43,43,43,43
1775548693.5994,42,44,43,42,42,41,43,44,43,43,43,43
1775548693.7997,42,44,43,42,42,41,43,43,43,43,43,43
1775548694.0000,42,44,43,42,42,41,43,44,43,43,43,43
1775548694.2002,42,44,43,42,42,41,43,43,43,43,43,43
1775548694.4005,42,44,43,42,42,41,43,43,43,43,43,43
1775548694.6008,42,44,43,42,42,41,43,44,43,43,43,43
1775548694.8011,42,44,43,42,42,41,43,44,43,43,43,43
1775548695.0015,42,44,43,42,42,41,43,43,43,43,43,43
1775548695.2018,41,44,43,42,42,41,43,43,43,43,43,43
1775548695.4021,42,44,43,42,42,41,43,43,43,43,43,43
1775548695.6023,41,44,43,42,42,41,43,44,43,43,43,43
1775548695.8026,42,44,43,42,42,41,43,44,43,43,43,43
1775548696.0028,42,44,43,42,42,41,43,44,43,43,43,43
1775548696.2032,42,44,43,42,42,41,43,43,43,43,43,43
1775548696.4038,42,44,43,42,42,41,43,44,43,43,43,43
1775548696.6041,42,44,43,42,42,41,43,44,43,43,43,43
1775548696.8044,42,44,43,42,42,41,43,43,43,43,43,43
1775548697.0046,42,44,43,42,42,41,43,43,43,43,43,43
1775548697.2050,42,44,43,42,42,41,43,43,43,43,43,43
1775548697.4053,42,44,43,42,42,41,43,43,43,43,43,43
1775548697.6055,42,44,43,42,42,41,43,44,43,43,43,43
1775548697.8061,42,44,43,42,42,41,43,44,43,43,43,43
1775548698.0064,42,44,43,42,42,41,43,44,43,43,43,43
1775548698.2068,42,44,43,42,42,41,43,44,43,43,43,43
1775548698.4072,41,44,43,42,42,41,43,43,43,43,43,43
1775548698.6075,42,44,43,42,42,41,43,44,43,43,43,43
1775548698.8078,42,44,43,42,42,41,43,43,43,43,43,43
1775548699.0087,42,44,43,42,42,41,43,43,43,43,43,43
1775548699.2091,42,44,43,42,42,41,43,43,43,43,43,43
1775548699.4094,42,44,43,42,42,41,43,44,43,43,43,43
1775548699.6096,42,44,43,42,42,41,43,43,43,43,43,43
1775548699.8100,42,44,43,42,42,41,43,44,43,43,43,43
1775548700.0103,41,44,43,42,42,41,43,44,43,43,43,43
1775548700.2105,42,44,43,42,42,41,43,44,43,43,43,43
1775548700.4155,42,44,43,42,42,41,43,43,43,43,43,43
1775548700.6157,42,44,43,42,42,41,43,43,43,43,43,43
1775548700.8163,42,44,43,42,42,41,43,44,43,43,43,43
1775548701.0165,42,44,43,42,42,41,43,43,43,43,43,43
1775548701.2168,42,44,43,42,42,41,43,44,43,43,43,43
1775548701.4171,42,44,43,42,42,41,43,44,43,43,43,43
1775548701.6174,42,44,43,42,42,41,43,43,43,43,43,43
1775548701.8176,42,44,43,42,42,41,43,43,43,43,43,43
1775548702.0179,42,44,43,42,42,41,43,43,43,43,43,43
1775548702.2182,42,44,43,42,42,41,43,44,43,43,43,43
1775548702.4185,42,44,43,42,42,41,43,43,43,43,43,43
1775548702.6188,42,44,43,42,42,41,43,44,43,43,43,43
1775548702.8190,42,44,43,42,42,41,43,44,43,43,43,43
1775548703.0193,42,44,43,42,42,41,43,44,43,43,43,43
1775548703.2195,42,44,43,42,42,41,43,44,43,43,43,43
1775548703.4198,42,44,43,42,42,41,43,44,43,43,43,43
1775548703.6202,42,44,43,42,42,41,43,43,43,43,43,43
1775548703.8205,42,44,43,42,42,41,43,43,43,43,43,43
1775548704.0209,42,44,43,42,42,41,43,44,43,43,43,43
1775548704.2211,42,44,43,42,42,41,43,44,43,43,43,43
1775548704.4215,42,44,43,42,42,41,43,44,43,43,43,43
1775548704.6221,42,44,43,42,42,41,43,44,43,43,43,43
1775548704.8224,42,44,43,42,42,41,43,44,43,43,43,43
1775548705.0226,42,44,43,42,42,41,43,44,43,43,43,43
1775548705.2229,42,44,43,42,42,41,43,44,43,43,43,43
1775548705.4232,42,44,43,42,42,41,43,43,43,43,43,43
1775548705.6234,42,44,43,42,42,41,43,44,43,43,43,43
1775548705.8237,42,44,43,42,42,41,43,43,43,43,43,43
1775548706.0241,42,44,43,42,42,41,42,44,43,43,43,43
1775548706.2243,42,44,43,42,42,41,43,44,43,43,43,43
1775548706.4246,42,44,43,42,42,41,43,43,43,43,43,43
1775548706.6248,42,44,43,42,42,41,43,43,43,43,43,43
1775548706.8252,42,44,43,42,42,41,43,43,43,43,43,43
1775548707.0255,42,44,43,42,42,41,43,44,43,43,43,43
1775548707.2272,42,44,43,42,42,41,43,43,43,43,43,43
1775548707.4274,42,44,43,42,42,41,43,44,43,43,43,43
1775548707.6278,42,44,43,42,42,41,43,43,43,43,43,43
1775548707.8281,42,44,43,42,42,41,43,43,43,43,43,43
1775548708.0284,42,44,43,42,42,41,43,44,43,43,43,43
1775548708.2287,42,44,43,42,42,41,43,44,43,43,43,43
1775548708.4290,42,44,43,42,42,41,43,44,43,43,43,43
1775548708.6293,42,44,43,42,42,41,43,43,43,43,43,43
1775548708.8296,42,44,43,42,42,41,43,44,43,43,43,43
1775548709.0299,42,44,43,42,42,41,43,43,43,43,43,43
1775548709.2301,42,44,43,42,42,41,43,44,43,43,43,43
1775548709.4303,42,44,43,42,42,41,43,43,43,43,43,43
1775548709.6309,42,44,43,42,42,41,43,44,43,43,43,43
1775548709.8313,42,44,43,42,42,41,43,43,43,43,43,43
1775548710.0322,42,44,43,42,42,41,43,44,43,43,43,43
1775548710.2325,42,44,43,42,42,41,43,44,43,43,43,43
1775548710.4327,42,44,43,42,42,41,43,44,43,43,43,43
1775548710.6330,42,44,43,42,42,41,43,43,43,43,43,43
1775548710.8333,42,44,43,42,42,41,43,44,43,43,43,43
1775548711.0336,42,44,43,42,42,41,43,43,43,43,43,43
1775548711.2338,42,44,43,42,42,41,43,44,43,43,43,43
1775548711.4345,42,44,43,42,42,41,43,44,43,43,43,43
1775548711.6351,42,44,43,42,42,41,43,44,43,43,43,43
1775548711.8354,42,44,43,42,42,41,43,43,43,43,43,43
1775548712.0358,42,44,43,42,42,41,43,43,43,43,43,43
1775548712.2360,42,44,43,42,42,41,43,44,43,43,43,43
1775548712.4365,42,44,43,42,42,41,42,43,43,43,43,43
1775548712.6369,42,44,43,42,42,41,43,44,43,43,43,43
1775548712.8376,42,44,43,42,42,41,43,43,43,43,43,43
1775548713.0378,41,44,43,42,42,41,43,43,43,43,43,43
1775548713.2389,42,44,43,42,42,41,43,44,43,43,43,43
1775548713.4392,42,44,43,42,42,41,43,44,43,43,43,43
1775548713.6395,41,44,43,42,42,41,43,44,43,43,43,43
1775548713.8398,42,44,43,42,42,41,43,44,43,43,43,43
1775548714.0400,42,44,43,42,42,41,43,44,43,43,43,43
1775548714.2403,42,44,43,42,42,41,43,43,43,43,43,43
1775548714.4406,42,44,43,42,42,41,43,43,43,43,43,43
1775548714.6410,42,44,43,42,42,41,43,44,43,43,43,43
1775548714.8415,41,44,43,42,42,41,43,44,43,43,43,43
1775548715.0418,42,44,43,42,42,41,43,43,43,43,43,43
1775548715.2420,42,44,43,42,42,41,43,43,43,43,43,43
1775548715.4425,42,44,43,42,42,41,43,44,43,43,43,43
1775548715.6428,42,44,43,42,42,41,43,43,43,43,43,43
1775548715.8431,42,44,43,42,42,41,43,44,43,43,43,43
1775548716.0434,42,44,43,42,42,41,43,44,43,43,43,43
1775548716.2437,42,44,43,42,42,41,43,44,43,43,43,43
1775548716.4440,42,44,43,42,42,41,43,44,43,43,43,43
1775548716.6443,42,44,43,42,42,41,43,43,43,43,43,43
1775548716.8445,42,44,43,42,42,41,43,44,43,43,43,43
1775548717.0448,42,44,43,42,42,41,43,43,43,43,43,43
1775548717.2451,42,44,43,42,42,41,43,44,43,43,43,43
1775548717.4453,42,44,43,42,42,41,43,44,43,43,43,43
1775548717.6456,42,44,43,42,42,41,43,44,43,43,43,43
1775548717.8459,42,44,43,42,42,41,43,44,43,43,43,43
1775548718.0463,42,44,43,42,42,41,43,43,43,43,43,43
1775548718.2466,42,44,43,42,42,41,43,43,43,43,43,43
1775548718.4468,42,44,43,42,42,41,43,44,43,43,43,43
1775548718.6471,42,44,43,42,42,41,43,44,43,43,43,43
1775548718.8474,41,44,43,42,42,41,43,44,43,43,43,43
1775548719.0476,42,44,43,42,42,41,43,44,43,43,43,43
1775548719.2479,42,44,43,42,42,41,43,44,43,43,43,43
1775548719.4481,42,44,43,42,42,41,43,44,43,43,43,43
1775548719.6484,42,44,43,42,42,41,43,43,43,43,43,43
1775548719.8489,42,44,43,42,42,41,43,43,43,43,43,43
1775548720.0491,42,44,43,42,42,41,43,44,43,43,43,43
1775548720.2494,42,44,43,42,42,41,43,43,43,43,43,43
1775548720.4496,42,44,43,42,42,41,43,44,43,43,43,43
1775548720.6499,41,44,43,42,42,41,43,44,43,43,43,43
1775548720.8502,42,44,43,42,42,41,43,44,43,43,43,43
1775548721.0505,42,44,43,42,42,41,43,43,43,43,43,43
1775548721.2507,42,44,43,42,42,41,43,44,43,43,43,43
1775548721.4510,42,44,43,42,42,41,43,44,43,43,43,43
1775548721.6519,42,44,43,42,42,41,43,43,43,43,43,43
1775548721.8521,42,44,43,42,42,41,43,44,43,43,43,43
1775548722.0526,42,44,43,42,42,41,43,43,43,43,43,43
1775548722.2535,42,44,43,42,42,41,43,43,43,43,43,43
1775548722.4538,42,44,43,42,42,41,43,44,43,43,43,43
1775548722.6543,42,44,43,42,42,41,43,44,43,43,43,43
1775548722.8546,42,44,43,42,42,41,43,43,43,43,43,43
1775548723.0548,42,44,43,42,42,41,43,43,43,43,43,43
1775548723.2551,42,44,43,42,42,41,43,44,43,43,43,43
1775548723.4554,42,44,43,42,42,41,43,44,43,43,43,43
1775548723.6556,42,44,43,42,42,41,43,44,43,43,43,43
1775548723.8560,42,44,43,42,42,41,43,44,43,43,43,43
1775548724.0563,42,44,43,42,42,41,43,44,43,43,43,43
1775548724.2569,42,44,43,42,42,41,43,44,43,43,43,43
1775548724.4574,42,44,43,42,42,41,43,44,43,43,43,43
1775548724.6578,42,44,43,42,42,41,43,44,43,43,43,43
1775548724.8582,42,44,43,42,42,41,43,44,43,43,43,43
1775548725.0598,42,44,43,42,42,41,43,44,43,43,43,43
1775548725.2601,42,44,43,42,42,41,43,44,43,43,43,43
1775548725.4605,42,44,43,42,42,41,43,44,43,43,43,43
1775548725.6609,42,44,43,42,42,41,43,44,43,43,43,43
1775548725.8616,41,44,43,42,42,41,43,44,43,43,43,43
1775548726.0634,42,44,43,42,42,41,43,44,43,43,43,43
1775548726.2640,42,44,43,42,42,41,43,44,43,43,43,43
1775548726.4646,42,44,43,42,42,41,43,43,43,43,43,43
1775548726.6649,42,44,43,42,42,41,43,44,43,43,43,43
1775548726.8652,42,44,43,42,42,41,43,44,43,43,43,43
1775548727.0655,41,44,43,42,42,41,43,43,43,43,43,43
1775548727.2658,42,44,43,42,42,41,43,44,43,43,43,43
1775548727.4662,42,44,43,42,42,41,43,44,43,43,43,43
1775548727.6667,42,44,43,42,42,41,43,43,43,43,43,43
1775548727.8670,42,44,43,42,42,41,43,44,43,43,43,43
1775548728.0672,42,44,43,42,42,41,43,44,43,43,43,43
1775548728.2675,42,44,43,42,42,41,43,44,43,43,43,43
1775548728.4677,42,44,43,42,42,41,43,43,43,43,43,43
1775548728.6681,42,44,43,42,42,41,43,43,43,43,43,43
1775548728.8683,42,44,43,42,42,41,43,44,43,43,43,43
1775548729.0686,42,44,43,42,42,41,43,44,43,43,43,43
1775548729.2689,42,44,43,42,42,41,43,44,43,43,43,43
1775548729.4691,42,44,43,42,42,41,43,44,43,43,43,43
1775548729.6694,42,44,43,42,42,41,43,43,43,43,43,43
1775548729.8696,42,44,43,42,42,41,43,44,43,43,43,43
1775548730.0699,42,44,43,42,42,41,43,43,43,43,43,43
1775548730.2702,42,44,43,42,42,41,43,44,43,43,43,43
1775548730.4705,42,44,43,42,42,41,43,43,43,43,43,43
1775548730.6710,42,44,43,42,42,41,43,43,43,43,43,43
1775548730.8713,41,44,43,42,42,41,43,44,43,43,43,43
1775548731.0719,42,44,43,42,42,41,43,44,43,43,43,43
1775548731.2722,42,44,43,42,42,41,43,44,43,43,43,43
1775548731.4725,41,44,43,42,42,41,43,44,43,43,43,43
1775548731.6727,42,44,43,42,42,41,43,43,43,43,43,43
1775548731.8732,42,44,43,42,42,41,43,44,43,43,43,43
1775548732.0733,42,44,43,42,42,41,43,44,43,43,43,43
1775548732.2741,42,44,43,42,42,41,43,44,43,43,43,43
1775548732.4749,42,44,43,42,42,41,43,44,43,43,43,43
1775548732.6752,42,44,43,42,42,41,43,43,43,43,43,43
1775548732.8757,42,44,43,42,42,41,43,44,43,43,43,43
1775548733.0762,42,44,43,42,42,41,43,44,43,43,43,43
1775548733.2766,42,44,43,42,42,41,43,44,43,43,43,43
1775548733.4804,42,44,43,42,42,41,43,44,43,43,43,43
1775548733.6809,42,44,43,42,42,41,43,43,43,43,43,43
1775548733.8820,41,44,43,42,42,41,43,44,43,43,43,43
1775548734.0825,42,44,43,42,42,41,43,43,43,43,43,43
1775548734.2828,42,44,43,42,42,41,43,44,43,43,43,43
1775548734.4836,42,44,43,42,42,41,43,44,43,43,43,43
1775548734.6838,42,44,43,42,42,41,43,44,43,43,43,43
1775548734.8849,42,44,43,42,42,41,43,44,43,43,43,43
1775548735.0855,42,44,43,42,42,41,43,44,43,43,43,43
1775548735.2857,42,44,43,42,42,41,43,43,43,43,43,43
1775548735.4860,42,44,43,42,42,41,43,43,43,43,43,42
1775548735.6864,42,44,43,42,42,41,43,44,43,43,43,43
1775548735.8866,42,44,43,42,42,41,43,43,43,43,43,43
1775548736.0871,42,44,43,42,42,41,43,44,43,43,43,43
1775548736.2873,42,44,43,42,42,41,43,44,43,43,43,43
1775548736.4876,42,44,43,42,42,41,43,44,43,43,43,43
1775548736.6878,42,44,43,42,42,41,43,44,43,43,43,43
1775548736.8881,42,44,43,42,42,41,43,44,43,43,43,43
1775548737.0884,42,44,43,42,42,41,43,44,43,43,43,43
1775548737.2888,42,44,43,42,42,41,43,44,43,43,43,43
1775548737.4891,42,44,43,42,42,41,43,44,43,43,43,43
1775548737.6893,42,44,43,42,42,41,43,43,43,43,43,43
1775548737.8896,42,44,43,42,42,41,43,44,43,43,43,43
1775548738.0899,42,44,43,42,42,41,43,44,43,43,43,43
1775548738.2901,42,44,43,42,42,41,43,44,43,43,43,43
1775548738.4903,42,44,43,42,42,41,43,44,43,43,43,43
1775548738.6906,42,44,43,42,42,41,43,44,43,43,43,43
1775548738.8908,42,44,43,42,42,41,43,44,43,43,43,42
1775548739.0911,42,44,43,42,42,41,43,44,43,43,43,43
1775548739.2913,41,44,43,42,42,41,43,44,43,43,43,43
1775548739.4916,42,44,43,42,42,41,43,44,43,43,43,43
1775548739.6918,42,44,43,42,42,41,43,43,43,43,43,43
1775548739.8922,42,44,43,42,42,41,43,44,43,43,43,43
1775548740.0927,42,44,43,42,42,41,43,44,43,43,43,43
1775548740.2930,42,44,43,42,42,41,43,44,43,43,43,43
1775548740.4933,42,44,43,42,42,41,43,44,43,43,43,43
1775548740.6937,42,44,43,42,42,41,43,44,43,43,43,43
1775548740.8940,42,44,43,42,42,41,43,44,43,43,43,43
1775548741.0947,42,44,43,42,42,41,43,44,43,43,43,43
1775548741.2949,42,44,43,42,42,41,43,43,43,43,43,43
1775548741.4952,42,44,43,42,42,41,43,44,43,43,43,43
1775548741.6964,42,44,43,42,42,41,43,44,43,43,43,43
1775548741.8967,42,44,43,42,42,41,43,44,43,43,43,43
1775548742.0970,42,44,43,42,42,41,43,43,43,43,43,43
1775548742.2972,42,44,43,42,42,41,43,44,43,43,43,43
1775548742.4975,42,44,43,42,42,41,43,44,43,43,43,43
1775548742.6978,42,44,43,42,42,41,43,44,43,43,43,43
1775548742.8980,42,44,43,42,42,41,43,44,43,43,43,43
1775548743.0984,42,44,43,42,42,41,43,44,43,43,43,43
1775548743.2987,42,44,43,42,42,41,43,44,43,43,43,43
1775548743.4990,42,44,43,42,42,41,43,44,43,43,43,43
1775548743.6996,42,44,43,42,42,41,43,44,43,43,43,43
1775548743.8998,42,44,43,42,42,41,43,44,43,43,43,43
1775548744.1001,42,44,43,42,42,41,43,44,43,43,43,43
1775548744.3004,42,44,43,42,42,41,43,44,43,43,43,43
1775548744.5006,42,44,43,42,42,41,43,44,43,43,43,43
1775548744.7009,42,44,43,42,42,41,43,44,43,43,43,43
1775548744.9016,42,44,43,42,42,41,43,43,43,43,43,43
1775548745.1020,42,44,43,42,42,41,43,44,43,43,43,43
1775548745.3021,42,44,43,42,42,41,43,44,43,43,43,43
1775548745.5023,42,44,43,42,42,41,43,44,43,43,43,43
1775548745.7026,42,44,43,42,42,41,43,44,43,43,43,43
1775548745.9031,42,44,43,42,42,41,43,44,43,43,43,43
1775548746.1034,42,44,43,42,42,41,43,44,43,43,43,43
1775548746.3038,42,44,43,42,42,41,43,44,43,43,43,43
1775548746.5045,42,44,43,42,42,41,43,44,43,43,43,43
1775548746.7057,42,44,43,42,42,41,43,44,43,43,43,43
1775548746.9059,42,44,43,42,42,41,43,44,43,43,43,42
1775548747.1061,42,44,43,42,42,41,43,44,43,43,43,43
1775548747.3064,42,44,43,42,42,41,43,44,43,43,43,43
1775548747.5070,42,44,43,42,42,41,43,44,43,43,43,43
1775548747.7073,42,44,43,42,42,41,43,43,43,43,43,43
1775548747.9077,42,44,43,42,42,41,43,44,43,43,43,43
1775548748.1079,42,44,43,42,42,41,43,44,43,43,43,43
1775548748.3083,42,44,43,42,42,41,43,43,43,43,43,43
1775548748.5087,42,44,43,42,42,41,43,44,43,43,43,43
1775548748.7091,42,44,43,42,42,41,43,43,43,43,43,43
1775548748.9093,42,44,43,42,42,41,43,44,43,43,43,43
1775548749.1096,42,44,43,42,42,41,43,43,43,43,43,43
1775548749.3099,42,44,43,42,42,41,43,43,43,43,43,43
1775548749.5100,42,44,43,42,42,41,43,44,43,43,43,43
1775548749.7103,42,44,43,42,42,41,43,44,43,43,43,43
1775548749.9106,42,44,43,42,42,41,43,44,43,43,43,43
1775548750.1111,42,44,43,42,42,41,43,44,43,43,43,43
1775548750.3114,42,44,43,42,42,41,43,43,43,43,43,43
1775548750.5119,42,44,43,42,42,41,43,44,43,43,43,43
1775548750.7121,42,44,43,42,42,41,43,44,43,43,43,43
1775548750.9126,42,44,43,42,42,41,43,44,43,43,43,43
1775548751.1139,42,44,43,42,42,41,43,44,43,43,43,43
1775548751.3141,42,44,43,42,42,41,43,44,43,43,43,43
1775548751.5143,42,44,43,42,42,41,43,44,43,43,43,43
1775548751.7144,42,44,43,42,42,41,43,44,43,43,43,43
1775548751.9147,42,44,43,42,42,41,43,43,43,43,43,42
1775548752.1150,42,44,43,42,42,41,43,44,43,43,43,43
1775548752.3156,42,44,43,42,42,41,43,44,43,43,43,43
1775548752.5160,42,44,43,42,42,41,43,44,43,43,43,42
1775548752.7163,42,44,43,42,42,41,43,44,43,43,43,43
1775548752.9166,42,44,43,42,42,41,43,43,43,43,43,43
1775548753.1168,42,44,43,42,42,41,43,44,43,43,43,43
1775548753.3173,42,44,43,42,42,41,43,44,43,43,43,43
1775548753.5176,42,44,43,42,42,41,43,43,43,43,43,43
1775548753.7185,42,44,43,42,42,41,43,44,43,43,43,43
1775548753.9188,42,44,43,42,42,41,43,44,43,43,43,43
1775548754.1190,42,44,43,42,42,41,43,44,43,43,43,43
1775548754.3197,42,44,43,42,42,41,43,44,43,43,43,43
1775548754.5202,42,44,43,42,42,41,43,44,43,43,43,43
1775548754.7205,42,44,43,42,42,41,43,43,43,43,43,43
1775548754.9208,41,44,43,42,42,41,43,43,43,43,43,43
1775548755.1211,42,44,43,42,42,41,43,44,43,43,43,43
1775548755.3216,42,44,43,42,42,41,43,44,43,43,43,43
1775548755.5218,42,44,43,42,42,41,43,43,43,43,43,43
1775548755.7245,42,44,43,42,42,41,43,43,43,43,43,43
1775548755.9248,42,44,43,42,42,41,43,44,43,43,43,43
1775548756.1253,42,44,43,42,42,41,43,44,43,43,43,43
1775548756.3255,42,44,43,42,42,41,43,44,43,43,43,43
1775548756.5258,42,44,43,42,42,41,43,44,43,43,43,43
1775548756.7262,42,44,43,42,42,41,43,44,43,43,43,43
1775548756.9266,42,44,43,42,42,41,43,44,43,43,43,43
1775548757.1269,42,44,43,42,42,41,43,44,43,43,43,43
1775548757.3271,42,44,43,42,42,41,43,44,43,43,43,43
1775548757.5281,42,44,43,42,42,41,43,44,43,43,43,43
1775548757.7284,42,44,43,42,42,41,43,43,43,43,43,43
1775548757.9287,42,44,43,42,42,41,43,43,43,43,43,43
1775548758.1294,42,44,43,42,42,41,43,44,43,43,43,43
1775548758.3300,42,44,43,42,42,41,43,44,43,43,43,43
1775548758.5303,42,44,43,42,42,41,43,44,43,43,43,43
1775548758.7312,42,44,43,42,42,41,43,44,43,43,43,43
1775548758.9316,42,44,43,42,42,41,43,44,43,43,43,43
1775548759.1319,42,44,43,42,42,41,43,44,43,43,43,43
1775548759.3324,42,44,43,42,42,41,43,44,43,43,43,43
1775548759.5327,42,44,43,42,42,41,43,44,43,43,43,43
1775548759.7330,42,44,43,42,42,41,43,44,43,43,43,43
1775548759.9332,42,44,43,42,42,41,43,44,43,43,43,43
1775548760.1348,42,44,43,42,42,41,43,44,43,43,43,43
1775548760.3354,42,44,43,42,42,41,43,44,43,43,43,43
1775548760.5357,42,44,43,42,42,41,43,44,43,43,43,43
1775548760.7359,42,44,43,42,42,41,43,43,43,43,43,43
1775548760.9364,42,44,43,42,42,41,43,44,43,43,43,43
1775548761.1366,42,44,43,42,42,41,43,43,43,43,43,43
1775548761.3369,42,44,43,42,42,41,43,44,43,43,43,43
1775548761.5372,42,44,43,42,42,41,43,44,43,43,43,43
1775548761.7415,42,44,43,42,42,41,43,44,43,43,43,43
1775548761.9419,42,44,43,42,42,41,43,44,43,43,43,43
1775548762.1421,42,44,43,42,42,41,43,44,43,43,43,43
1775548762.3432,42,44,43,42,42,41,43,44,43,43,43,43
1775548762.5438,42,44,43,42,42,41,43,43,43,43,43,43
1775548762.7444,42,44,43,42,42,41,43,44,43,43,43,43
1775548762.9462,42,44,43,42,42,41,43,43,43,43,43,43
1775548763.1473,42,44,43,42,42,41,43,44,43,43,43,43
1775548763.3487,42,44,43,42,42,41,43,44,43,43,43,43
1775548763.5490,42,44,43,42,42,41,43,44,43,43,43,43
1775548763.7495,42,44,43,42,42,41,43,44,43,43,43,43
1775548763.9497,42,44,43,42,42,41,43,44,43,43,43,43
1775548764.1500,42,44,43,42,42,41,43,44,43,43,43,43
1775548764.3504,42,44,43,42,42,41,43,44,43,43,43,43
1775548764.5509,42,44,43,42,42,41,43,43,43,43,43,43
1775548764.7514,42,44,43,42,42,41,43,44,43,43,43,43
1775548764.9519,42,44,43,42,42,41,43,44,43,43,43,43
1775548765.1522,42,44,43,42,42,41,43,44,43,43,43,43
1775548765.3525,42,44,43,42,42,41,43,44,43,43,43,43
1775548765.5527,42,44,43,42,42,41,43,43,43,43,43,43
1775548765.7530,42,44,43,42,42,41,43,44,43,43,43,43
1775548765.9533,42,44,43,42,42,41,43,44,43,43,43,43
1775548766.1535,42,44,43,42,42,41,43,44,43,43,43,43
1775548766.3538,42,44,43,42,42,41,43,44,43,43,43,43
1775548766.5540,42,44,43,42,42,41,43,44,43,43,43,43
1775548766.7543,42,44,43,42,42,41,43,44,43,43,43,43
1775548766.9547,42,44,43,42,42,41,43,44,43,43,43,43
1775548767.1550,42,44,43,42,42,41,43,44,43,43,43,43
1775548767.3554,42,44,43,42,42,41,43,44,43,43,43,43
1775548767.5556,42,44,43,42,42,41,43,44,43,43,43,43
1775548767.7560,42,44,43,42,42,41,43,44,43,43,43,43
1775548767.9562,42,44,43,42,42,41,43,44,43,43,43,43
1775548768.1565,42,44,43,42,42,41,43,44,43,43,43,43
1775548768.3567,42,44,43,42,42,41,43,44,43,43,43,43
1775548768.5570,42,44,43,42,42,41,43,44,43,43,43,43
1775548768.7572,42,44,43,42,42,41,43,44,43,43,43,43
1775548768.9576,42,44,43,42,42,41,43,44,43,43,43,43
1775548769.1579,42,44,43,42,42,41,43,44,43,43,43,43
1775548769.3581,42,44,43,42,42,41,43,44,43,43,43,43
1775548769.5588,42,44,43,42,42,41,43,44,43,43,43,43
1775548769.7593,42,44,43,42,42,41,43,44,43,43,43,43
1775548769.9598,42,44,43,42,42,41,43,44,43,43,43,43
1775548770.1607,42,44,43,42,42,41,43,44,43,43,43,43
1775548770.3609,42,44,43,42,42,41,43,44,43,43,43,43
1775548770.5612,42,44,43,42,42,41,43,44,43,43,43,43
1775548770.7618,42,44,43,42,42,41,43,44,43,43,43,43
1775548770.9621,42,44,43,42,42,41,43,44,43,43,43,43
1775548771.1630,42,44,43,42,42,41,43,44,43,43,43,43
1775548771.3637,42,44,43,42,42,41,43,44,43,43,43,43
1775548771.5640,42,44,43,42,42,41,43,44,43,43,43,43
1775548771.7643,42,44,43,42,42,41,43,44,43,43,43,43
1775548771.9645,42,44,43,42,42,41,43,44,43,43,43,43
1775548772.1651,42,44,43,42,42,41,43,44,43,43,43,43
1775548772.3654,42,44,43,42,42,41,43,44,43,43,43,43
1775548772.5659,42,44,43,42,42,41,43,44,43,43,43,43
1775548772.7661,42,44,43,42,42,41,43,44,43,43,43,43
1775548772.9663,42,44,43,42,42,41,43,44,43,43,43,43
1775548773.1668,42,44,43,42,42,41,43,44,43,43,43,43
1775548773.3671,42,44,43,42,42,41,43,44,43,43,43,43
1775548773.5674,42,44,43,42,42,41,43,44,43,43,43,43
1775548773.7681,42,44,43,42,42,41,43,44,43,43,43,43
1775548773.9685,42,44,43,42,42,41,43,44,43,43,43,43
1775548774.1689,42,44,43,42,42,41,43,44,43,43,43,43
1775548774.3691,42,44,43,42,42,41,43,44,43,43,43,43
1775548774.5706,42,44,43,42,42,41,43,44,43,43,43,43
1775548774.7709,42,44,43,42,42,41,43,44,43,43,43,43
1775548774.9712,42,44,43,42,42,41,43,44,43,43,43,43
1775548775.1716,42,44,43,42,42,41,43,44,43,43,43,43
1775548775.3718,42,44,43,42,42,41,43,44,43,43,43,43
1775548775.5722,42,44,43,42,42,41,43,43,43,43,43,43
1775548775.7727,42,44,43,42,42,41,43,44,43,43,43,43
1775548775.9729,42,44,43,42,42,41,43,44,43,43,43,43
1775548776.1731,42,44,43,42,42,41,43,44,43,43,43,43
1775548776.3734,42,44,43,42,42,41,43,44,43,43,43,43
1775548776.5737,42,44,43,42,42,41,43,44,43,43,43,43
1775548776.7740,42,44,43,42,42,41,43,44,43,43,43,43
1775548776.9743,42,44,43,42,42,41,43,44,43,43,43,43
1775548777.1748,42,44,43,42,42,41,43,44,43,43,43,43
1775548777.3751,42,44,43,42,42,41,43,43,43,43,43,43
1775548777.5753,42,44,43,42,42,41,43,44,43,43,43,43
1775548777.7757,42,44,43,42,42,41,43,44,43,43,43,43
1775548777.9760,42,44,43,42,42,41,43,44,43,43,43,43
1775548778.1763,42,44,43,42,42,41,43,44,43,43,43,43
1775548778.3766,42,44,43,42,42,41,43,44,43,43,43,43
1775548778.5768,42,44,43,42,42,41,43,44,43,43,43,43
1775548778.7772,42,44,43,42,42,41,43,44,43,43,43,43
1775548778.9777,42,44,43,42,42,41,43,44,43,43,43,43
1775548779.1779,42,44,43,42,42,41,43,44,43,43,43,43
1775548779.3782,42,44,43,42,42,41,43,44,43,43,43,43
1775548779.5785,42,44,43,42,42,41,43,44,43,43,43,43
1775548779.7788,42,44,43,42,42,41,43,44,43,43,43,43
1775548779.9791,42,44,43,42,42,41,43,44,43,43,43,43
1775548780.1796,42,44,43,42,42,41,43,43,43,43,43,43
1775548780.3800,42,44,43,42,42,41,43,44,43,43,43,43
1775548780.5802,42,44,43,42,42,41,43,44,43,43,43,43
1775548780.7806,42,44,43,42,42,41,43,44,43,43,43,43
1775548780.9809,42,44,43,42,42,41,43,44,43,43,43,43
1775548781.1811,42,44,43,42,42,41,43,44,43,43,43,43
1775548781.3814,42,44,43,42,42,41,43,44,43,43,43,43
1775548781.5818,42,44,43,42,42,41,43,44,43,43,43,43
1775548781.7824,42,44,43,42,42,41,43,44,43,43,43,43
1775548781.9830,42,44,43,42,42,41,43,44,43,43,43,43
1775548782.1843,42,44,43,42,42,41,43,44,43,43,43,43
1775548782.3846,42,44,43,42,42,41,43,44,43,43,43,43
1775548782.5849,42,44,43,42,42,41,43,44,43,43,43,43
1775548782.7851,42,44,43,42,42,41,43,44,43,43,43,43
1775548782.9853,42,44,43,42,42,41,43,44,43,43,43,43
1775548783.1856,42,44,43,42,42,41,43,44,43,43,43,43
1775548783.3859,42,44,43,42,42,41,43,44,43,43,43,43
1775548783.5861,42,44,43,42,42,41,43,44,43,43,43,43
1775548783.7867,42,44,43,42,42,41,43,44,43,43,43,43
1775548783.9869,42,44,43,42,42,41,43,44,43,43,43,43
1775548784.1872,42,44,43,42,42,41,43,44,43,43,43,43
1775548784.3875,42,44,43,42,42,41,43,44,43,43,43,43
1775548784.5878,42,44,43,42,42,41,43,44,43,43,43,43
1775548784.7880,42,44,43,42,42,41,43,44,43,43,43,43
1775548784.9883,42,44,43,42,42,41,43,44,43,43,43,43
1775548785.1886,42,44,43,42,42,41,43,44,43,43,43,43
1775548785.3890,42,44,43,42,42,41,43,44,43,43,43,43
1775548785.5893,42,44,43,42,42,41,43,44,43,43,43,43
1775548785.7896,42,44,43,42,42,41,43,44,43,43,43,43
1775548785.9899,42,44,43,42,42,41,43,44,43,43,43,43
1775548786.1901,42,44,43,42,42,41,43,44,43,43,43,43
1775548786.3904,42,44,43,42,42,41,43,44,43,43,43,43
1775548786.5907,42,44,43,42,42,41,43,44,43,43,43,43
1775548786.7911,42,44,43,42,42,41,43,44,43,43,43,43
1775548786.9916,42,44,43,42,42,41,43,44,43,43,43,43
1775548787.1927,42,44,43,42,42,41,43,44,43,43,43,43
1775548787.3931,42,44,43,42,42,41,43,44,43,43,43,43
1775548787.5938,42,44,43,42,42,41,43,44,43,43,43,43
1775548787.7941,42,44,43,42,42,41,43,44,43,43,43,43
1775548787.9947,42,44,43,42,42,41,43,44,43,43,43,43
1775548788.1954,42,44,43,42,42,41,43,44,43,43,43,43
1775548788.3957,42,44,43,42,42,41,43,44,43,43,43,43
1775548788.5998,42,44,43,42,42,41,43,44,43,43,43,43
1775548788.8005,42,44,43,42,42,41,43,44,43,43,43,43
1775548789.0008,42,44,43,42,42,41,43,44,43,43,43,43
1775548789.2013,42,44,43,42,42,41,43,44,43,43,43,43
1775548789.4016,42,44,43,42,42,41,43,43,43,43,43,43
1775548789.6019,42,44,43,42,42,41,43,44,43,43,43,43
1775548789.8022,42,44,43,42,42,41,43,44,43,43,43,43
1775548790.0027,42,44,43,42,42,41,43,44,43,43,43,43
1775548790.2031,42,44,43,42,42,41,43,44,43,43,43,43
1775548790.4034,42,44,43,42,42,41,43,44,43,43,43,43
1775548790.6037,42,44,43,42,42,41,43,44,43,43,43,43
1775548790.8040,42,44,43,42,42,41,43,44,43,43,43,43
1775548791.0050,42,44,43,42,42,41,43,43,43,43,43,43
1775548791.2055,42,44,43,42,42,41,43,44,43,43,43,43
1775548791.4063,42,44,43,42,42,41,43,44,43,43,43,43
1775548791.6066,42,44,43,42,42,41,43,44,43,43,43,43
1775548791.8071,42,44,43,42,42,41,43,44,43,43,43,43
1775548792.0074,42,44,43,42,42,41,43,44,43,43,43,43
1775548792.2077,42,44,43,42,42,41,43,44,43,43,43,43
1775548792.4079,42,44,43,42,42,41,43,44,43,43,43,43
1775548792.6083,42,44,43,42,42,41,43,44,43,43,43,43
1775548792.8087,42,44,43,42,42,41,43,44,43,43,43,43
1775548793.0090,42,44,43,42,42,41,43,44,43,43,43,43
1775548793.2092,42,44,43,42,42,41,43,44,43,43,43,43
1775548793.4095,42,44,43,42,42,41,43,44,43,43,43,43
1775548793.6099,42,44,43,42,42,41,43,44,43,43,43,43
1775548793.8104,42,44,43,42,42,41,43,44,43,43,43,43
1775548794.0107,42,44,43,42,42,41,43,44,43,43,43,43
1775548794.2112,42,44,43,42,42,41,43,44,43,43,43,43
1775548794.4114,42,44,43,42,42,41,43,44,43,43,43,43
1775548794.6117,42,44,43,42,42,41,43,44,43,43,43,43
1775548794.8119,42,44,43,42,42,41,43,44,43,43,43,43
1775548795.0125,42,44,43,42,42,41,43,44,43,43,43,43
1775548795.2134,42,44,43,42,42,41,43,44,43,43,43,43
1775548795.4137,42,44,43,42,42,41,43,44,43,43,43,43
1775548795.6140,42,44,43,42,42,41,43,44,43,43,43,43
1775548795.8145,42,44,43,42,42,41,43,44,43,43,43,43
1775548796.0147,42,44,43,42,42,41,43,44,43,43,43,43
1775548796.2156,42,44,43,42,42,41,43,44,43,43,43,43
1775548796.4159,42,44,43,42,42,41,43,44,43,43,43,43
1775548796.6162,42,44,43,42,42,41,43,44,43,43,43,43
1775548796.8164,42,44,43,42,42,41,43,44,43,43,43,43
1775548797.0169,42,44,43,42,42,41,43,44,43,43,43,43
1775548797.2172,42,44,43,42,42,41,43,44,43,43,43,43
1775548797.4176,42,44,43,42,42,41,43,44,43,43,43,43
1775548797.6181,42,44,43,42,42,41,43,44,43,43,43,43
1775548797.8186,42,44,43,42,42,41,43,44,43,43,43,43
1775548798.0189,42,44,43,42,42,41,43,44,43,43,43,43
1775548798.2191,42,44,43,42,42,41,43,44,43,43,43,43
1775548798.4194,42,44,43,42,42,41,43,44,43,43,43,43
1775548798.6196,42,44,43,42,42,41,43,44,43,43,43,43
1775548798.8200,42,44,43,42,42,41,43,44,43,43,43,43
1775548799.0202,42,44,43,42,42,41,43,44,43,43,43,43
1775548799.2205,42,44,43,42,42,41,43,44,43,43,43,43
1775548799.4207,42,44,43,42,42,41,43,44,43,43,43,43
1775548799.6210,42,44,43,42,42,41,43,44,43,43,43,43
1775548799.8216,42,44,43,42,42,41,43,44,43,43,43,43
1775548800.0218,42,44,43,42,42,41,43,44,43,43,43,43
1775548800.2221,42,44,43,42,42,41,43,44,43,43,43,43
1775548800.4225,42,44,43,42,42,41,43,44,43,43,43,43
1775548800.6228,42,44,43,42,42,41,43,44,43,43,43,43
1775548800.8231,42,44,43,42,42,41,43,44,43,43,43,43
1775548801.0235,42,44,43,42,42,41,43,44,43,43,43,43
1775548801.2239,42,44,43,42,42,41,43,44,43,43,43,43
1775548801.4242,42,44,43,42,42,41,43,44,43,43,43,43
1775548801.6246,42,44,43,42,42,41,43,44,43,43,43,43
1775548801.8249,42,44,43,42,42,41,43,44,43,43,43,43
1775548802.0251,42,44,43,42,42,41,43,44,43,43,43,43
1775548802.2254,42,44,43,42,42,41,43,44,43,43,43,43
1775548802.4258,42,44,43,42,42,41,43,44,43,43,43,43
1775548802.6261,42,44,43,42,42,41,43,44,43,43,43,43
1775548802.8263,42,44,43,42,42,41,43,44,43,43,43,43
1775548803.0266,42,44,43,42,42,41,43,44,43,43,43,43
1775548803.2270,42,44,43,42,42,41,43,44,43,43,43,43
1775548803.4276,42,44,43,42,42,41,43,44,43,43,43,43
1775548803.6279,42,44,43,42,42,41,43,44,43,43,43,43
1775548803.8282,42,44,43,42,42,41,43,44,43,43,43,43
1775548804.0285,42,44,43,42,42,41,43,44,43,43,43,43
1775548804.2291,42,44,43,42,42,41,43,44,43,43,43,43
1775548804.4293,42,44,43,42,42,41,43,44,43,43,43,43
1775548804.6298,42,44,43,42,42,41,43,44,43,43,43,43
1775548804.8305,42,44,43,42,42,41,43,44,43,43,43,43
1775548805.0308,42,44,43,42,42,41,43,44,43,43,43,43
1775548805.2310,42,44,43,42,42,41,43,44,43,43,43,43
1775548805.4313,42,44,43,42,42,41,43,44,43,43,43,43
1775548805.6316,42,44,43,42,42,41,43,44,43,43,43,43
1775548805.8318,42,44,43,42,42,41,43,44,43,43,43,43
1775548806.0322,42,44,43,42,42,41,43,44,43,43,43,43
1775548806.2324,42,44,43,42,42,41,43,44,43,43,43,43
1775548806.4327,42,44,43,42,42,41,43,44,43,43,43,43
1775548806.6332,42,44,43,42,42,41,43,44,43,43,43,43
1775548806.8334,42,44,43,42,42,41,43,44,43,43,43,43
1775548807.0339,42,44,43,42,42,41,43,44,43,43,43,43
1775548807.2343,42,44,43,42,42,41,43,44,43,43,43,43
1775548807.4349,42,44,43,42,42,41,43,44,43,43,43,43
1775548807.6359,42,44,43,42,42,41,43,44,43,43,43,43
1775548807.8363,42,44,43,42,42,41,43,44,43,43,43,43
1775548808.0367,42,44,43,42,42,41,43,44,43,43,43,43
1775548808.2372,42,44,43,42,42,41,43,44,43,43,43,43
1775548808.4374,42,44,43,42,42,41,43,44,43,43,43,43
1775548808.6377,42,44,43,42,42,41,43,44,43,43,43,43
1775548808.8380,42,44,43,42,42,41,43,44,43,43,43,43
1775548809.0383,42,44,43,42,42,41,43,44,43,43,43,43
1775548809.2387,42,44,43,42,42,41,43,44,43,43,43,43
1775548809.4390,42,44,43,42,42,41,43,44,43,43,43,43
1775548809.6393,42,44,43,42,42,41,43,44,43,43,43,43
1775548809.8396,42,44,43,42,42,41,43,44,43,43,43,43
1775548810.0398,42,44,43,42,42,41,43,44,43,43,43,43
1775548810.2401,42,44,43,42,42,41,43,44,43,43,43,43
1775548810.4403,42,44,43,42,42,41,43,44,43,43,43,43
1775548810.6407,42,44,43,42,42,41,43,44,43,43,43,43
1775548810.8411,42,44,43,42,42,41,43,44,43,43,43,43
1775548811.0417,42,44,43,42,42,41,43,44,43,43,43,43
1775548811.2425,42,44,43,42,42,41,43,44,43,43,43,43
1775548811.4429,42,44,43,42,42,41,43,44,43,43,43,43
1775548811.6432,42,44,43,42,42,41,43,44,43,43,43,43
1775548811.8436,42,44,43,42,42,41,43,44,43,43,43,43
1775548812.0440,42,44,43,42,42,41,43,44,43,43,43,43
1775548812.2445,42,44,43,42,42,41,43,44,43,43,43,43
1775548812.4447,42,44,43,42,42,41,43,44,43,43,43,43
1775548812.6450,42,44,43,42,42,41,43,44,43,43,43,43
1775548812.8453,42,44,43,42,42,41,43,44,43,43,43,43
1775548813.0455,42,44,43,42,42,41,43,44,43,43,43,43
1775548813.2464,42,44,43,42,42,41,43,44,43,43,43,43
1775548813.4468,42,44,43,42,42,41,43,44,43,43,43,43
1775548813.6471,42,44,43,42,42,41,43,44,43,43,43,43
1775548813.8476,42,44,43,42,42,41,43,44,43,43,43,43
1775548814.0479,42,44,43,42,42,41,43,44,43,43,43,43
1775548814.2505,42,44,43,42,42,41,43,44,43,43,43,43
1775548814.4514,42,44,43,42,42,41,43,44,43,43,43,43
1775548814.6531,42,44,43,42,42,41,43,44,43,43,43,43
1775548814.8539,42,44,43,42,42,41,43,44,43,43,43,43
1775548815.0542,42,44,43,42,42,41,43,44,43,43,43,43
1775548815.2545,42,44,43,42,42,41,43,44,43,43,43,43
1775548815.4549,42,44,43,42,42,41,43,44,43,43,43,43
1775548815.6557,42,44,43,42,42,41,43,44,43,43,43,43
1775548815.8560,42,44,43,42,42,41,43,44,43,43,43,43
1775548816.0586,42,44,43,42,42,41,43,44,43,43,43,43
1775548816.2589,42,44,43,42,42,41,43,44,43,43,43,43
1775548816.4593,42,44,43,42,42,41,43,44,43,43,43,43
1775548816.6596,42,44,43,42,42,41,43,44,43,43,43,43
1775548816.8600,42,44,43,42,42,41,43,44,43,43,43,43
1775548817.0605,42,44,43,42,42,41,43,44,43,43,43,43
1775548817.2608,42,44,43,42,42,41,43,44,43,43,43,43
1775548817.4611,42,44,43,42,42,41,43,44,43,43,43,43
1775548817.6615,42,44,43,42,42,41,43,44,43,43,43,43
1775548817.8618,42,44,43,42,42,41,43,44,43,43,43,43
1775548818.0621,42,44,43,42,42,41,43,44,43,43,43,43
1775548818.2624,42,44,43,42,42,41,43,44,43,43,43,43
1775548818.4626,42,44,43,42,42,41,43,44,43,43,43,43
1775548818.6630,42,44,43,42,42,41,43,44,43,43,43,43
1775548818.8636,42,44,43,42,42,41,43,44,43,43,43,43
1775548819.0638,42,44,43,42,42,41,43,44,43,43,43,43
1775548819.2641,42,44,43,42,42,41,43,44,43,43,43,43
1775548819.4644,42,44,43,42,42,41,43,44,43,43,43,43
1775548819.6647,42,44,43,42,42,41,43,44,43,43,43,43
1775548819.8649,42,44,43,42,42,41,43,44,43,43,43,43
1775548820.0652,42,44,43,42,42,41,43,44,43,43,43,43
1775548820.2655,42,44,43,42,42,41,43,44,43,43,43,43
1775548820.4658,42,44,43,42,42,41,43,44,43,43,43,43
1775548820.6660,42,44,43,42,42,41,43,44,43,43,43,43
1775548820.8663,42,44,43,42,42,41,43,44,43,43,43,43
1775548821.0666,42,44,43,42,42,41,43,44,43,43,43,43
1775548821.2668,42,44,43,42,42,41,43,44,43,43,43,43
1775548821.4671,42,44,43,42,42,41,43,44,43,43,43,43
1775548821.6673,42,44,43,42,42,41,43,44,43,43,43,43
1775548821.8680,42,44,43,42,42,41,43,44,43,43,43,43
1775548822.0682,42,44,43,42,42,41,43,44,43,43,43,43
1775548822.2685,42,44,43,42,42,41,43,44,43,43,43,43
1775548822.4688,42,44,43,42,42,41,43,44,43,43,43,43
1775548822.6690,42,44,43,42,42,41,43,44,43,43,43,43
1775548822.8693,42,44,43,42,42,41,43,44,43,43,43,43
1775548823.0695,42,44,43,42,42,41,43,44,43,43,43,43
1775548823.2699,42,44,43,42,42,41,43,44,43,43,43,43
1775548823.4701,42,44,43,42,42,41,43,44,43,43,43,43
1775548823.6704,42,44,43,42,42,41,43,44,43,43,43,43
1775548823.8709,42,44,43,42,42,41,43,44,43,43,43,43
1775548824.0735,42,44,43,42,42,41,43,44,43,43,43,43
1775548824.2752,42,44,43,42,42,41,43,44,43,43,43,43
1775548824.4755,42,44,43,42,42,41,43,44,43,43,43,43
1775548824.6757,42,44,43,42,42,41,43,44,43,43,43,43
1775548824.8762,42,44,43,42,42,41,43,44,43,43,43,43
1775548825.0768,42,44,43,42,42,41,43,44,43,43,43,43
1775548825.2770,42,44,43,42,42,41,43,44,43,43,43,43
1775548825.4774,42,44,43,42,42,41,43,44,43,43,43,43
1775548825.6777,42,44,43,42,42,41,43,44,43,43,43,43
1775548825.8780,42,44,43,42,42,41,43,44,43,43,43,43
1775548826.0781,42,44,43,42,42,41,43,44,43,43,43,43
1775548826.2784,42,44,43,42,42,41,43,44,43,43,43,43
1775548826.4788,42,44,43,42,42,41,43,44,43,43,43,43
1775548826.6791,42,44,43,42,42,41,43,44,43,43,43,43
1775548826.8798,42,44,43,42,42,41,43,44,43,43,43,43
1775548827.0801,42,44,43,42,42,41,43,44,43,43,43,43
1775548827.2803,42,44,43,42,42,41,43,44,43,43,43,43
1775548827.4806,42,44,43,42,42,41,43,44,43,43,43,43
1775548827.6816,42,44,43,42,42,41,43,44,43,43,43,43
1775548827.8818,42,44,43,42,42,41,43,44,43,43,43,43
1775548828.0822,42,44,43,42,42,41,43,44,43,43,43,43
1775548828.2825,42,44,43,42,42,41,43,44,43,43,43,43
1775548828.4829,42,44,43,42,42,41,43,44,43,43,43,43
1775548828.6831,42,44,43,42,42,41,43,44,43,43,43,43
1775548828.8834,42,44,43,42,42,41,43,44,43,43,43,43
1775548829.0836,42,44,43,42,42,41,43,44,43,43,43,43
1775548829.2839,42,44,43,42,42,41,43,44,43,43,43,43
1775548829.4841,42,44,43,42,42,41,43,44,43,43,43,43
1775548829.6844,42,44,43,42,42,41,43,44,43,43,43,43
1775548829.8847,42,44,43,42,42,41,43,44,43,43,43,43
1775548830.0849,42,44,43,42,42,41,43,44,43,43,43,43
1775548830.2853,42,44,43,42,42,41,43,44,43,43,43,43
1775548830.4857,42,44,43,42,42,41,43,44,43,43,43,43
1775548830.6860,42,44,43,42,42,41,43,43,43,43,43,43
1775548830.8862,42,44,43,42,42,41,43,44,43,43,43,43
1775548831.0865,42,44,43,42,42,41,43,44,43,43,43,43
1775548831.2867,42,44,43,42,42,41,43,44,43,43,43,43
1775548831.4870,42,44,43,42,42,41,43,44,43,43,43,43
1775548831.6873,42,44,43,42,42,41,43,43,43,43,43,43
1775548831.8875,42,44,43,42,42,41,43,43,43,43,43,43
1775548832.0878,42,44,43,42,42,41,43,44,43,43,43,43
1775548832.2881,42,44,43,42,42,41,43,44,43,43,43,43
1775548832.4883,42,44,43,42,42,41,43,44,43,43,43,43
1775548832.6886,42,44,43,42,42,41,43,44,43,43,43,43
1775548832.8889,42,44,43,42,42,41,43,44,43,43,43,43
1775548833.0899,42,44,43,42,42,41,43,44,43,43,43,43
1775548833.2902,42,44,43,42,42,41,43,44,43,43,43,43
1775548833.4905,42,44,43,42,42,41,43,44,43,43,43,43
1775548833.6908,42,44,43,42,42,41,43,44,43,43,43,43
1775548833.8913,42,44,43,42,42,41,43,44,43,43,43,43
1775548834.0917,42,44,43,42,42,41,43,44,43,43,43,43
1775548834.2925,42,44,43,42,42,41,43,44,43,43,43,43
1775548834.4927,42,44,43,42,42,41,43,44,43,43,43,43
1775548834.6930,42,44,43,42,42,41,43,44,43,43,43,43
1775548834.8933,42,44,43,42,42,41,43,44,43,43,43,43
1775548835.0938,42,44,43,42,42,41,43,44,43,43,43,43
1775548835.2945,42,44,43,42,42,41,43,44,43,43,43,43
1775548835.4948,42,44,43,42,42,41,43,43,43,43,43,43
1775548835.6950,42,44,43,42,42,41,43,44,43,43,43,43
1775548835.8953,42,44,43,42,42,41,43,44,43,43,43,43
1775548836.0957,42,44,43,42,42,41,43,44,43,43,43,43
1775548836.2960,42,44,43,42,42,41,43,44,43,43,43,43
1775548836.4963,42,44,43,42,42,41,43,44,43,43,43,43
1775548836.6965,42,44,43,42,42,41,43,44,43,43,43,43
1775548836.8968,42,44,43,42,42,41,43,44,43,43,43,43
1775548837.0978,42,44,43,42,42,41,43,44,43,43,43,43
1775548837.2980,42,44,43,42,42,41,43,44,43,43,43,43
1775548837.4985,42,44,43,42,42,41,43,44,43,43,43,43
1775548837.6989,42,44,43,42,42,41,43,44,43,43,43,43
1775548837.8992,42,44,43,42,42,41,43,44,43,43,43,43
1775548838.0995,42,44,43,42,42,41,43,44,43,43,43,43
1775548838.2997,42,44,43,42,42,41,43,44,43,43,43,43
1775548838.5000,42,44,43,42,42,41,43,44,43,43,43,43
1775548838.7008,42,44,43,42,42,41,43,44,43,43,43,43
1775548838.9014,42,44,43,42,42,41,43,44,43,43,43,43
1775548839.1017,42,44,43,42,42,41,43,44,43,43,43,43
1775548839.3019,42,44,43,42,42,41,43,44,43,43,43,43
1775548839.5022,42,44,43,42,42,41,43,44,43,43,43,43
1775548839.7025,42,44,43,42,42,41,43,44,43,43,43,43
1775548839.9032,42,44,43,42,42,41,43,44,43,43,43,43
1775548840.1035,42,44,43,42,42,41,43,44,43,43,43,43
1775548840.3039,42,44,43,42,42,41,43,44,43,43,43,43
1775548840.5043,42,44,43,42,42,41,43,44,43,43,43,43
1775548840.7050,42,44,43,42,42,41,43,44,43,43,43,43
1775548840.9054,42,44,43,42,42,41,43,44,43,43,43,43
1775548841.1058,42,44,43,42,42,41,43,44,43,43,43,43
1775548841.3060,42,44,43,42,42,41,43,44,43,43,43,43
1775548841.5063,42,44,43,42,42,41,43,44,43,43,43,43
1775548841.7066,42,44,43,42,42,41,43,44,43,43,43,43
1775548841.9069,42,44,43,42,42,41,43,44,43,43,43,43
1775548842.1092,42,44,43,42,42,41,43,44,43,43,43,43
1775548842.3095,42,44,43,42,42,41,43,44,43,43,43,43
1775548842.5099,42,44,43,42,42,41,43,44,43,43,43,43
1775548842.7101,42,44,43,42,42,41,43,44,43,43,43,43
1775548842.9103,42,44,43,42,42,41,43,44,43,43,43,43
1775548843.1106,42,44,43,42,42,41,43,44,43,43,43,43
1775548843.3109,42,44,43,42,42,41,43,44,43,43,43,43
1775548843.5118,42,44,43,42,42,41,43,44,43,43,43,43
1775548843.7122,42,44,43,42,42,41,43,44,43,43,43,43
1775548843.9125,42,44,43,42,42,41,43,44,43,43,43,43
1775548844.1129,42,44,43,42,42,41,43,44,43,43,43,43
1775548844.3134,42,44,43,42,42,41,43,44,43,43,43,43
1775548844.5137,42,44,43,42,42,41,43,44,43,43,43,43
1775548844.7142,42,44,43,42,42,41,43,44,43,43,43,43
1775548844.9148,42,44,43,42,42,41,43,44,43,43,43,43
1775548845.1150,42,44,43,42,42,41,43,44,43,43,43,43
1775548845.3153,42,44,43,42,42,41,43,44,43,43,43,43
1775548845.5156,42,44,43,42,42,41,43,44,43,43,43,43
1775548845.7159,42,44,43,42,42,41,43,44,43,43,43,43
1775548845.9162,42,44,43,42,42,41,43,44,43,43,43,43
1775548846.1166,42,44,43,42,42,41,43,44,42,43,43,43
1775548846.3175,42,44,43,42,42,41,43,44,43,43,43,43
1775548846.5182,42,44,43,42,42,41,43,44,43,43,43,43
1775548846.7186,42,44,43,42,42,41,43,44,42,43,43,43
1775548846.9194,42,44,43,42,42,41,43,44,43,43,43,43
1775548847.1197,42,44,43,42,42,41,43,44,43,43,43,43
1775548847.3203,42,44,43,42,42,41,43,44,43,43,43,43
1775548847.5242,42,44,43,42,42,41,43,44,43,43,43,43
1775548847.7245,42,44,43,42,42,41,43,44,43,43,43,43
1775548847.9248,42,44,43,42,42,41,43,44,43,43,43,43
1775548848.1251,42,44,43,42,42,41,43,44,43,43,43,43
1775548848.3254,42,44,43,42,42,41,43,44,43,43,43,43
1775548848.5264,42,44,43,42,42,41,43,44,43,43,43,43
1775548848.7268,42,44,43,42,42,41,43,44,43,43,43,43
1775548848.9282,42,44,43,42,42,41,43,44,43,43,43,43
1775548849.1304,42,44,43,42,42,41,43,44,43,43,43,43
1775548849.3308,42,44,43,42,42,41,43,44,43,43,43,43
1775548849.5312,42,44,43,42,42,41,43,44,43,43,43,43
1775548849.7317,42,44,43,42,42,41,43,44,43,43,43,43
1775548849.9327,42,44,43,42,42,41,43,44,43,43,43,43
1775548850.1330,42,44,43,42,42,41,43,44,43,43,43,43
1775548850.3333,42,44,43,42,42,41,43,44,43,43,43,43
1775548850.5335,42,44,43,42,42,41,43,44,43,43,43,43
1775548850.7381,42,44,43,42,42,41,43,44,43,43,43,43
1775548850.9408,42,44,43,42,42,41,43,44,43,43,43,43
1775548851.1411,42,44,43,42,42,41,43,44,42,43,43,43
1775548851.3413,42,44,43,42,42,41,43,44,43,43,43,43
1775548851.5418,42,44,43,42,42,41,43,44,43,43,43,43
1775548851.7425,42,44,43,42,42,41,43,44,43,43,43,43
1775548851.9429,42,44,43,42,42,41,43,44,43,43,43,43
1775548852.1433,42,44,43,42,42,41,43,44,43,43,43,43
1775548852.3436,42,44,43,42,42,41,43,44,43,43,43,43
1775548852.5442,42,44,43,42,42,41,43,44,43,43,43,43
1775548852.7444,42,44,43,42,42,41,43,44,43,43,43,43
1775548852.9449,42,44,43,42,42,41,43,44,43,43,43,43
1775548853.1452,42,44,43,42,42,41,43,44,43,43,43,43
1775548853.3457,42,44,43,42,42,41,43,44,42,43,43,43
1775548853.5466,42,44,43,42,42,41,43,44,42,43,43,43
1775548853.7468,42,44,43,42,42,41,43,44,43,43,43,43
1775548853.9471,42,44,43,42,42,41,43,44,43,43,43,43
1775548854.1474,42,44,43,42,42,41,43,44,43,43,43,43
1775548854.3477,42,44,43,42,42,41,43,44,43,43,43,43
1775548854.5479,42,44,43,42,42,41,43,44,42,43,43,43
1775548854.7482,42,44,43,42,42,41,43,44,42,43,43,43
1775548854.9487,42,44,43,42,42,41,43,44,42,43,43,43
1775548855.1499,42,44,43,42,42,41,43,44,43,43,43,43
1775548855.3523,42,44,43,42,42,41,43,44,43,43,43,43
1775548855.5537,42,44,43,42,42,41,43,44,43,43,43,43
1775548855.7541,42,44,43,42,42,41,43,44,43,43,43,43
1775548855.9547,42,44,43,42,42,41,43,44,43,43,43,43
1775548856.1555,42,44,43,42,42,41,43,44,42,43,43,43
1775548856.3557,42,44,43,42,42,41,43,44,42,43,43,43
1775548856.5588,42,44,43,42,42,41,43,44,43,43,43,43
1775548856.7591,42,44,43,42,42,41,43,44,43,43,43,43
1775548856.9597,42,44,43,42,42,41,43,44,43,43,43,43
1775548857.1612,42,44,43,42,42,41,43,44,42,43,43,43
1775548857.3629,42,44,43,42,42,41,43,44,43,43,43,43
1775548857.5635,42,44,43,42,42,41,43,44,42,43,43,43
1775548857.7643,42,44,43,42,42,41,43,44,42,43,43,43
1775548857.9651,42,44,43,42,42,41,43,44,43,43,43,43
1775548858.1659,42,44,43,42,42,41,43,44,43,43,43,43
1775548858.3663,42,44,43,42,42,41,43,44,43,43,43,43
1775548858.5667,42,44,43,42,42,41,43,44,43,43,43,43
1775548858.7709,42,44,43,42,42,41,43,44,43,43,43,43
1775548858.9713,42,44,43,42,42,41,43,44,42,43,43,43
1775548859.1716,42,44,43,42,42,41,43,44,42,43,43,43
1775548859.3723,42,44,43,42,42,41,43,44,43,43,43,43
1775548859.5730,42,44,43,42,42,41,43,44,42,43,43,43
1775548859.7733,42,44,43,42,42,41,43,44,43,43,43,43
1775548859.9735,42,44,43,42,42,41,43,44,43,43,43,43
1775548860.1738,42,44,43,42,42,41,43,44,43,43,43,43
1775548860.3740,42,44,43,42,42,41,43,44,42,43,43,43
1775548860.5746,42,44,43,42,42,41,43,44,43,43,43,43
1775548860.7749,42,44,43,42,42,41,43,44,43,43,43,43
1775548860.9751,42,44,43,42,42,41,43,44,43,43,43,43
1775548861.1754,42,44,43,42,42,41,43,44,43,43,43,43
1775548861.3757,42,44,43,42,42,41,43,44,42,43,43,43
1775548861.5760,42,44,43,42,42,41,43,44,42,43,43,43
1775548861.7762,42,44,43,42,42,41,43,44,42,43,43,43
1775548861.9765,42,44,43,42,42,41,43,44,43,43,43,43
1775548862.1770,42,44,43,42,42,41,43,44,43,43,43,43
1775548862.3774,42,44,43,42,42,41,43,44,43,43,43,43
1775548862.5776,42,44,43,42,42,41,43,44,42,43,43,43
1775548862.7779,42,44,43,42,42,41,43,44,42,43,43,43
1775548862.9781,42,44,43,42,42,41,43,44,42,43,43,43
1775548863.1783,42,44,43,42,42,41,43,44,43,43,43,43
1775548863.3786,42,44,43,42,42,41,43,44,42,43,43,43
1775548863.5793,42,44,43,42,42,41,43,44,42,43,43,43
1775548863.7797,42,44,43,42,42,41,43,44,42,43,43,43
1775548863.9800,42,44,43,42,42,41,43,44,42,43,43,43
1775548864.1805,42,44,43,42,42,41,43,44,42,43,43,43
1775548864.3823,42,44,43,42,42,41,43,44,42,43,43,43
1775548864.5831,42,44,43,42,42,41,43,44,43,43,43,43
1775548864.7840,42,44,43,42,42,41,43,44,42,43,43,43
1775548864.9843,42,44,43,42,42,41,43,44,42,43,43,43
1775548865.1847,42,44,43,42,42,41,43,44,42,43,43,43
1775548865.3850,42,44,43,42,42,41,43,44,42,43,43,43
1775548865.5855,42,44,43,42,42,41,43,44,43,43,43,43
1775548865.7857,42,44,43,42,42,41,43,44,42,43,43,43
1775548865.9860,42,44,43,42,42,41,43,44,43,43,43,43
1775548866.1862,42,44,43,42,42,41,43,44,43,43,43,43
1775548866.3866,42,44,43,42,42,41,43,44,42,43,43,43
1775548866.5869,42,44,43,42,42,41,43,44,43,43,43,43
1775548866.7876,42,44,43,42,42,41,43,44,42,43,43,43
1775548866.9879,42,44,43,42,42,41,43,44,42,43,43,43
1775548867.1881,42,44,43,42,42,41,43,44,43,43,43,43
1775548867.3884,42,44,43,42,42,41,43,44,42,43,43,43
1775548867.5888,42,44,43,42,42,41,43,44,42,43,43,43
1775548867.7890,42,44,43,42,42,41,43,44,42,43,43,43
1775548867.9894,42,44,43,42,42,41,43,44,43,43,43,43
1775548868.1896,42,44,43,42,42,41,43,44,42,43,43,43
1775548868.3899,42,44,43,42,42,41,43,44,43,43,43,43
1775548868.5905,42,44,43,42,42,41,43,44,43,43,43,43
1775548868.7908,42,44,43,42,42,41,43,44,42,43,43,43
1775548868.9911,42,44,43,42,42,41,43,44,42,43,43,43
1775548869.1913,42,44,43,42,42,41,43,44,42,43,43,43
1775548869.3916,42,44,43,42,42,41,43,44,42,43,43,43
1775548869.5919,42,44,43,42,42,41,43,44,42,43,43,43
1775548869.7922,42,44,43,42,42,41,43,44,42,43,43,43
1775548869.9924,42,44,43,42,42,41,43,44,42,43,43,43
1775548870.1927,42,44,43,42,42,41,43,44,42,43,43,43
1775548870.3930,42,44,43,42,42,41,43,44,42,43,43,43
1775548870.5932,42,44,43,42,42,41,43,44,42,43,43,43
1775548870.7935,42,44,43,42,42,41,43,44,42,43,43,43
1775548870.9938,42,44,43,42,42,41,43,44,42,43,43,43
1775548871.1940,42,44,43,42,42,41,43,44,42,43,43,43
1775548871.3943,42,44,43,42,42,41,43,44,42,43,43,43
1775548871.5946,42,44,43,42,42,41,43,44,42,43,43,43
1775548871.7948,42,44,43,42,42,41,43,44,42,43,43,43
1775548871.9951,42,44,43,42,42,41,43,44,42,43,43,43
1775548872.1954,42,44,43,42,42,41,43,44,42,43,43,43
1775548872.3956,42,44,43,42,42,41,43,44,42,43,43,43
1775548872.5959,42,44,43,42,42,41,43,44,43,43,43,43
1775548872.7962,42,44,43,42,42,41,43,44,42,43,43,43
1775548872.9964,42,44,43,42,42,41,43,44,42,43,43,43
1775548873.1967,42,44,43,42,42,41,43,44,42,43,43,43
1775548873.3969,42,44,43,42,42,41,43,44,42,43,43,43
1775548873.5972,42,44,43,42,42,41,43,44,42,43,43,43
1775548873.7975,42,44,43,42,42,41,43,44,42,43,43,43
1775548873.9977,42,44,43,42,42,41,43,44,42,43,43,43
1775548874.1980,42,44,43,42,42,41,43,44,42,43,43,43
1775548874.3984,42,44,43,42,42,41,43,44,42,43,43,43
1775548874.5987,42,44,43,42,42,41,43,44,43,43,43,43
1775548874.7989,42,44,43,42,42,41,43,44,42,43,43,43
1775548874.9992,42,44,43,42,42,41,43,44,43,43,43,43
1775548875.1997,42,44,43,42,42,41,43,44,43,43,43,43
1775548875.3999,42,44,43,42,42,41,43,44,42,43,43,43
1775548875.6002,42,44,43,42,42,41,43,44,42,43,43,43
1775548875.8006,42,44,43,42,42,41,43,44,43,43,43,43
1775548876.0010,42,44,43,42,42,41,43,44,43,43,43,43
1775548876.2014,42,44,43,42,42,41,43,44,43,43,43,43
1775548876.4018,42,44,43,42,42,41,43,44,42,43,43,43
1775548876.6021,42,44,43,42,42,41,43,44,42,43,43,43
1775548876.8025,42,44,43,42,42,41,43,44,42,43,43,43
1775548877.0027,42,44,43,42,42,41,43,44,42,43,43,43
1775548877.2034,42,44,43,42,42,41,43,44,43,43,43,43
1775548877.4041,42,44,43,42,42,41,43,44,42,43,43,43
1775548877.6043,42,44,43,42,42,41,43,44,43,43,43,43
1775548877.8046,42,44,43,42,42,41,43,44,43,43,43,43
1775548878.0048,42,44,43,42,42,41,43,44,42,43,43,43
1775548878.2051,42,44,43,42,42,41,43,44,43,43,43,43
1775548878.4057,42,44,43,42,42,41,43,44,42,43,43,43
1775548878.6060,42,44,43,42,42,41,43,44,42,43,43,43
1775548878.8063,42,44,43,42,42,41,43,44,43,43,43,43
1775548879.0066,42,44,43,42,42,41,43,44,42,43,43,43
1775548879.2068,42,44,43,42,42,41,43,44,42,43,43,43
1775548879.4071,42,44,43,42,42,41,43,44,42,43,43,43
1775548879.6074,42,44,43,42,42,41,43,44,42,43,43,43
1775548879.8079,42,44,43,42,42,41,43,44,42,43,43,43
1775548880.0084,42,44,43,42,42,41,43,44,43,43,43,43
1775548880.2086,42,44,43,42,42,41,43,44,43,43,43,43
1775548880.4089,42,44,43,42,42,41,43,44,42,43,43,43
1775548880.6092,42,44,43,42,42,41,43,44,42,43,43,43
1775548880.8094,42,44,43,42,42,41,43,44,43,43,43,43
1775548881.0097,42,44,43,42,42,41,43,44,43,43,43,43
1775548881.2100,42,44,43,42,42,41,43,44,42,43,43,43
1775548881.4103,42,44,43,42,42,41,43,44,43,43,43,43
1775548881.6107,42,44,43,42,42,41,43,44,43,43,43,43
1775548881.8111,42,44,43,42,42,41,43,44,42,43,43,43
1775548882.0115,42,44,43,42,42,41,43,44,42,43,43,43
1775548882.2118,42,44,43,42,42,41,43,44,42,43,43,43
1775548882.4123,42,44,43,42,42,41,43,44,42,43,43,43
1775548882.6127,42,44,43,42,42,41,43,44,42,43,43,43
1775548882.8132,42,44,43,42,42,41,43,44,43,43,43,43
1775548883.0135,42,44,43,42,42,41,43,44,42,43,43,43
1775548883.2137,42,44,43,42,42,41,43,44,42,43,43,43
1775548883.4145,42,44,43,42,42,41,43,44,42,43,43,43
1775548883.6151,42,44,43,42,42,41,43,44,42,43,43,43
1775548883.8159,42,44,43,42,42,41,43,44,42,43,43,43
1775548884.0165,42,44,43,42,42,41,43,44,42,43,43,43
1775548884.2168,42,44,43,42,42,41,43,44,43,43,43,43
1775548884.4171,42,44,43,42,42,41,43,44,43,43,43,43
1775548884.6173,42,44,43,42,42,41,43,44,42,43,43,43
1775548884.8177,42,44,43,42,42,41,43,44,42,43,43,43
1775548885.0181,42,44,43,42,42,41,43,44,42,43,43,43
1775548885.2183,42,44,43,42,42,41,43,44,42,43,43,43
1775548885.4187,42,44,43,42,42,41,43,44,42,43,43,43
1775548885.6190,42,44,43,42,42,41,43,44,42,43,43,43
1775548885.8192,42,44,43,42,42,41,43,44,42,43,43,43
1775548886.0198,42,44,43,42,42,41,43,44,42,43,43,43
1775548886.2205,42,44,43,42,42,41,43,44,42,43,43,43
1775548886.4208,42,44,43,42,42,41,43,44,42,43,43,43
1775548886.6228,42,44,43,42,42,41,43,44,42,43,43,43
1775548886.8235,42,44,43,42,42,41,43,44,42,43,43,43
1775548887.0238,42,44,43,42,42,41,43,44,43,43,43,43
1775548887.2250,42,44,43,42,42,41,43,44,43,43,43,43
1775548887.4252,42,44,43,42,42,41,43,44,43,43,43,43
1775548887.6257,42,44,43,42,42,41,43,44,42,43,43,43
1775548887.8260,42,44,43,42,42,41,43,44,43,43,43,43
1775548888.0261,42,44,43,42,42,41,43,44,42,43,43,43
1775548888.2264,42,44,43,42,42,41,43,44,42,43,43,43
1775548888.4267,42,44,43,42,42,41,43,44,42,43,43,43
1775548888.6271,42,44,43,42,42,41,43,44,42,43,43,43
1775548888.8280,42,44,43,42,42,41,43,44,42,43,43,43
1775548889.0284,42,44,43,42,42,41,43,44,43,43,43,43
1775548889.2303,42,44,43,42,42,41,43,44,42,43,43,43
1775548889.4306,42,44,43,42,42,41,43,44,42,43,43,43
1775548889.6341,42,44,43,42,42,41,43,44,42,43,43,43
1775548889.8343,42,44,43,42,42,41,43,44,42,43,43,43
1775548890.0346,42,44,43,42,42,41,43,44,42,43,43,43
1775548890.2348,42,44,43,42,42,41,43,44,42,43,43,43
1775548890.4351,42,44,43,42,42,41,43,44,42,43,43,43
1775548890.6353,42,44,43,42,42,41,43,44,42,43,43,43
1775548890.8359,42,44,43,42,42,41,43,44,42,43,43,43
1775548891.0367,42,44,43,42,42,41,43,44,42,43,43,43
1775548891.2370,42,44,43,42,42,41,43,44,42,43,43,43
1775548891.4372,42,44,43,42,42,41,43,44,42,43,43,43
1775548891.6378,42,44,43,42,42,41,43,44,42,43,43,43
1775548891.8381,42,44,43,42,42,41,43,44,42,43,43,43
1775548892.0383,42,44,43,42,42,41,43,44,42,43,43,43
1775548892.2387,42,44,43,42,42,41,43,44,42,43,43,43
1775548892.4394,42,44,43,42,42,41,43,44,43,43,43,43
1775548892.6396,42,44,43,42,42,41,43,44,42,43,43,43
1775548892.8399,42,44,43,42,42,41,43,44,42,43,43,43
1775548893.0402,42,44,43,42,42,41,43,44,42,43,43,43
1775548893.2406,42,44,43,42,42,41,43,44,42,43,43,43
1775548893.4426,42,44,43,42,42,41,43,44,43,43,43,43
1775548893.6431,42,44,43,42,42,41,43,44,42,43,43,43
1775548893.8435,42,44,43,42,42,41,43,44,43,43,43,43
1775548894.0438,42,44,43,42,42,41,43,44,42,43,43,43
1775548894.2441,42,44,43,42,42,41,43,44,42,43,43,43
1775548894.4448,42,44,43,42,42,41,43,44,43,43,43,43
1775548894.6454,42,44,43,42,42,41,43,44,42,43,43,43
1775548894.8457,42,44,43,42,42,41,43,44,42,43,43,43
1775548895.0462,42,44,43,42,42,41,43,44,43,43,43,43
1775548895.2467,42,44,43,42,42,41,43,44,42,43,43,43
1775548895.4469,42,44,43,42,42,41,43,44,42,43,43,43
1775548895.6477,42,44,43,42,42,41,43,44,43,43,43,43
1775548895.8482,42,44,43,42,42,41,43,44,42,43,43,43
1775548896.0485,42,44,43,42,42,41,43,44,42,43,43,43
1775548896.2487,42,44,43,42,42,41,43,44,43,43,43,43
1775548896.4490,42,44,43,42,42,41,43,44,42,43,43,43
1775548896.6492,42,44,43,42,42,41,43,44,42,43,43,43
1775548896.8495,42,44,43,42,42,41,43,44,42,43,43,43
1775548897.0499,42,44,43,42,42,41,43,44,43,43,43,43
1775548897.2501,42,44,43,42,42,41,43,44,42,43,43,43
1775548897.4503,42,44,43,42,42,41,43,44,42,43,43,43
1775548897.6506,42,44,43,42,42,41,43,44,42,43,43,43
1775548897.8509,42,44,43,42,42,41,43,44,42,43,43,43
1775548898.0513,42,44,43,42,42,41,43,44,43,43,43,43
1775548898.2516,42,44,43,42,42,41,43,44,42,43,43,43
1775548898.4521,42,44,43,42,42,41,43,44,42,43,43,43
1775548898.6523,42,44,43,42,42,41,43,44,42,43,43,43
1775548898.8527,42,44,43,42,42,41,43,44,42,43,43,43
1775548899.0530,42,44,43,42,42,41,43,44,42,43,43,43
1775548899.2534,42,44,43,42,42,41,43,44,43,43,43,43
1775548899.4541,42,44,43,42,42,41,43,44,42,43,43,43
1775548899.6545,42,44,43,42,42,41,43,44,42,43,43,43
1775548899.8552,42,44,43,42,42,41,43,44,42,43,43,43
1775548900.0556,42,44,43,42,42,41,43,44,42,43,43,43
1775548900.2561,42,44,43,42,42,41,43,44,42,43,43,43
1775548900.4564,42,44,43,42,42,41,43,44,42,43,43,43
1775548900.6574,42,44,43,42,42,41,43,44,42,43,43,43
1775548900.8580,42,44,43,42,42,41,43,44,42,43,43,43
1775548901.0583,42,44,43,42,42,41,43,44,42,43,43,43
1775548901.2591,42,44,43,42,42,41,43,44,42,43,43,43
1775548901.4597,42,44,43,42,42,41,43,44,42,43,43,43
1775548901.6603,42,44,43,42,42,41,43,44,43,43,43,43
1775548901.8605,42,44,43,42,42,41,43,44,42,43,43,43
1775548902.0608,42,44,43,42,42,41,43,44,42,43,43,43
1775548902.2611,42,44,43,42,42,41,43,44,42,43,43,43
1775548902.4614,42,44,43,42,42,41,43,44,42,43,43,43
1775548902.6619,42,44,43,42,42,41,43,44,43,43,43,43
1775548902.8624,42,44,43,42,42,41,43,44,42,43,43,43
1775548903.0626,42,44,43,42,42,41,43,44,43,43,43,43
1775548903.2629,42,44,43,42,42,41,43,44,43,43,43,43
1775548903.4632,42,44,43,42,42,41,43,44,42,43,43,43
1775548903.6635,42,44,43,42,42,41,43,44,42,43,43,43
1775548903.8637,42,44,43,42,42,41,43,44,43,43,43,43
1775548904.0640,42,44,43,42,42,41,43,44,42,43,43,43
1775548904.2642,42,44,43,42,42,41,43,44,42,43,43,43
1775548904.4645,42,44,43,42,42,41,43,44,42,43,43,43
1775548904.6651,42,44,43,42,42,41,43,44,43,43,43,43
1775548904.8653,42,44,43,42,42,41,43,44,42,43,43,43
1775548905.0658,42,44,43,42,42,41,43,44,43,43,43,43
1775548905.2660,42,44,43,42,42,41,43,44,42,43,43,43
1775548905.4681,42,44,43,42,42,41,43,44,42,43,43,43
1775548905.6683,42,44,43,42,42,41,43,44,42,43,43,43
1775548905.8686,42,44,43,42,42,41,43,44,42,43,43,43
1775548906.0690,42,44,43,42,42,41,43,44,42,43,43,43
1775548906.2696,42,44,43,42,42,41,43,44,43,43,43,43
1775548906.4699,42,44,43,42,42,41,43,44,43,43,43,43
1775548906.6700,42,44,43,42,42,41,43,44,42,43,43,43
1775548906.8703,42,44,43,42,42,41,43,44,43,43,43,43
1775548907.0707,42,44,43,42,42,41,43,44,43,43,43,43
1775548907.2709,42,44,43,42,42,41,43,44,43,43,43,43
1775548907.4712,42,44,43,42,42,41,43,44,42,43,43,43
1775548907.6715,42,44,43,42,42,41,43,44,43,43,43,43
1775548907.8717,42,44,43,42,42,41,43,44,42,43,43,43
1775548908.0733,42,44,43,42,42,41,43,44,42,43,43,43
1775548908.2754,42,44,43,42,42,41,43,44,43,43,43,43
1775548908.4756,42,44,43,42,42,41,43,44,43,43,43,43
1775548908.6759,42,44,43,42,42,41,43,44,43,43,43,43
1775548908.8764,42,44,43,42,42,41,43,44,43,43,43,43
1775548909.0766,42,44,43,42,42,41,43,44,43,43,43,43
1775548909.2769,42,44,43,42,42,41,43,44,43,43,43,43
1775548909.4773,42,44,43,42,42,41,43,44,43,43,43,43
1775548909.6776,42,44,43,42,42,41,43,44,43,43,43,43
1775548909.8780,42,44,43,42,42,41,43,44,43,43,43,43
1775548910.0785,42,44,43,42,42,41,43,44,43,43,43,43
1775548910.2796,42,44,43,42,42,41,43,44,43,43,43,43
1775548910.4802,42,44,43,42,42,41,43,44,43,43,43,43
1775548910.6805,42,44,43,42,42,41,43,44,43,43,43,43
1775548910.8809,42,44,43,42,42,41,43,44,43,43,43,43
1775548911.0820,42,44,43,42,42,41,43,44,43,43,43,43
1775548911.2826,42,44,43,42,42,41,43,44,43,43,43,43
1775548911.4836,42,44,43,42,42,41,43,44,43,43,43,43
1775548911.6839,42,44,43,42,42,41,43,44,43,43,43,43
1775548911.8863,42,44,43,42,42,41,43,44,43,43,43,43
1775548912.0874,42,44,43,42,42,41,43,44,43,43,43,43
1775548912.2876,42,44,43,42,42,41,43,44,43,43,43,43
1775548912.4880,42,44,43,42,42,41,43,44,43,43,43,43
1775548912.6883,42,44,43,42,42,41,43,44,43,43,43,43
1775548912.8885,42,44,43,42,42,41,43,44,43,43,43,43
1775548913.0888,42,44,43,42,42,41,43,44,43,43,43,43
1775548913.2892,42,44,43,42,42,41,43,44,43,43,43,43
1775548913.4895,42,44,43,42,42,41,43,44,43,43,43,43
1775548913.6897,42,44,43,42,42,41,43,44,43,43,43,43
1775548913.8901,42,44,43,42,42,41,43,44,43,43,43,43
1775548914.0904,42,44,43,42,42,41,43,44,43,43,43,43
1775548914.2909,42,44,43,42,42,41,43,44,43,43,43,43
1775548914.4912,42,44,43,42,42,41,43,44,43,43,43,43
1775548914.6915,42,44,43,42,42,41,43,44,43,43,43,43
1775548914.8925,42,44,43,42,42,41,43,44,43,43,43,43
1775548915.0928,42,44,43,42,42,41,43,44,43,43,43,43
1775548915.2931,42,44,43,42,42,41,43,44,43,43,43,43
1775548915.4936,42,44,43,42,42,41,43,44,43,43,43,43
1775548915.6939,42,44,43,42,42,41,43,44,43,43,43,43
1775548915.8942,42,44,43,42,42,41,43,44,43,43,43,43
1775548916.0944,42,44,43,42,42,41,43,44,43,43,43,43
1775548916.2950,42,44,43,42,42,41,43,44,43,43,43,43
1775548916.4953,42,44,43,42,42,41,43,44,43,43,43,43
1775548916.6955,42,44,43,42,42,41,43,44,43,43,43,43
1775548916.8961,42,44,43,42,42,41,43,44,43,43,43,43
1775548917.0963,42,44,43,42,42,41,43,44,43,43,43,43
1775548917.2967,42,44,43,42,42,41,43,44,43,43,43,43
1775548917.4971,42,44,43,42,42,41,43,44,43,43,43,43
1775548917.6974,42,44,43,42,42,41,43,44,43,43,43,43
1775548917.8977,42,44,43,42,42,41,43,44,43,43,43,43
1775548918.0979,42,44,43,42,42,41,43,44,43,43,43,43
1775548918.2980,42,44,43,42,42,41,43,44,43,43,43,43
1775548918.4986,42,44,43,42,42,41,43,44,43,43,43,43
1775548918.6990,42,44,43,42,42,41,43,44,43,43,43,43
1775548918.8994,42,44,43,42,42,41,43,44,43,43,43,43
1775548919.0998,42,44,43,42,42,41,43,44,43,43,43,43
1775548919.3001,42,44,43,42,42,41,43,44,43,43,43,43
1775548919.5006,42,44,43,42,42,41,43,44,43,43,43,43
1775548919.7009,42,44,43,42,42,41,43,44,43,43,43,43
1775548919.9012,42,44,43,42,42,41,43,44,43,43,43,43
1775548920.1017,42,44,43,42,42,41,43,44,43,43,43,43
1775548920.3019,42,44,43,42,42,41,43,44,43,43,43,43
1775548920.5024,42,44,43,42,42,41,43,44,43,43,43,43
1775548920.7026,42,44,43,42,42,41,43,44,43,43,43,43
1775548920.9029,42,44,43,42,42,41,43,44,43,43,43,43
1775548921.1032,42,44,43,42,42,41,43,44,43,43,43,43
1775548921.3035,42,44,43,42,42,41,43,44,43,43,43,43
1775548921.5037,42,44,43,42,42,41,43,44,43,43,43,43
1775548921.7040,42,44,43,42,42,41,43,44,43,43,43,43
1775548921.9042,42,44,43,42,42,41,43,44,43,43,43,43
1775548922.1046,42,44,43,42,42,41,43,44,43,43,43,43
1775548922.3050,42,44,43,42,42,41,43,44,43,43,43,43
1775548922.5052,42,44,43,42,42,41,43,44,43,43,43,43
1775548922.7055,42,44,43,42,42,41,43,44,43,43,43,43
1775548922.9058,42,44,43,42,42,41,43,44,43,43,43,43
1775548923.1060,42,44,43,42,42,41,43,44,43,43,43,43
1775548923.3063,42,44,43,42,42,41,43,44,43,43,43,43
1775548923.5071,42,44,43,42,42,41,43,44,43,43,43,43
1775548923.7076,42,44,43,42,42,41,43,44,43,43,43,43
1775548923.9079,42,44,43,42,42,41,43,44,43,43,43,43
1775548924.1085,42,44,43,42,42,41,43,44,43,43,43,43
1775548924.3090,42,44,43,42,42,41,43,44,43,43,43,43
1775548924.5096,42,44,43,42,42,41,43,44,43,43,43,43
1775548924.7100,42,44,43,42,42,41,43,44,43,43,43,43
1775548924.9102,42,44,43,42,42,41,43,44,43,43,43,43
1775548925.1112,42,44,43,42,42,41,43,44,43,43,43,43
1775548925.3114,42,44,43,42,42,41,43,44,43,43,43,43
1775548925.5117,42,44,43,42,42,41,43,44,43,43,43,43
1775548925.7121,42,44,43,42,42,41,43,44,43,43,43,43
1775548925.9124,42,44,43,42,42,41,43,44,43,43,43,43
1775548926.1128,42,44,43,42,42,41,43,44,43,43,43,43
1775548926.3131,42,44,43,42,42,41,43,44,43,43,43,43
1775548926.5133,42,44,43,42,42,41,43,44,43,43,43,43
1775548926.7136,42,44,43,42,42,41,43,44,43,43,43,43
1775548926.9139,42,44,43,42,42,41,43,44,43,43,43,43
1775548927.1141,42,44,43,42,42,41,43,44,43,43,43,43
1775548927.3144,42,44,43,42,42,41,43,44,43,43,43,43
1775548927.5150,42,44,43,42,42,41,43,44,43,43,43,43
1775548927.7152,42,44,43,42,42,41,43,44,43,43,43,43
1775548927.9157,42,44,43,42,42,41,43,44,43,43,43,43
1775548928.1160,42,44,43,42,42,41,43,44,43,43,43,43
1775548928.3164,42,44,43,42,42,41,43,44,43,43,43,43
1775548928.5167,42,44,43,42,42,41,43,44,43,43,43,43
1775548928.7169,42,44,43,42,42,41,43,44,43,43,43,43
1775548928.9172,42,44,43,42,42,41,43,44,43,43,43,43
1775548929.1176,42,44,43,42,42,41,43,44,43,43,43,43
1775548929.3181,42,44,43,42,42,41,43,44,43,43,43,43
1775548929.5184,42,44,43,42,42,41,43,44,43,43,43,43
1775548929.7187,42,44,43,42,42,41,43,44,43,43,43,43
1775548929.9190,42,44,43,42,42,41,43,44,43,43,43,43
1775548930.1194,42,44,43,42,42,41,43,44,43,43,43,43
1775548930.3197,42,44,43,42,42,41,43,44,43,43,43,43
1775548930.5200,42,44,43,42,42,41,43,44,43,43,43,43
1775548930.7205,42,44,43,42,42,41,43,44,43,43,43,43
1775548930.9209,42,44,43,42,42,41,43,44,43,43,43,43
1775548931.1212,42,44,43,42,42,41,43,44,43,43,43,43
1775548931.3215,42,44,43,42,42,41,43,44,43,43,43,43
1775548931.5220,42,44,43,42,42,41,43,44,43,43,43,43
1775548931.7224,42,44,43,42,42,41,43,44,43,43,43,43
1775548931.9226,42,44,43,42,42,41,43,44,43,43,43,43
1775548932.1229,42,44,43,42,42,41,43,44,43,43,43,43
1775548932.3232,42,44,43,42,42,41,43,44,43,43,43,43
1775548932.5239,42,44,43,42,42,41,43,44,43,43,43,43
1775548932.7243,42,44,43,42,42,41,43,44,43,43,43,43
1775548932.9247,42,44,43,42,42,41,43,44,43,43,43,43
1775548933.1252,42,44,43,42,42,41,43,44,43,43,43,43
1775548933.3256,42,44,43,42,42,41,43,44,43,43,43,43
1775548933.5259,42,44,43,42,42,41,43,44,43,43,43,43
1775548933.7265,42,44,43,42,42,41,43,44,43,43,43,43
1775548933.9269,42,44,43,42,42,41,43,44,43,43,43,43
1775548934.1272,42,44,43,42,42,41,43,44,43,43,43,43
1775548934.3274,42,44,43,42,42,41,43,44,43,43,43,43
1775548934.5277,42,44,43,42,42,41,43,44,43,43,43,43
1775548934.7282,42,44,43,42,42,41,43,44,43,43,43,43
1775548934.9287,42,44,43,42,42,41,43,44,43,43,43,43
1775548935.1289,42,44,43,42,42,41,43,44,43,43,43,43
1775548935.3295,42,44,43,42,42,41,43,44,43,43,43,43
1775548935.5298,42,44,43,42,42,41,43,44,43,43,43,43
1775548935.7301,42,44,43,42,42,41,43,44,43,43,43,43
1775548935.9304,42,44,43,42,42,41,43,44,43,43,43,43
1775548936.1309,42,44,43,42,42,41,43,44,43,43,43,43
1775548936.3313,42,44,43,42,42,41,43,44,43,43,43,43
1775548936.5322,42,44,43,42,42,41,43,44,43,43,43,43
1775548936.7324,42,44,43,42,42,41,43,44,43,43,43,43
1775548936.9329,42,44,43,42,42,41,43,44,43,43,43,43
1775548937.1332,42,44,43,42,42,41,43,44,43,43,43,43
1775548937.3334,42,44,43,42,42,41,43,44,43,43,43,43
1775548937.5340,42,44,43,42,42,41,43,44,43,43,43,43
1775548937.7343,42,44,43,42,42,41,43,44,43,43,43,43
1775548937.9345,42,44,43,42,42,41,43,44,43,43,43,43
1775548938.1348,42,44,43,42,42,41,43,44,43,43,43,43
1775548938.3351,42,44,43,42,42,41,43,44,43,43,43,43
1775548938.5353,42,44,43,42,42,41,43,44,43,43,43,43
1775548938.7356,42,44,43,42,42,41,43,44,43,43,43,43
1775548938.9358,42,44,43,42,42,41,43,44,43,43,43,43
1775548939.1366,42,44,43,42,42,41,43,44,43,43,43,43
1775548939.3368,42,44,43,42,42,41,43,44,43,43,43,43
1775548939.5371,42,44,43,42,42,41,43,44,43,43,43,43
1775548939.7373,42,44,43,42,42,41,43,44,43,43,43,43
1775548939.9384,42,44,43,42,42,41,43,44,43,43,43,43
1775548940.1387,42,44,43,42,42,41,43,44,43,43,43,43
1775548940.3390,42,44,43,42,42,41,43,44,43,43,43,43
1775548940.5396,42,44,43,42,42,41,43,44,43,43,43,43
1775548940.7400,42,44,43,42,42,41,43,44,43,43,43,43
1775548940.9405,42,44,43,42,42,41,43,44,43,43,43,43
1775548941.1414,42,44,43,42,42,41,43,44,43,43,43,43
1775548941.3417,42,44,43,42,42,41,43,44,43,43,43,43
1775548941.5428,42,44,43,42,42,41,43,44,43,43,43,43
1775548941.7430,42,44,43,42,42,41,43,44,43,43,43,43
1775548941.9452,42,44,43,42,42,41,43,44,43,43,43,43
1775548942.1455,42,44,43,42,42,41,43,44,43,43,43,43
1775548942.3458,42,44,43,42,42,41,43,44,43,43,43,43
1775548942.5463,42,44,43,42,42,41,43,44,43,43,43,43
1775548942.7478,42,44,43,42,42,41,43,44,43,43,43,43
1775548942.9482,42,44,43,42,42,41,43,44,43,43,43,43
1775548943.1484,42,44,43,42,42,41,43,44,43,43,43,43
1775548943.3489,42,44,43,42,42,41,43,44,43,43,43,43
1775548943.5493,42,44,43,42,42,41,43,44,43,43,43,43
1775548943.7496,42,44,43,42,42,41,43,44,43,43,43,43
1775548943.9515,42,44,43,42,42,41,43,44,43,43,43,43
1775548944.1522,42,44,43,42,42,41,43,44,43,43,43,43
1775548944.3528,42,44,43,42,42,41,43,44,43,43,43,43
1775548944.5533,42,44,43,42,42,41,43,44,43,43,43,43
1775548944.7537,42,44,43,42,42,41,43,44,43,43,43,43
1775548944.9540,42,44,43,42,42,41,43,44,43,43,43,43
1775548945.1543,42,44,43,42,42,41,43,44,43,43,43,43
1775548945.3546,42,44,43,42,42,41,43,44,43,43,43,43
1775548945.5549,42,44,43,42,42,41,43,44,43,43,43,43
1775548945.7551,42,44,43,42,42,41,43,44,43,43,43,43
1775548945.9557,42,44,43,42,42,41,43,44,43,43,43,43
1775548946.1560,42,44,43,42,42,41,43,44,43,43,43,43
1775548946.3565,42,44,43,42,42,41,43,44,43,43,43,43
1775548946.5567,42,44,43,42,42,41,43,44,43,43,43,43
1775548946.7570,42,44,43,42,42,41,43,44,43,43,43,43
1775548946.9572,42,44,43,42,42,41,43,44,43,43,43,43
1775548947.1577,42,44,43,42,42,41,43,44,43,43,43,43
1775548947.3580,42,44,43,42,42,41,43,44,43,43,43,43
1775548947.5583,42,44,43,42,42,41,43,44,43,43,43,43
1775548947.7586,42,44,43,42,42,41,43,44,43,43,43,43
1775548947.9590,42,44,43,42,42,41,43,44,43,43,43,43
1775548948.1593,42,44,43,42,42,41,43,44,43,43,43,43
1775548948.3595,42,44,43,42,42,41,43,44,43,43,43,43
1775548948.5610,42,44,43,42,42,41,43,44,43,43,43,43
1775548948.7613,42,44,43,42,42,41,43,44,43,43,43,43
1775548948.9615,42,44,43,42,42,41,43,44,43,43,43,43
1775548949.1618,42,44,43,42,42,41,43,44,43,43,43,43
1775548949.3626,42,44,43,42,42,41,43,44,43,43,43,43
1775548949.5629,42,44,43,42,42,41,43,44,43,43,43,43
1775548949.7631,42,44,43,42,42,41,43,44,43,43,43,43
1775548949.9634,42,44,43,42,42,41,43,44,43,43,43,43
1775548950.1637,42,44,43,42,42,41,43,44,43,43,43,43
1775548950.3645,42,44,43,42,42,41,43,44,43,43,43,43
1775548950.5647,42,44,43,42,42,41,43,44,43,43,43,43
1775548950.7651,42,44,43,42,42,41,43,44,43,43,43,43
1775548950.9655,42,44,43,42,42,41,43,44,43,43,43,43
1775548951.1657,42,44,43,42,42,41,43,44,43,43,43,43
1775548951.3660,42,44,43,42,42,41,43,44,43,43,43,43
1775548951.5663,42,44,43,42,42,41,43,44,43,43,43,43
1775548951.7668,42,44,43,42,42,41,43,44,43,43,43,43
1775548951.9671,42,44,43,42,42,41,43,44,43,43,43,43
1775548952.1675,42,44,43,42,42,41,43,44,43,43,43,43
1775548952.3677,42,44,43,42,42,41,43,44,43,43,43,43
1775548952.5682,42,44,43,42,42,41,43,44,43,43,43,43
1775548952.7686,42,44,43,42,42,41,43,44,43,43,43,43
1775548952.9690,42,44,43,42,42,41,43,44,43,43,43,43
1775548953.1694,42,44,43,42,42,41,43,44,43,43,43,43
1775548953.3697,42,44,43,42,42,41,43,44,43,43,43,43
1775548953.5699,42,44,43,42,42,41,43,44,43,43,43,43
1775548953.7702,42,44,43,42,42,41,43,44,43,43,43,43
1775548953.9706,42,44,43,42,42,41,43,44,43,43,43,43
1775548954.1710,42,44,43,42,42,41,43,44,43,43,43,43
1775548954.3717,42,44,43,42,42,41,43,44,43,43,43,43
1775548954.5721,42,44,43,42,42,41,43,44,43,43,43,43
1775548954.7725,42,44,43,42,42,41,43,44,43,43,43,43
1775548954.9731,42,44,43,42,42,41,43,44,43,43,43,43
1775548955.1735,42,44,43,42,42,41,43,44,43,43,43,43
1775548955.3743,42,44,43,42,42,41,43,44,43,43,43,43
1775548955.5746,42,44,43,42,42,41,43,44,43,43,43,43
1775548955.7748,42,44,43,42,42,41,43,44,43,43,43,43
1775548955.9751,42,44,43,42,42,41,43,44,43,43,43,43
1775548956.1754,42,44,43,42,42,41,43,44,43,43,43,43
1775548956.3757,42,44,43,42,42,41,43,44,43,43,43,43
1775548956.5759,42,44,43,42,42,41,43,44,43,43,43,43
1775548956.7764,42,44,43,42,42,41,43,44,43,43,43,43
1775548956.9767,42,44,43,42,42,41,43,44,43,43,43,43
1775548957.1769,42,44,43,42,42,41,43,44,43,43,43,43
1775548957.3772,42,44,43,42,42,41,43,44,43,43,43,43
1775548957.5776,42,44,43,42,42,41,43,44,43,43,43,43
1775548957.7779,42,44,43,42,42,41,43,44,43,43,43,43
1775548957.9784,42,44,43,42,42,41,43,44,43,43,43,43
1775548958.1788,42,44,43,42,42,41,43,44,43,43,43,43
1775548958.3791,42,44,43,42,42,41,43,44,43,43,43,43
1775548958.5793,42,44,43,42,42,41,43,44,43,43,43,43
1775548958.7796,42,44,43,42,42,41,43,44,43,43,43,43
1775548958.9800,42,44,43,42,42,41,43,44,43,43,43,43
1775548959.1803,42,44,43,42,42,41,43,44,43,43,43,43
1775548959.3805,42,44,43,42,42,41,43,44,43,43,43,43
1775548959.5810,42,44,43,42,42,41,43,44,43,43,43,43
1775548959.7813,42,44,43,42,42,41,43,44,43,43,43,43
1775548959.9831,42,44,43,42,42,41,43,44,43,43,43,43
1775548960.1835,42,44,43,42,42,41,43,44,43,43,43,43
1775548960.3837,42,44,43,42,42,41,43,44,43,43,43,43
1775548960.5840,42,44,43,42,42,41,43,44,43,43,43,43
1775548960.7842,42,44,43,42,42,41,43,44,43,43,43,43
1775548960.9846,42,44,43,42,42,41,43,44,43,43,43,43
1775548961.1849,42,44,43,42,42,41,43,44,43,43,43,43
1775548961.3852,42,44,43,42,42,41,43,44,43,43,43,43
1775548961.5862,42,44,43,42,42,41,43,44,43,43,43,43
1775548961.7867,42,44,43,42,42,41,43,44,43,43,43,43
1775548961.9870,42,44,43,42,42,41,43,44,43,43,43,43
1775548962.1873,42,44,43,42,42,41,43,44,43,43,43,43
1775548962.3876,42,44,43,42,42,41,43,44,43,43,43,43
1775548962.5878,42,44,43,42,42,41,43,44,43,43,43,43
1775548962.7881,42,44,43,42,42,41,43,44,43,43,43,43
1775548962.9888,42,44,43,42,42,41,43,44,43,43,43,43
1775548963.1890,42,44,43,42,42,41,43,44,43,43,43,43
1775548963.3903,42,44,43,42,42,41,43,44,43,43,43,43
1775548963.5906,42,44,43,42,42,41,43,44,43,43,43,43
1775548963.7909,42,44,43,42,42,41,43,44,43,43,43,43
1775548963.9911,42,44,43,42,42,41,43,44,43,43,43,43
1775548964.1915,42,44,43,42,42,41,43,44,43,43,43,43
1775548964.3917,42,44,43,42,42,41,43,44,43,43,43,43
1775548964.5920,42,44,43,42,42,41,43,44,43,43,43,43
1775548964.7926,42,44,43,42,42,41,43,44,43,43,43,43
1775548964.9931,42,44,43,42,42,41,43,44,43,43,43,43
1775548965.1935,42,44,43,42,42,41,43,44,43,43,43,43
1775548965.3940,42,44,43,42,42,41,43,44,43,43,43,43
1775548965.5941,42,44,43,42,42,41,43,44,43,43,43,43
1775548965.7944,42,44,43,42,42,41,43,44,43,43,43,43
1775548965.9949,42,44,43,42,42,41,43,44,43,43,43,43
1775548966.1955,42,44,43,42,42,41,43,44,43,43,43,43
1775548966.3958,42,44,43,42,42,41,43,44,43,43,43,43
1775548966.5960,42,44,43,42,42,41,43,44,43,43,43,43
1775548966.7963,42,44,43,42,42,41,43,44,43,43,43,43
1775548966.9966,42,44,43,42,42,41,43,44,43,43,43,43
1775548967.1968,42,44,43,42,42,41,43,44,43,43,43,43
1775548967.3971,42,44,43,42,42,41,43,44,43,43,43,43
1775548967.5974,42,44,43,42,42,41,43,44,43,43,43,43
1775548967.7977,42,44,43,42,42,41,43,44,43,43,43,43
1775548967.9981,42,44,43,42,42,41,43,44,43,43,43,43
1775548968.1984,42,44,43,42,42,41,43,44,43,43,43,43
1775548968.3986,42,44,43,42,42,41,43,44,43,43,43,43
1775548968.5993,42,44,43,42,42,41,43,44,43,43,43,43
1775548968.8001,42,44,43,42,42,41,43,44,43,43,43,43
1775548969.0003,42,44,43,42,42,41,43,44,43,43,43,43
1775548969.2006,42,44,43,42,42,41,43,44,43,43,43,43
1775548969.4011,42,44,43,42,42,41,43,44,43,43,43,43
1775548969.6016,42,44,43,42,42,41,43,44,43,43,43,43
1775548969.8019,42,44,43,42,42,41,43,44,43,43,43,43
1775548970.0021,42,44,43,42,42,41,43,44,43,43,43,43
1775548970.2024,42,44,43,42,42,41,43,44,43,43,43,43
1775548970.4028,42,44,43,42,42,41,43,44,43,43,43,43
1775548970.6044,42,44,43,42,42,41,43,44,43,43,43,43
1775548970.8046,42,44,43,42,42,41,43,44,43,43,43,43
1775548971.0049,42,44,43,42,42,41,43,44,43,43,43,43
1775548971.2053,42,44,43,42,42,41,43,44,43,43,43,43
1775548971.4056,42,44,43,42,42,41,43,44,43,43,43,43
1775548971.6061,42,44,43,42,42,41,43,44,43,43,43,43
1775548971.8064,42,44,43,42,42,41,43,44,43,43,43,43
1775548972.0069,42,44,43,42,42,41,43,44,43,43,43,43
1775548972.2077,42,44,43,42,42,41,43,44,43,43,43,43
1775548972.4079,42,44,43,42,42,41,43,44,43,43,43,43
1775548972.6082,42,44,43,42,42,41,43,44,43,43,43,43
1775548972.8093,42,44,43,42,42,41,43,44,43,43,43,43
1775548973.0096,42,44,43,42,42,41,43,44,43,43,43,43
1775548973.2101,42,44,43,42,42,41,43,44,43,43,43,43
1775548973.4104,42,44,43,42,42,41,43,44,43,43,43,43
1775548973.6108,42,44,43,42,42,41,43,44,43,43,43,43
1775548973.8112,42,44,43,42,42,41,43,44,43,43,43,43
1775548974.0116,42,44,43,42,42,41,43,44,43,43,43,43
1775548974.2125,42,44,43,42,42,41,43,44,43,43,43,43
1775548974.4129,42,44,43,42,42,41,43,44,43,43,43,43
1775548974.6134,42,44,43,42,42,41,43,44,43,43,43,43
1775548974.8137,42,44,43,42,42,41,43,44,43,43,43,43
1775548975.0142,42,44,43,42,42,41,43,44,43,43,43,43
1775548975.2146,42,44,43,42,42,41,43,44,43,43,43,43
1775548975.4149,42,44,43,42,42,41,43,44,43,43,43,43
1775548975.6157,42,44,43,42,42,41,43,44,43,43,43,43
1775548975.8160,42,44,43,42,42,41,43,44,43,43,43,43
1775548976.0165,42,44,43,42,42,41,43,44,43,43,43,43
1775548976.2185,42,44,43,42,42,41,43,44,43,43,43,43
1775548976.4188,42,44,43,42,42,41,43,44,43,43,43,43
1775548976.6193,42,44,43,42,42,41,43,44,43,43,43,43
1775548976.8196,42,44,43,42,42,41,43,44,43,43,43,43
1775548977.0199,42,44,43,42,42,41,43,44,43,43,43,43
1775548977.2201,42,44,43,42,42,41,43,44,43,43,43,43
1775548977.4204,42,44,43,42,42,41,43,44,43,43,43,43
1775548977.6207,42,44,43,42,42,41,43,44,43,43,43,43
1775548977.8211,42,44,43,42,42,41,43,44,43,43,43,43
1775548978.0215,42,44,43,42,42,41,43,44,43,43,43,43
1775548978.2219,42,44,43,42,42,41,43,44,43,43,43,43
1775548978.4221,42,44,43,42,42,41,43,44,43,43,43,43
1775548978.6232,42,44,43,42,42,41,43,44,43,43,43,43
1775548978.8235,42,44,43,42,42,41,43,44,43,43,43,43
1775548979.0237,42,44,43,42,42,41,43,44,43,43,43,43
1775548979.2240,42,44,43,42,42,41,43,44,43,43,43,43
1775548979.4243,42,44,43,42,42,41,43,44,43,43,43,43
1775548979.6248,42,44,43,42,42,41,43,44,43,43,43,43
1775548979.8252,42,44,43,42,42,41,43,44,43,43,43,43
1775548980.0254,42,44,43,42,42,41,43,44,43,43,43,43
1775548980.2257,42,44,43,42,42,41,43,44,43,43,43,43
1775548980.4259,42,44,43,42,42,41,43,44,43,43,43,43
1775548980.6262,42,44,43,42,42,41,43,44,43,43,43,43
1775548980.8266,42,44,43,42,42,41,43,44,43,43,43,43
1775548981.0268,42,44,43,42,42,41,43,44,43,43,43,43
1775548981.2271,42,44,43,42,42,41,43,44,43,43,43,43
1775548981.4275,42,44,43,42,42,41,43,44,43,43,43,43
1775548981.6277,42,44,43,42,42,41,43,44,43,43,43,43
1775548981.8280,42,44,43,42,42,41,43,44,43,43,43,43
1775548982.0281,42,44,43,42,42,41,43,44,43,43,43,43
1775548982.2284,42,44,43,42,42,41,43,44,43,43,43,43
1775548982.4287,42,44,43,42,42,41,43,44,43,43,43,43
1775548982.6290,42,44,43,42,42,41,43,44,43,43,43,43
1775548982.8293,42,44,43,42,42,41,43,44,43,43,43,43
1775548983.0296,42,44,43,42,42,41,43,44,43,43,43,43
1775548983.2298,42,44,43,42,42,41,43,44,43,43,43,43
1775548983.4301,42,44,43,42,42,41,43,44,43,43,43,43
1775548983.6304,42,44,43,42,42,41,43,44,43,43,43,43
1775548983.8315,42,44,43,42,42,41,43,44,43,43,43,43
1775548984.0320,42,44,43,42,42,41,43,44,43,43,43,43
1775548984.2326,42,44,43,42,42,41,43,44,43,43,43,43
1775548984.4332,42,44,43,42,42,41,43,44,43,43,43,43
1775548984.6335,42,44,43,42,42,41,43,44,43,43,43,43
1775548984.8338,42,44,43,42,42,41,43,44,43,43,43,43
1775548985.0341,42,44,43,42,42,41,43,44,43,43,43,43
1775548985.2343,42,44,43,42,42,41,43,44,43,43,43,43
1775548985.4348,42,44,43,42,42,41,43,44,43,43,43,43
1775548985.6353,42,44,43,42,42,41,43,44,43,43,43,43
1775548985.8357,42,44,43,42,42,41,43,44,43,43,43,43
1775548986.0360,42,44,43,42,42,41,43,44,43,43,43,43
1775548986.2363,42,44,43,42,42,41,43,44,43,43,43,43
1775548986.4367,42,44,43,42,42,41,43,44,43,43,43,43
1775548986.6375,42,44,43,42,42,41,43,44,43,43,43,43
1775548986.8382,42,44,43,42,42,41,43,44,43,43,43,43
1775548987.0385,42,44,43,42,42,41,43,44,43,43,43,43
1775548987.2394,42,44,43,42,42,41,43,44,43,43,43,43
1775548987.4397,42,44,43,42,42,41,43,44,43,43,43,43
1775548987.6405,42,44,43,42,42,41,43,44,43,43,43,43
1775548987.8409,42,44,43,42,42,41,43,44,43,43,43,43
1775548988.0412,42,44,43,42,42,41,43,44,43,43,43,43
1775548988.2416,42,44,43,42,42,41,43,44,43,43,43,43
1775548988.4419,42,44,43,42,42,41,43,44,43,43,43,43
1775548988.6424,42,44,43,42,42,41,43,44,43,43,43,43
1775548988.8436,42,44,43,42,42,41,43,44,43,43,43,43
1775548989.0442,42,44,43,42,42,41,43,44,43,43,43,43
1775548989.2445,42,44,43,42,42,41,43,44,43,43,43,43
1775548989.4449,42,44,43,42,42,41,43,44,43,43,43,43
1775548989.6451,42,44,43,42,42,41,43,44,43,43,43,43
1775548989.8454,42,44,43,42,42,41,43,44,43,43,43,43
1775548990.0457,42,44,43,42,42,41,43,44,43,43,43,43
1775548990.2460,42,44,43,42,42,41,43,44,43,43,43,43
1775548990.4467,42,44,43,42,42,41,43,44,43,43,43,43
1775548990.6484,42,44,43,42,42,41,43,44,43,43,43,43
1775548990.8493,42,44,43,42,42,41,43,44,43,43,43,43
1775548991.0496,42,44,43,42,42,41,43,44,43,43,43,43
1775548991.2501,42,44,43,42,42,41,43,44,43,43,43,43
1775548991.4505,42,44,43,42,42,41,43,44,43,43,43,43
1775548991.6509,42,44,43,42,42,41,43,44,43,43,43,43
1775548991.8519,42,44,43,42,42,41,43,44,43,43,43,43
1775548992.0541,42,44,43,42,42,41,43,44,43,43,43,43
1775548992.2545,42,44,43,42,42,41,43,44,43,43,43,43
1775548992.4609,42,44,43,42,42,41,43,44,43,43,43,43
1775548992.6615,42,44,43,42,42,41,43,44,43,43,43,43
1775548992.8622,42,44,43,42,42,41,43,44,43,43,43,43
1775548993.0631,42,44,43,42,42,41,43,44,43,43,43,43
1775548993.2642,42,44,43,42,42,41,43,44,43,43,43,43
1775548993.4649,42,44,43,42,42,41,43,44,43,43,43,43
1775548993.6703,42,44,43,42,42,41,43,44,43,43,43,43
1775548993.8713,42,44,43,42,42,41,43,44,43,43,43,43
1775548994.0744,42,44,43,42,42,41,43,44,43,43,43,43
1775548994.2747,42,44,43,42,42,41,43,44,43,43,43,43
1775548994.4750,42,44,43,42,42,41,43,44,43,43,43,43
1775548994.6752,42,44,43,42,42,41,43,44,43,43,43,43
1775548994.8755,42,44,43,42,42,41,43,44,43,43,43,43
1775548995.0758,42,44,43,42,42,41,43,44,43,43,43,43
1775548995.2765,42,44,43,42,42,41,43,44,43,43,43,43
1775548995.4772,42,44,43,42,42,41,43,44,43,43,43,43
1775548995.6775,42,44,43,42,42,41,43,44,43,43,43,43
1775548995.8780,42,44,43,42,42,41,43,44,43,43,43,43
1775548996.0783,42,44,43,42,42,41,43,44,43,43,43,43
1775548996.2786,42,44,43,42,42,41,43,44,43,43,43,43
1775548996.4795,42,44,43,42,42,41,43,44,43,43,43,43
1775548996.6797,42,44,43,42,42,41,43,44,43,43,43,43
1775548996.8803,42,44,43,42,42,41,43,44,43,43,43,43
1775548997.0806,42,44,43,42,42,41,43,44,43,43,43,43
1775548997.2809,42,44,43,42,42,41,43,44,43,43,43,43
1775548997.4816,42,44,43,42,42,41,43,44,43,43,43,43
1775548997.6820,42,44,43,42,42,41,43,44,43,43,43,43
1775548997.8823,42,44,43,42,42,41,43,44,43,43,43,43
1775548998.0826,42,44,43,42,42,41,43,44,43,43,43,43
1775548998.2829,42,44,43,42,42,41,43,44,43,43,43,43
1775548998.4832,42,44,43,42,42,41,43,44,43,43,43,43
1775548998.6835,42,44,43,42,42,41,43,44,43,43,43,43
1775548998.8839,42,44,43,42,42,41,43,44,43,43,43,43
1775548999.0842,42,44,43,42,42,41,43,44,43,43,43,43
1775548999.2845,42,44,43,42,42,41,43,44,43,43,43,43
1775548999.4848,42,44,43,42,42,41,43,44,43,43,43,43
1775548999.6851,42,44,43,42,42,41,43,44,43,43,43,43
1775548999.8853,42,44,43,42,42,41,43,44,43,43,43,43
1775549000.0856,42,44,43,42,42,41,43,44,43,43,43,43
1775549000.2859,42,44,43,42,42,41,43,44,43,43,43,43
1775549000.4873,42,44,43,42,42,41,43,44,43,43,43,43
1775549000.6881,42,44,43,42,42,41,43,44,43,43,43,43
1775549000.8883,42,44,43,42,42,41,43,44,43,43,43,43
1775549001.0906,42,44,43,42,42,41,43,44,43,43,43,43
1775549001.2908,42,44,43,42,42,41,43,44,43,43,43,43
1775549001.4911,42,44,43,42,42,41,43,44,43,43,43,43
1775549001.6915,42,44,43,42,42,41,43,44,43,43,43,43
1775549001.8918,42,44,43,42,42,41,43,44,43,43,43,43
1775549002.0922,42,44,43,42,42,41,43,44,43,43,43,43
1775549002.2925,42,44,43,42,42,41,43,44,43,43,43,43
1775549002.4928,42,44,43,42,42,41,43,44,43,43,43,43
1775549002.6930,42,44,43,42,42,41,43,44,43,43,43,43
1775549002.8934,42,44,43,42,42,41,43,44,43,43,43,43
1775549003.0937,42,44,43,42,42,41,43,44,43,43,43,43
1775549003.2941,42,44,43,42,42,41,43,44,43,43,43,43
1775549003.4949,42,44,43,42,42,41,43,44,43,43,43,43
1775549003.6952,42,44,43,42,42,41,43,44,43,43,43,43
1775549003.8959,42,44,43,42,42,41,43,44,43,43,43,43
1775549004.0966,42,44,43,42,42,41,43,44,43,43,43,43
1775549004.2969,42,44,43,42,42,41,43,44,43,43,43,43
1775549004.4972,42,44,43,42,42,41,43,44,43,43,43,43
1775549004.6974,42,44,43,42,42,41,43,44,43,43,43,43
1775549004.8978,42,44,43,42,42,41,43,44,43,43,43,43
1775549005.0981,42,44,43,42,42,41,43,44,43,43,43,43
1775549005.2986,42,44,43,42,42,41,43,44,43,43,43,43
1775549005.4993,42,44,43,42,42,41,43,44,43,43,43,43
1775549005.6995,42,44,43,42,42,41,43,44,43,43,43,43
1775549005.8998,42,44,43,42,42,41,43,44,43,43,43,43
1775549006.1002,42,44,43,42,42,41,43,44,43,43,43,43
1775549006.3005,42,44,43,42,42,41,43,44,43,43,43,43
1775549006.5007,42,44,43,42,42,41,43,44,43,43,43,43
1775549006.7010,42,44,43,42,42,41,43,44,43,43,43,43
1775549006.9014,42,44,43,42,42,41,43,44,43,43,43,43
1775549007.1017,42,44,43,42,42,41,43,44,43,43,43,43
1775549007.3020,42,44,43,42,42,41,43,44,43,43,43,43
1775549007.5023,42,44,43,42,42,41,43,44,43,43,43,43
1775549007.7028,42,44,43,42,42,41,43,44,43,43,43,43
1775549007.9031,42,44,43,42,42,41,43,44,43,43,43,43
1775549008.1033,42,44,43,42,42,41,43,44,43,43,43,43
1775549008.3036,42,44,43,42,42,41,43,44,43,43,43,43
1775549008.5039,42,44,43,42,42,41,43,44,43,43,43,43
1775549008.7041,42,44,43,42,42,41,43,44,43,43,43,43
1775549008.9048,42,44,43,42,42,41,43,44,43,43,43,43
1775549009.1050,42,44,43,42,42,41,43,44,43,43,43,43
1775549009.3053,42,44,43,42,42,41,43,44,43,43,43,43
1775549009.5056,42,44,43,42,42,41,43,44,43,43,43,43
1775549009.7058,42,44,43,42,42,41,43,44,43,43,43,43
1775549009.9061,42,44,43,42,42,41,43,44,43,43,43,43
1775549010.1064,42,44,43,42,42,41,43,44,43,43,43,43
1775549010.3066,42,44,43,42,42,41,43,44,43,43,43,43
1775549010.5069,42,44,43,42,42,41,43,44,43,43,43,43
1775549010.7071,42,44,43,42,42,41,43,44,43,43,43,43
1775549010.9075,42,44,43,42,42,41,43,44,43,43,43,43
1775549011.1078,42,44,43,42,42,41,43,44,43,43,43,43
1775549011.3082,42,44,43,42,42,41,43,44,43,43,43,43
1775549011.5085,42,44,43,42,42,41,43,44,43,43,43,43
1775549011.7087,42,44,43,42,42,41,43,44,43,43,43,43
1775549011.9093,42,44,43,42,42,41,43,44,43,43,43,43
1775549012.1096,42,44,43,42,42,41,43,44,43,43,43,43
1775549012.3098,42,44,43,42,42,41,43,44,43,43,43,43
1775549012.5108,42,44,43,42,42,41,43,44,43,43,43,43
1775549012.7113,42,44,43,42,42,41,43,44,43,43,43,43
1775549012.9121,42,44,43,42,42,41,43,44,43,43,43,43
1775549013.1124,42,44,43,42,42,41,43,44,43,43,43,43
1775549013.3127,42,44,43,42,42,41,43,44,43,43,43,43
1775549013.5129,42,44,43,42,42,41,43,44,43,43,43,43
1775549013.7132,42,44,43,42,42,41,43,44,43,43,43,43
1775549013.9135,42,44,43,42,42,41,43,44,43,43,43,43
1775549014.1141,42,44,43,42,42,41,43,44,43,43,43,43
1775549014.3144,42,44,43,42,42,41,43,44,43,43,43,43
1775549014.5147,42,44,43,42,42,41,43,44,43,43,43,43
1775549014.7153,42,44,43,42,42,41,43,44,43,43,43,43
1775549014.9156,42,44,43,42,42,41,43,44,43,43,43,43
1775549015.1159,42,44,43,42,42,41,43,44,43,43,43,43
1775549015.3162,42,44,43,42,42,41,43,44,43,43,43,43
1775549015.5166,42,44,43,42,42,41,43,44,43,43,43,43
1775549015.7174,42,44,43,42,42,41,43,44,43,43,43,43
1775549015.9177,42,44,43,42,42,41,43,44,43,43,43,43
1775549016.1179,42,44,43,42,42,41,43,44,43,43,43,43
1775549016.3182,42,44,43,42,42,41,43,44,43,43,43,43
1775549016.5187,42,44,43,42,42,41,43,44,43,43,43,43
1775549016.7190,42,44,43,42,42,41,43,44,43,43,43,43
1775549016.9193,42,44,43,42,42,41,43,44,43,43,43,43
1775549017.1196,42,44,43,42,42,41,43,44,43,43,43,43
1775549017.3199,42,44,43,42,42,41,43,44,43,43,44,43
1775549017.5201,42,44,43,42,42,41,43,44,43,43,43,43
1775549017.7206,42,44,43,42,42,41,43,44,43,43,43,43
1775549017.9212,42,44,43,42,42,41,43,44,43,43,43,43
1775549018.1215,42,44,43,42,42,41,43,44,43,43,43,43
1775549018.3221,42,44,43,42,42,41,43,44,43,43,43,43
1775549018.5226,42,44,43,42,42,41,43,44,43,43,43,43
1775549018.7228,42,44,43,42,42,41,43,44,43,43,43,43
1775549018.9231,42,44,43,42,42,41,43,44,43,43,43,43
1775549019.1234,42,44,43,42,42,41,43,44,43,43,43,43
1775549019.3237,42,44,43,42,42,41,43,44,43,43,43,43
1775549019.5243,42,44,43,42,42,41,43,44,43,43,43,43
1775549019.7247,42,44,43,42,42,41,43,44,43,43,43,43
1775549019.9250,42,44,43,42,42,41,43,44,43,43,43,43
1775549020.1254,42,44,43,42,42,41,43,44,43,43,43,43
1775549020.3257,42,44,43,42,42,41,43,44,43,43,43,43
1775549020.5259,42,44,43,42,42,41,43,44,43,43,43,43
1775549020.7261,42,44,43,42,42,41,43,44,43,43,43,43
1775549020.9264,42,44,43,42,42,41,43,44,43,43,43,43
1775549021.1266,42,44,43,42,42,41,43,44,43,43,43,43
1775549021.3270,42,44,43,42,42,41,43,44,43,43,43,43
1775549021.5272,42,44,43,42,42,41,43,44,43,43,43,43
1775549021.7277,42,44,43,42,42,41,43,44,43,43,43,43
1775549021.9280,42,44,43,42,42,41,43,44,43,43,43,43
1775549022.1282,42,44,43,42,42,41,43,44,43,43,43,43
1775549022.3285,42,44,43,42,42,41,43,44,43,43,43,43
1775549022.5287,42,44,43,42,42,41,43,44,43,43,43,43
1775549022.7290,42,44,43,42,42,41,43,44,43,43,43,43
1775549022.9293,42,44,43,42,42,41,43,44,43,43,43,43
1775549023.1295,42,44,43,42,42,41,43,44,43,43,43,43
1775549023.3298,42,44,43,42,42,41,43,44,43,43,43,43
1775549023.5303,42,44,43,42,42,41,43,44,43,43,43,43
1775549023.7306,42,44,43,42,42,41,43,44,43,43,43,43
1775549023.9309,42,44,43,42,42,41,43,44,43,43,43,43
1775549024.1311,42,44,43,42,42,41,43,44,43,43,43,43
1775549024.3314,42,44,43,42,42,41,43,44,43,43,43,43
1775549024.5317,42,44,43,42,42,41,43,44,43,43,43,43
1775549024.7320,42,44,43,42,42,41,43,44,43,43,43,43
1775549024.9323,42,44,43,42,42,41,43,44,43,43,43,43
1775549025.1326,42,44,43,42,42,41,43,44,43,43,43,43
1775549025.3330,42,44,43,42,42,41,43,44,43,43,43,43
1775549025.5335,42,44,43,42,42,41,43,44,43,43,43,43
1775549025.7338,42,44,43,42,42,41,43,44,43,43,43,43
1775549025.9340,42,44,43,42,42,41,43,44,43,43,43,43
1775549026.1344,42,44,43,42,42,41,43,44,43,43,43,43
1775549026.3346,42,44,43,42,42,41,43,44,43,43,43,43
1775549026.5349,42,44,43,42,42,41,43,44,43,43,43,43
1775549026.7352,42,44,43,42,42,41,43,44,43,43,43,43
1775549026.9355,42,44,43,42,42,41,43,44,43,43,43,43
1775549027.1368,42,44,43,42,42,41,43,44,43,43,43,43
1775549027.3373,42,44,43,42,42,41,43,44,43,43,43,43
1775549027.5377,42,44,43,42,42,41,43,44,43,43,43,43
1775549027.7379,42,44,43,42,42,41,43,44,43,43,43,43
1775549027.9382,42,44,43,42,42,41,43,44,43,43,44,43
1775549028.1385,42,44,43,42,42,41,43,44,43,43,43,43
1775549028.3388,42,44,43,42,42,41,43,44,43,43,43,43
1775549028.5390,42,44,43,42,42,41,43,44,43,43,43,43
1775549028.7393,42,44,43,42,42,41,43,44,43,43,43,43
1775549028.9396,42,44,43,42,42,41,43,44,43,43,43,43
1775549029.1398,42,44,43,42,42,41,43,44,43,43,43,43
1775549029.3401,42,44,43,42,42,41,43,44,43,43,43,43
1775549029.5404,42,44,43,42,42,41,43,44,43,43,43,43
1775549029.7407,42,44,43,42,42,41,43,44,43,43,43,43
1775549029.9409,42,44,43,42,42,41,43,44,43,43,43,43
1775549030.1413,42,44,43,42,42,41,43,44,43,43,43,43
1775549030.3420,42,44,43,42,42,41,43,44,43,43,43,43
1775549030.5423,42,44,43,42,42,41,43,44,43,43,43,43
1775549030.7426,42,44,43,42,42,41,43,44,43,43,43,43
1775549030.9428,42,44,43,42,42,41,43,44,43,43,44,43
1775549031.1431,42,44,43,42,42,41,43,44,43,43,43,43
1775549031.3437,42,44,43,42,42,41,43,44,43,43,43,43
1775549031.5440,42,44,43,42,42,41,43,44,43,43,43,43
1775549031.7443,42,44,43,42,42,41,43,44,43,43,43,43
1775549031.9446,42,44,43,42,42,41,43,44,43,43,43,43
1775549032.1448,42,44,43,42,42,41,43,44,43,43,43,43
1775549032.3452,42,44,43,42,42,41,43,44,43,43,43,43
1775549032.5455,42,44,43,42,42,41,43,44,43,43,43,43
1775549032.7457,42,44,43,42,42,41,43,44,43,43,43,43
1775549032.9460,42,44,43,42,42,41,43,44,43,43,43,43
1775549033.1463,42,44,43,42,42,41,43,44,43,43,43,43
1775549033.3465,42,44,43,42,42,41,43,44,43,43,43,43
1775549033.5468,42,44,43,42,42,41,43,44,43,43,43,43
1775549033.7471,42,44,43,42,42,41,43,44,43,43,43,43
1775549033.9474,42,44,43,42,42,41,43,44,43,43,43,43
1775549034.1476,42,44,43,42,42,41,43,44,43,43,43,43
1775549034.3479,42,44,43,42,42,41,43,44,43,43,43,43
1775549034.5482,42,44,43,42,42,41,43,44,43,43,43,43
1775549034.7484,42,44,43,42,42,41,43,44,43,43,43,43
1775549034.9487,42,44,43,42,42,41,43,44,43,43,43,43
1775549035.1489,42,44,43,42,42,41,43,44,43,43,43,43
1775549035.3492,42,44,43,42,42,41,43,44,43,43,43,43
1775549035.5495,42,44,43,42,42,41,43,44,43,43,43,43
1775549035.7497,42,44,43,42,42,41,43,44,43,43,43,43
1775549035.9501,42,44,43,42,42,41,43,44,43,43,43,43
1775549036.1505,42,44,43,42,42,41,43,44,43,43,43,43
1775549036.3509,42,44,43,42,42,41,43,44,43,43,43,43
1775549036.5514,42,44,43,42,42,41,43,44,43,43,43,43
1775549036.7521,42,44,43,42,42,41,43,44,43,43,43,43
1775549036.9526,42,44,43,42,42,41,43,44,43,43,43,43
1775549037.1537,42,44,43,42,42,41,43,44,43,43,43,43
1775549037.3539,42,44,43,42,42,41,43,44,43,43,43,43
1775549037.5543,42,44,43,42,42,41,43,44,43,43,43,43
1775549037.7545,42,44,43,42,42,41,43,44,43,43,43,43
1775549037.9548,42,44,43,42,42,41,43,44,43,43,43,43
1775549038.1550,42,44,43,42,42,41,43,44,43,43,43,43
1775549038.3553,42,44,43,42,42,41,43,44,43,43,43,43
1775549038.5556,42,44,43,42,42,41,43,44,43,43,43,43
1775549038.7558,42,44,43,42,42,41,43,44,43,43,43,43
1775549038.9562,42,44,43,42,42,41,43,44,43,43,43,43
1775549039.1565,42,44,43,42,42,41,43,44,43,43,43,43
1775549039.3570,42,44,43,42,42,41,43,44,43,43,43,43
1775549039.5572,42,44,43,42,42,41,43,44,43,43,43,43
1775549039.7585,42,44,43,42,42,41,43,44,43,43,43,43
1775549039.9593,42,44,43,42,42,41,43,44,43,43,43,43
1775549040.1596,42,44,43,42,42,41,43,44,43,43,43,43
1775549040.3601,42,44,43,42,42,41,43,44,43,43,43,43
1775549040.5605,42,44,43,42,42,41,43,44,43,43,43,43
1775549040.7611,42,44,43,42,42,41,43,44,43,43,43,43
1775549040.9616,42,44,43,42,42,41,43,44,43,43,43,43
1775549041.1618,42,44,43,42,42,41,43,44,43,43,43,43
1775549041.3621,42,44,43,42,42,41,43,44,43,43,43,43
1775549041.5632,42,44,43,42,42,41,43,44,43,43,43,43
1775549041.7634,42,44,43,42,42,41,43,44,43,43,43,43
1775549041.9639,42,44,43,42,42,41,43,44,43,43,43,43
1775549042.1643,42,44,43,42,42,41,43,44,43,43,43,43
1775549042.3646,42,44,43,42,42,41,43,44,43,43,43,43
1775549042.5650,42,44,43,42,42,41,43,44,43,43,44,43
1775549042.7652,42,44,43,42,42,41,43,44,43,43,44,43
1775549042.9655,42,44,43,42,42,41,43,44,43,43,43,43
1775549043.1661,42,44,43,42,42,41,43,44,43,43,43,43
1775549043.3665,42,44,43,42,42,41,43,44,43,43,43,43
1775549043.5668,42,44,43,42,42,41,43,44,43,43,43,43
1775549043.7671,42,44,43,42,42,41,43,44,43,43,43,43
1775549043.9673,42,44,43,42,42,41,43,44,43,43,43,43
1775549044.1677,42,44,43,42,42,41,43,44,43,43,44,43
1775549044.3681,42,44,43,42,42,41,43,44,43,43,43,43
1775549044.5683,42,44,43,42,42,41,43,44,43,43,43,43
1775549044.7686,42,44,43,42,42,41,43,44,43,43,43,43
1775549044.9689,42,44,43,42,42,41,43,44,43,43,43,43
1775549045.1693,42,44,43,42,42,41,43,44,43,43,43,43
1775549045.3700,42,44,43,42,42,41,43,44,43,43,43,43
1775549045.5702,42,44,43,42,42,41,43,44,43,43,43,43
1775549045.7706,42,44,43,42,42,41,43,44,43,43,43,43
1775549045.9708,42,44,43,42,42,41,43,44,43,43,44,43
1775549046.1711,42,44,43,42,42,41,43,44,43,43,43,43
1775549046.3714,42,44,43,42,42,41,43,44,43,43,43,43
1775549046.5716,42,44,43,42,42,41,43,44,43,43,43,43
1775549046.7720,42,44,43,42,42,41,43,44,43,43,43,43
1775549046.9725,42,44,43,42,42,41,43,44,43,43,43,43
1775549047.1727,42,44,43,42,42,41,43,44,43,43,43,43
1775549047.3730,42,44,43,42,42,41,43,44,43,43,43,43
1775549047.5733,42,44,43,42,42,41,43,44,43,43,43,43
1775549047.7735,42,44,43,42,42,41,43,44,43,43,43,43
1775549047.9738,42,44,43,42,42,41,43,44,43,43,43,43
1775549048.1741,42,44,43,42,42,41,43,44,43,43,43,43
1775549048.3743,42,44,43,42,42,41,43,44,43,43,43,43
1775549048.5746,42,44,43,42,42,41,43,44,43,43,43,43
1775549048.7751,42,44,43,42,42,41,43,44,43,43,44,43
1775549048.9755,42,44,43,42,42,41,43,44,43,43,43,43
1775549049.1760,42,44,43,42,42,41,43,44,43,43,43,43
1775549049.3762,42,44,43,42,42,41,43,44,43,43,43,43
1775549049.5765,42,44,43,42,42,41,43,44,43,43,43,43
1775549049.7768,42,44,43,42,42,41,43,44,43,43,43,43
1775549049.9773,42,44,43,42,42,41,43,44,43,43,43,43
1775549050.1775,42,44,43,42,42,41,43,44,43,43,43,43
1775549050.3778,42,44,43,42,42,41,43,44,43,43,43,43
1775549050.5780,42,44,43,42,42,41,43,44,43,43,43,43
1775549050.7783,42,44,43,42,42,41,43,44,43,43,43,43
1775549050.9788,42,44,43,42,42,41,43,44,43,43,43,43
1775549051.1792,42,44,43,42,42,41,43,44,43,43,43,43
1775549051.3795,42,44,43,42,42,41,43,44,43,43,43,43
1775549051.5803,42,44,43,42,42,41,43,44,43,43,43,43
1775549051.7805,42,44,43,42,42,41,43,44,43,43,44,43
1775549051.9809,42,44,43,42,42,41,43,44,43,43,43,43
1775549052.1811,42,44,43,42,42,41,43,44,43,43,43,43
1775549052.3814,42,44,43,42,42,41,43,44,43,43,43,43
1775549052.5817,42,44,43,42,42,41,43,44,43,43,43,43
1775549052.7821,42,44,43,42,42,41,43,44,43,43,43,43
1775549052.9828,42,44,43,42,42,41,43,44,43,43,43,43
1775549053.1831,42,44,43,42,42,41,43,44,43,43,43,43
1775549053.3834,42,44,43,42,42,41,43,44,43,43,43,43
1775549053.5838,42,44,43,42,42,41,43,44,43,43,43,43
1775549053.7842,42,44,43,42,42,41,43,44,43,43,43,43
1775549053.9846,42,44,43,42,42,41,43,44,43,43,43,43
1775549054.1850,42,44,43,42,42,41,43,44,43,43,43,43
1775549054.3852,42,44,43,42,42,41,43,44,43,43,43,43
1775549054.5855,42,44,43,42,42,41,43,44,43,43,43,43
1775549054.7857,42,44,43,42,42,41,43,44,43,43,43,43
1775549054.9860,42,44,43,42,42,41,43,44,43,43,44,43
1775549055.1863,42,44,43,42,42,41,43,44,43,43,43,43
1775549055.3865,42,44,43,42,42,41,43,44,43,43,43,43
1775549055.5868,42,44,43,42,42,41,43,44,43,43,43,43
1775549055.7871,42,44,43,42,42,41,43,44,43,43,43,43
1775549055.9873,42,44,43,42,42,41,43,44,43,43,43,43
1775549056.1876,42,44,43,42,42,41,43,44,43,43,43,43
1775549056.3880,42,44,43,42,42,41,43,44,43,43,43,43
1775549056.5883,42,44,43,42,42,41,43,44,43,43,43,43
1775549056.7885,42,44,43,42,42,41,43,44,43,43,43,43
1775549056.9888,42,44,43,42,42,41,43,44,43,43,43,43
1775549057.1890,42,44,43,42,42,41,43,44,43,43,43,43
1775549057.3894,42,44,43,42,42,41,43,44,43,43,43,43
1775549057.5897,42,44,43,42,42,41,43,44,43,43,43,43
1775549057.7901,42,44,43,42,42,41,43,44,43,43,43,43
1775549057.9903,42,44,43,42,42,41,43,44,43,43,43,43
1775549058.1906,42,44,43,42,42,41,43,44,43,43,43,43
1775549058.3908,42,44,43,42,42,41,43,44,43,43,43,43
1775549058.5911,42,44,43,42,42,41,43,44,43,43,43,43
1775549058.7917,42,44,43,42,42,41,43,44,43,43,43,43
1775549058.9920,42,44,43,42,42,41,43,44,43,43,43,43
1775549059.1923,42,44,43,42,42,41,43,44,43,43,43,43
1775549059.3925,42,44,43,42,42,41,43,44,43,43,43,43
1775549059.5928,42,44,43,42,42,41,43,44,43,43,43,43
1775549059.7932,42,44,43,42,42,41,43,44,43,43,43,43
1775549059.9935,42,44,43,42,42,41,43,44,43,43,43,43
1775549060.1938,42,44,43,42,42,41,43,44,43,43,43,43
1775549060.3940,42,44,43,42,42,41,43,44,43,43,43,43
1775549060.5943,42,44,43,42,42,41,43,44,43,43,43,43
1775549060.7945,42,44,43,42,42,41,43,44,43,43,43,43
1775549060.9948,42,44,43,42,42,41,43,44,43,43,43,43
1775549061.1951,42,44,43,42,42,41,43,44,43,43,43,43
1775549061.3954,42,44,43,42,42,41,43,44,43,43,43,43
1775549061.5962,42,44,43,42,42,41,43,44,43,43,43,43
1775549061.7966,42,44,43,42,42,41,43,44,43,43,43,43
1775549061.9971,42,44,43,42,42,41,43,44,43,43,43,43
1775549062.1973,42,44,43,42,42,41,43,44,43,43,43,43
1775549062.3978,42,44,43,42,42,41,43,44,43,43,43,43
1775549062.5981,42,44,43,42,42,41,43,44,43,43,43,43
1775549062.7984,42,44,43,42,42,41,43,44,43,43,43,43
1775549062.9989,42,44,43,42,42,41,43,44,43,43,43,43
1775549063.1992,42,44,43,42,42,41,43,44,43,43,43,43
1775549063.3996,42,44,43,42,42,41,43,44,43,43,43,43
1775549063.5999,42,44,43,42,42,41,43,44,43,43,44,43
1775549063.8002,42,44,43,42,42,41,43,44,43,43,43,43
1775549064.0004,42,44,43,42,42,41,43,44,43,43,43,43
1775549064.2008,42,44,43,42,42,41,43,44,43,43,43,43
1775549064.4011,42,44,43,42,42,41,43,44,43,43,43,43
1775549064.6014,42,44,43,42,42,41,43,44,43,43,43,43
1775549064.8018,42,44,43,42,42,41,43,44,43,43,43,43
1775549065.0020,42,44,43,42,42,41,43,44,43,43,43,43
1775549065.2024,42,44,43,42,42,41,43,44,43,43,43,43
1775549065.4030,42,44,43,42,42,41,43,44,43,43,43,43
1775549065.6035,42,44,43,42,42,41,43,44,43,43,43,43
1775549065.8039,42,44,43,42,42,41,43,44,43,43,43,43
1775549066.0043,42,44,43,42,42,41,43,44,43,43,43,43
1775549066.2046,42,44,43,42,42,41,43,44,43,43,43,43
1775549066.4049,42,44,43,42,42,41,43,44,43,43,43,43
1775549066.6051,42,44,43,42,42,41,43,44,43,43,43,43
1775549066.8055,42,44,43,42,42,41,43,44,43,43,43,43
1775549067.0057,42,44,43,42,42,41,43,44,43,43,43,43
1775549067.2060,42,44,43,42,42,41,43,44,43,43,43,43
1775549067.4062,42,44,43,42,42,41,43,44,43,43,43,43
1775549067.6065,42,44,43,42,42,41,43,44,43,43,44,43
1775549067.8067,42,44,43,42,42,41,43,44,43,43,43,43
1775549068.0072,42,44,43,42,42,41,43,44,43,43,43,43
1775549068.2074,42,44,43,42,42,41,43,44,43,43,43,43
1775549068.4077,42,44,43,42,42,41,43,44,43,43,43,43
1775549068.6080,42,44,43,42,42,41,43,44,43,43,43,43
1775549068.8082,42,44,43,42,42,41,43,44,43,43,43,43
1775549069.0086,42,44,43,42,42,41,43,44,43,43,43,43
1775549069.2088,42,44,43,42,42,41,43,44,43,43,43,43
1775549069.4091,42,44,43,42,42,41,43,44,43,43,43,43
1775549069.6093,42,44,43,42,42,41,43,44,43,43,43,43
1775549069.8096,42,44,43,42,42,41,43,44,43,43,43,43
1775549070.0099,42,44,43,42,42,41,43,44,43,43,43,43
1775549070.2101,42,44,43,42,42,41,43,44,43,43,43,43
1775549070.4104,42,44,43,42,42,41,43,44,43,43,43,43
1775549070.6107,42,44,43,42,42,41,43,44,43,43,43,43
1775549070.8110,42,44,43,42,42,41,43,44,43,43,43,43
1775549071.0113,42,44,43,42,42,41,43,44,43,43,43,43
1775549071.2115,42,44,43,42,42,41,43,44,43,43,43,43
1775549071.4119,42,44,43,42,42,41,43,44,43,43,43,43
1775549071.6121,42,44,43,42,42,41,43,44,43,43,43,43
1775549071.8124,42,44,43,42,42,41,43,44,43,43,43,43
1775549072.0127,42,44,43,42,42,41,43,44,43,43,43,43
1775549072.2131,42,44,43,42,42,41,43,44,43,43,43,43
1775549072.4133,42,44,43,42,42,41,43,44,43,43,43,43
1775549072.6136,42,44,43,42,42,41,43,44,43,43,43,43
1775549072.8140,42,44,43,42,42,41,43,44,43,43,43,43
1775549073.0143,42,44,43,42,42,41,43,44,43,43,43,43
1775549073.2146,42,44,43,42,42,41,43,44,43,43,43,43
1775549073.4150,42,44,43,42,42,41,43,44,43,43,43,43
1775549073.6153,42,44,43,42,42,41,43,44,43,43,43,43
1775549073.8158,42,44,43,42,42,41,43,44,43,43,43,43
1775549074.0161,42,44,43,42,42,41,43,44,43,43,43,43
1775549074.2166,42,44,43,42,42,41,43,44,43,43,43,43
1775549074.4170,42,44,43,42,42,41,43,44,43,43,43,43
1775549074.6173,42,44,43,42,42,41,43,44,43,43,43,43
1775549074.8175,42,44,43,42,42,41,43,44,43,43,43,43
1775549075.0178,42,44,43,42,42,41,43,44,43,43,43,43
1775549075.2180,42,44,43,42,42,41,43,44,43,43,43,43
1775549075.4185,42,44,43,42,42,41,43,44,43,43,43,43
1775549075.6188,42,44,43,42,42,41,43,44,43,43,43,43
1775549075.8192,42,44,43,42,42,41,43,44,43,43,43,43
1775549076.0195,42,44,43,42,42,41,43,44,43,43,43,43
1775549076.2197,42,44,43,42,42,41,43,44,43,43,43,43
1775549076.4201,42,44,43,42,42,41,43,44,43,43,43,43
1775549076.6204,42,44,43,42,42,41,43,44,43,43,43,43
1775549076.8206,42,44,43,42,42,41,43,44,43,43,43,43
1775549077.0209,42,44,43,42,42,41,43,44,43,43,43,43
1775549077.2211,42,44,43,42,42,41,43,44,43,43,43,43
1775549077.4214,42,44,43,42,42,41,43,44,43,43,43,43
1775549077.6218,42,44,43,42,42,41,43,44,43,43,43,43
1775549077.8223,42,44,43,42,42,41,43,44,43,43,43,43
1775549078.0227,42,44,43,42,42,41,43,44,43,43,43,43
1775549078.2230,42,44,43,42,42,41,43,44,43,43,43,43
1775549078.4233,42,44,43,42,42,41,43,44,43,43,43,43
1775549078.6238,42,44,43,42,42,41,43,44,43,43,43,43
1775549078.8241,42,44,43,42,42,41,43,44,43,43,43,43
1775549079.0244,42,44,43,42,42,41,43,44,43,43,43,43
1775549079.2248,42,44,43,42,42,41,43,44,43,43,43,43
1775549079.4252,42,44,43,42,42,41,43,44,43,43,43,43
1775549079.6255,42,44,43,42,42,41,43,44,43,43,43,43
1775549079.8258,42,44,43,42,42,41,43,44,43,43,43,43
1775549080.0261,42,44,43,42,42,41,43,44,43,43,43,43
1775549080.2263,42,44,43,42,42,41,43,44,43,43,43,43
1775549080.4266,42,44,43,42,42,41,43,44,43,43,43,43
1775549080.6268,42,44,43,42,42,41,43,44,43,43,43,43
1775549080.8271,42,44,43,42,42,41,43,44,43,43,43,43
1775549081.0273,42,44,43,42,42,41,43,44,43,43,43,43
1775549081.2276,42,44,43,42,42,41,43,44,43,43,43,43
1775549081.4279,42,44,43,42,42,41,43,44,43,43,43,43
1775549081.6283,42,44,43,42,42,41,43,44,43,43,43,43
1775549081.8286,42,44,43,42,42,41,43,44,43,43,43,43
1775549082.0290,42,44,43,42,42,41,43,44,43,43,43,43
1775549082.2292,42,44,43,42,42,41,43,44,43,43,43,43
1775549082.4295,42,44,43,42,42,41,43,44,43,43,43,43
1775549082.6297,42,44,43,42,42,41,43,44,43,43,43,43
1775549082.8300,42,44,43,42,42,41,43,44,43,43,43,43
1775549083.0303,42,44,43,42,42,41,43,44,43,43,43,43
1775549083.2305,42,44,43,42,42,41,43,44,43,43,43,43
1775549083.4308,42,44,43,42,42,41,43,44,43,43,44,43
1775549083.6311,42,44,43,42,42,41,43,44,43,43,43,43
1775549083.8313,42,44,43,42,42,41,43,44,43,43,43,43
1775549084.0316,42,44,43,42,42,41,43,44,43,43,43,43
1775549084.2318,42,44,43,42,42,41,43,44,43,43,43,43
1775549084.4320,42,44,43,42,42,41,43,44,43,43,43,43
1775549084.6323,42,44,43,42,42,41,43,44,43,43,43,43
1775549084.8326,42,44,43,42,42,41,43,44,43,43,43,43
1775549085.0330,42,44,43,42,42,41,43,44,43,43,44,43
1775549085.2332,42,44,43,42,42,41,43,44,43,43,43,43
1775549085.4335,42,44,43,42,42,41,43,44,43,43,43,43
1775549085.6338,42,44,43,42,42,41,43,44,43,43,43,43
1775549085.8340,42,44,43,42,42,41,43,44,43,43,43,43
1775549086.0343,42,44,43,42,42,41,43,44,43,43,43,43
1775549086.2347,42,44,43,42,42,41,43,44,43,43,43,43
1775549086.4350,42,44,43,42,42,41,43,44,43,43,43,43
1775549086.6353,42,44,43,42,42,41,43,44,43,43,43,43
1775549086.8356,42,44,43,42,42,41,43,44,43,43,43,43
1775549087.0359,42,44,43,42,42,41,43,44,43,43,43,43
1775549087.2361,42,44,43,42,42,41,43,44,43,43,44,43
1775549087.4364,42,44,43,42,42,41,43,44,43,43,43,43
1775549087.6367,42,44,43,42,42,41,43,44,43,43,43,43
1775549087.8369,42,44,43,42,42,41,43,44,43,43,43,43
1775549088.0372,42,44,43,42,42,41,43,44,43,43,43,43
1775549088.2380,42,44,43,42,42,41,43,44,43,43,43,43
1775549088.4384,42,44,43,42,42,41,43,44,43,43,43,43
1775549088.6387,42,44,43,42,42,41,43,44,43,43,43,43
1775549088.8390,42,44,43,42,42,41,43,44,43,43,43,43
1775549089.0393,42,44,43,42,42,41,43,44,43,43,43,43
1775549089.2397,42,44,43,42,42,41,43,44,43,43,43,43
1775549089.4399,42,44,43,42,42,41,43,44,43,43,43,43
1775549089.6402,42,44,43,42,42,41,43,44,43,43,43,43
1775549089.8405,42,44,43,42,42,41,43,44,43,43,43,43
1775549090.0407,42,44,43,42,42,41,43,44,43,43,43,43
1775549090.2410,42,44,43,42,42,41,43,44,43,43,43,43
1775549090.4428,42,44,43,42,42,41,43,44,43,43,43,43
1775549090.6430,42,44,43,42,42,41,43,44,43,43,43,43
1775549090.8436,42,44,43,42,42,41,43,44,43,43,43,43
1775549091.0440,42,44,43,42,42,41,43,44,43,43,43,43
1775549091.2442,42,44,43,42,42,41,43,44,43,43,43,43
1775549091.4447,42,44,43,42,42,41,43,44,43,43,43,43
1775549091.6451,42,44,43,42,42,41,43,44,43,43,43,43
1775549091.8455,42,44,43,42,42,41,43,44,43,43,43,43
1775549092.0458,42,44,43,42,42,41,43,44,43,43,43,43
1775549092.2461,42,44,43,42,42,41,43,44,43,43,43,43
1775549092.4463,42,44,43,42,42,41,43,44,43,43,43,43
1775549092.6466,42,44,43,42,42,41,43,44,43,43,43,43
1775549092.8469,42,44,43,42,42,41,43,44,43,43,43,43
1775549093.0472,42,44,43,42,42,41,43,44,43,43,43,43
1775549093.2474,42,44,43,42,42,41,43,44,43,43,43,43
1775549093.4477,42,44,43,42,42,41,43,44,43,43,43,43
1775549093.6479,42,44,43,42,42,41,43,44,43,43,43,43
1775549093.8482,42,44,43,42,42,41,43,44,43,43,43,43
1775549094.0484,42,44,43,42,42,41,43,44,43,43,43,43
1775549094.2488,42,44,43,42,42,41,43,44,43,43,43,43
1775549094.4491,42,44,43,42,42,41,43,44,43,43,43,43
1775549094.6494,42,44,43,42,42,41,43,44,43,43,43,43
1775549094.8496,42,44,43,42,42,41,43,44,43,43,43,43
1775549095.0499,42,44,43,42,42,41,43,44,43,43,43,43
1775549095.2502,42,44,43,42,42,41,43,44,43,43,43,43
1775549095.4507,42,44,43,42,42,41,43,44,43,43,43,43
1775549095.6511,42,44,43,42,42,41,43,44,43,43,43,43
1775549095.8514,42,44,43,42,42,41,43,44,43,43,44,43
1775549096.0516,42,44,43,42,42,41,43,44,43,43,43,43
1775549096.2521,42,44,43,42,42,41,43,44,43,43,43,43
1775549096.4524,42,44,43,42,42,41,43,44,43,43,43,43
1775549096.6527,42,44,43,42,42,41,43,44,43,43,43,43
1775549096.8530,42,44,43,42,42,41,43,44,43,43,43,43
1775549097.0533,42,44,43,42,42,41,43,44,43,43,44,43
1775549097.2535,42,44,43,42,42,41,43,44,43,43,43,43
1775549097.4542,42,44,43,42,42,41,43,44,43,43,43,43
1775549097.6544,42,44,43,42,42,41,43,44,43,43,43,43
1775549097.8553,42,44,43,42,42,41,43,44,43,43,43,43
1775549098.0555,42,44,43,42,42,41,43,44,43,43,43,43
1775549098.2558,42,44,43,42,42,41,43,44,43,43,43,43
1775549098.4560,42,44,43,42,42,41,43,44,43,43,44,43
1775549098.6564,42,44,43,42,42,41,43,44,43,43,43,43
1775549098.8568,42,44,43,42,42,41,43,44,43,43,43,43
1775549099.0571,42,44,43,42,42,41,43,44,43,43,44,43
1775549099.2573,42,44,43,42,42,41,43,44,43,43,44,43
1775549099.4576,42,44,43,42,42,41,43,44,43,43,43,43
1775549099.6578,42,44,43,42,42,41,43,44,43,43,43,43
1775549099.8581,42,44,43,42,42,41,43,44,43,43,43,43
1775549100.0584,42,44,43,42,42,41,43,44,43,43,43,43
1775549100.2588,42,44,43,42,42,41,43,44,43,43,43,43
1775549100.4593,42,44,43,42,42,41,43,44,43,43,43,43
1775549100.6598,42,44,43,42,42,41,43,44,43,43,43,43
1775549100.8601,42,44,43,42,42,41,43,44,43,43,43,43
1775549101.0604,42,44,43,42,42,41,43,44,43,43,43,43
1775549101.2606,42,44,43,42,42,41,43,44,43,43,43,43
1775549101.4610,42,44,43,42,42,41,43,44,43,43,43,43
1775549101.6612,42,44,43,42,42,41,43,44,43,43,43,43
1775549101.8616,42,44,43,42,42,41,43,44,43,43,43,43
1775549102.0620,42,44,43,42,42,41,43,44,43,43,43,43
1775549102.2623,42,44,43,42,42,41,43,44,43,43,43,43
1775549102.4626,42,44,43,42,42,41,43,44,43,43,43,43
1775549102.6636,42,44,43,42,42,41,43,44,43,43,43,43
1775549102.8639,42,44,43,42,42,41,43,44,43,43,43,43
1775549103.0642,42,44,43,42,42,41,43,44,43,43,43,43
1775549103.2644,42,44,43,42,42,41,43,44,43,43,43,43
1775549103.4647,42,44,43,42,42,41,43,44,43,43,43,43
1775549103.6649,42,44,43,42,42,41,43,44,43,43,43,43
1775549103.8652,42,44,43,42,42,41,43,44,43,43,43,43
1775549104.0654,42,44,43,42,42,41,43,44,43,43,43,43
1775549104.2657,42,44,43,42,42,41,43,44,43,43,43,43
1775549104.4660,42,44,43,42,42,41,43,44,43,43,44,43
1775549104.6663,42,44,43,42,42,41,43,44,43,43,43,43
1775549104.8665,42,44,43,42,42,41,43,44,43,43,43,43
1775549105.0668,42,44,43,42,42,41,43,44,43,43,43,43
1775549105.2670,42,44,43,42,42,41,43,44,43,43,43,43
1775549105.4672,42,44,43,42,42,41,43,44,43,43,43,43
1775549105.6674,42,44,43,42,42,41,43,44,43,43,43,43
1775549105.8676,42,44,43,42,42,41,43,44,43,43,43,43
1775549106.0679,42,44,43,42,42,41,43,44,43,43,43,43
1775549106.2683,42,44,43,42,42,41,43,44,43,43,43,43
1775549106.4686,42,44,43,42,42,41,43,44,43,43,44,43
1775549106.6688,42,44,43,42,42,41,43,44,43,43,43,43
1775549106.8691,42,44,43,42,42,41,43,44,43,43,43,43
1775549107.0693,42,44,43,42,42,41,43,44,43,43,44,43
1775549107.2700,42,44,43,42,42,41,43,44,43,43,43,43
1775549107.4703,42,44,43,42,42,41,43,44,43,43,44,43
1775549107.6705,42,44,43,42,42,41,43,44,43,43,43,43
1775549107.8708,42,44,43,42,42,41,43,44,43,43,43,43
1775549108.0710,42,44,43,42,42,41,43,44,43,43,43,43
1775549108.2713,42,44,43,42,42,41,43,44,43,43,43,43
1775549108.4715,42,44,43,42,42,41,43,44,43,43,43,43
1775549108.6718,42,44,43,42,42,41,43,44,43,43,43,43
1775549108.8724,42,44,43,42,42,41,43,44,43,43,43,43
1775549109.0727,42,44,43,42,42,41,43,44,43,43,43,43
1775549109.2732,42,44,43,42,42,41,43,44,43,43,43,43
1775549109.4735,42,44,43,42,42,41,43,44,43,43,43,43
1775549109.6738,42,44,43,42,42,41,43,44,43,43,43,43
1775549109.8741,42,44,43,42,42,41,43,44,43,43,43,43
1775549110.0745,42,44,43,42,42,41,43,44,43,43,43,43
1775549110.2755,42,44,43,42,42,41,43,44,43,43,43,43
1775549110.4759,42,44,43,42,42,41,43,44,43,43,43,43
1775549110.6762,42,44,43,42,42,41,43,44,43,43,43,43
1775549110.8765,42,44,43,42,42,41,43,44,43,43,43,43
1775549111.0767,42,44,43,42,42,41,43,44,43,43,43,43
1775549111.2770,42,44,43,42,42,41,43,44,43,43,43,43
1775549111.4779,42,44,43,42,42,41,43,44,43,43,43,43
1775549111.6781,42,44,43,42,42,41,43,44,43,43,43,43
1775549111.8784,42,44,43,42,42,41,43,44,43,43,43,43
1775549112.0786,42,44,43,42,42,41,43,44,43,43,44,43
1775549112.2789,42,44,43,42,42,41,43,44,43,43,43,43
1775549112.4792,42,44,43,42,42,41,43,44,43,43,43,43
1775549112.6795,42,44,43,42,42,41,43,44,43,43,44,43
1775549112.8799,42,44,43,42,42,41,43,44,43,43,43,43
1775549113.0805,42,44,43,42,42,41,43,44,43,43,44,43
1775549113.2808,42,44,43,42,42,41,43,44,43,43,43,43
1775549113.4810,42,44,43,42,42,41,43,44,43,43,43,43
1775549113.6824,42,44,43,42,42,41,43,44,43,43,43,43
1775549113.8828,42,44,43,42,42,41,43,44,43,43,43,43
1775549114.0831,42,44,43,42,42,41,43,44,43,43,43,43
1775549114.2833,42,44,43,42,42,41,43,44,43,43,43,43
1775549114.4836,42,44,43,42,42,41,43,44,43,43,44,43
1775549114.6839,42,44,43,42,42,41,43,44,43,43,43,43
1775549114.8842,42,44,43,42,42,41,43,44,43,43,43,43
1775549115.0844,42,44,43,42,42,41,43,44,43,43,43,43
1775549115.2847,42,44,43,42,42,41,43,44,43,43,44,43
1775549115.4849,42,44,43,42,42,41,43,44,43,43,43,43
1775549115.6852,42,44,43,42,42,41,43,44,43,43,43,43
1775549115.8855,42,44,43,42,42,41,43,44,43,43,43,43
1775549116.0859,42,44,43,42,42,41,43,44,43,43,43,43
1775549116.2862,42,44,43,42,42,41,43,44,43,43,44,43
1775549116.4864,42,44,43,42,42,41,43,44,43,43,43,43
1775549116.6867,42,44,43,42,42,41,43,44,43,43,44,43
1775549116.8871,42,44,43,42,42,41,43,44,43,43,43,43
1775549117.0874,42,44,43,42,42,41,43,44,43,43,43,43
1775549117.2877,42,44,43,42,42,41,43,44,43,43,43,43
1775549117.4880,42,44,43,42,42,41,43,44,43,43,43,43
1775549117.6884,42,44,43,42,42,41,43,44,43,43,43,43
1775549117.8886,42,44,43,42,42,41,43,44,43,43,43,43
1775549118.0889,42,44,43,42,42,41,43,44,43,43,43,43
1775549118.2892,42,44,43,42,42,41,43,44,43,43,43,43
1775549118.4894,42,44,43,42,42,41,43,44,43,43,43,43
1775549118.6897,42,44,43,42,42,41,43,44,43,43,43,43
1775549118.8899,42,44,43,42,42,41,43,44,43,43,43,43
1775549119.0902,42,44,43,42,42,41,43,44,43,43,43,43
1775549119.2905,42,44,43,42,42,41,43,44,43,43,43,43
1775549119.4907,42,44,43,42,42,41,43,44,43,43,44,43
1775549119.6910,42,44,43,42,42,41,43,44,43,43,43,43
1775549119.8912,42,44,43,42,42,41,43,44,43,43,44,43
1775549120.0915,42,44,43,42,42,41,43,44,43,43,43,43
1775549120.2918,42,44,43,42,42,41,43,44,43,43,43,43
1775549120.4923,42,44,43,42,42,41,43,44,43,43,44,43
1775549120.6926,42,44,43,42,42,41,43,44,43,43,43,43
1775549120.8929,42,44,43,42,42,41,43,44,43,43,43,43
1775549121.0932,42,44,43,42,42,41,43,44,43,43,43,43
1775549121.2934,42,44,43,42,42,41,43,44,43,43,43,43
1775549121.4937,42,44,43,42,42,41,43,44,43,43,43,43
1775549121.6940,42,44,43,42,42,41,43,44,43,43,43,43
1775549121.8942,42,44,43,42,42,41,43,44,43,43,43,43
1775549122.0945,42,44,43,42,42,41,43,44,43,43,43,43
1775549122.2949,42,44,43,42,42,41,43,44,43,43,43,43
1775549122.4957,42,44,43,42,42,41,43,44,43,43,43,43
1775549122.6962,42,44,43,42,42,41,43,44,43,43,43,43
1775549122.8965,42,44,43,42,42,41,43,44,43,43,43,43
1775549123.0967,42,44,43,42,42,41,43,44,43,43,43,43
1775549123.2970,42,44,43,42,42,41,43,44,43,43,43,43
1775549123.4973,42,44,43,42,42,41,43,44,43,43,44,43
1775549123.6977,42,44,43,42,42,41,43,44,43,43,44,43
1775549123.8982,42,44,43,42,42,41,43,44,43,43,43,43
1775549124.0990,42,44,43,42,42,41,43,44,43,43,43,43
1775549124.2994,42,44,43,42,42,41,43,44,43,43,44,43
1775549124.4997,42,44,43,42,42,41,43,44,43,43,44,43
1775549124.7003,42,44,43,42,42,41,43,44,43,43,43,43
1775549124.9006,42,44,43,42,42,41,43,44,43,43,43,43
1775549125.1009,42,44,43,42,42,41,43,44,43,43,43,43
1775549125.3012,42,44,43,42,42,41,43,44,43,43,43,43
1775549125.5014,42,44,43,42,42,41,43,44,43,43,43,43
1775549125.7017,42,44,43,42,42,41,43,44,43,43,43,43
1775549125.9020,42,44,43,42,42,41,43,44,43,43,44,43
1775549126.1025,42,44,43,42,42,41,43,44,43,43,43,43
1775549126.3028,42,44,43,42,42,41,43,44,43,43,43,43
1775549126.5033,42,44,43,42,42,41,43,44,43,43,43,43
1775549126.7036,42,44,43,42,42,41,43,44,43,43,43,43
1775549126.9042,42,44,43,42,42,41,43,44,43,43,44,43
1775549127.1046,42,44,43,42,42,41,43,44,43,43,43,43
1775549127.3049,42,44,43,42,42,41,43,44,43,43,43,43
1775549127.5051,42,44,43,42,42,41,43,44,43,43,43,43
1775549127.7054,42,44,43,42,42,41,43,44,43,43,43,43
1775549127.9057,42,44,43,42,42,41,43,44,43,43,43,43
1775549128.1063,42,44,43,42,42,41,43,44,43,43,43,43
1775549128.3071,42,44,43,42,42,41,43,44,43,43,44,43
1775549128.5076,42,44,43,42,42,41,43,44,43,43,43,43
1775549128.7079,42,44,43,42,42,41,43,44,43,43,43,43
1775549128.9085,42,44,43,42,42,41,43,44,43,43,43,43
1775549129.1088,42,44,43,42,42,41,43,44,43,43,44,43
1775549129.3091,42,44,43,42,42,41,43,44,43,43,43,43
1775549129.5093,42,44,43,42,42,41,43,44,43,43,43,43
1775549129.7104,42,44,43,42,42,41,43,44,43,43,43,43
1775549129.9107,42,44,43,42,42,41,43,44,43,43,43,43
1775549130.1111,42,44,43,42,42,41,43,44,43,43,43,43
1775549130.3114,42,44,43,42,42,41,43,44,43,43,43,43
1775549130.5118,42,44,43,42,42,41,43,44,43,43,43,43
1775549130.7121,42,44,43,42,42,41,43,44,43,43,43,43
1775549130.9125,42,44,43,42,42,41,43,44,43,43,43,43
1775549131.1128,42,44,43,42,42,41,43,44,43,43,44,43
1775549131.3130,42,44,43,42,42,41,43,44,43,43,43,43
1775549131.5133,42,44,43,42,42,41,43,44,43,43,43,43
1775549131.7135,42,44,43,42,42,41,43,44,43,43,43,43
1775549131.9138,42,44,43,42,42,41,43,44,43,43,44,43
1775549132.1141,42,44,43,42,42,41,43,44,43,43,43,43
1775549132.3151,42,44,43,42,42,41,43,44,43,43,44,43
1775549132.5154,42,44,43,42,42,41,43,44,43,43,43,43
1775549132.7157,42,44,43,42,42,41,43,44,43,43,43,43
1775549132.9162,42,44,43,42,42,41,43,44,43,43,44,43
1775549133.1164,42,44,43,42,42,41,43,44,43,43,43,43
1775549133.3169,42,44,43,42,42,41,43,44,43,43,43,43
1775549133.5172,42,44,43,42,42,41,43,44,43,43,44,43
1775549133.7179,42,44,43,42,42,41,43,44,43,43,43,43
1775549133.9183,42,44,43,42,42,41,43,44,43,43,43,43
1775549134.1188,42,44,43,42,42,41,43,44,43,43,44,43
1775549134.3197,42,44,43,42,42,41,43,44,43,43,43,43
1775549134.5205,42,44,43,42,42,41,43,44,43,43,43,43
1775549134.7209,42,44,43,42,42,41,43,44,43,43,43,43
1775549134.9212,42,44,43,42,42,41,43,44,43,43,43,43
1775549135.1217,42,44,43,42,42,41,43,44,43,43,43,43
1775549135.3220,42,44,43,42,42,41,43,44,43,43,43,43
1775549135.5223,42,44,43,42,42,41,43,44,43,43,44,43
1775549135.7228,42,44,43,42,42,41,43,44,43,43,44,43
1775549135.9230,42,44,43,42,42,41,43,44,43,43,43,43
1775549136.1238,42,44,43,42,42,41,43,44,43,43,43,43
1775549136.3240,42,44,43,42,42,41,43,44,43,43,43,43
1775549136.5243,42,44,43,42,42,41,43,44,43,43,43,43
1775549136.7249,42,44,43,42,42,41,43,44,43,43,43,43
1775549136.9254,42,44,43,42,42,41,43,44,43,43,44,43
1775549137.1257,42,44,43,42,42,41,43,44,43,43,43,43
1775549137.3260,42,44,43,42,42,41,43,44,43,43,43,43
1775549137.5262,42,44,43,42,42,41,43,44,43,43,43,43
1775549137.7265,42,44,43,42,42,41,43,44,43,43,43,43
1775549137.9269,42,44,43,42,42,41,43,44,43,43,44,43
1775549138.1272,42,44,43,42,42,41,43,44,43,43,43,43
1775549138.3274,42,44,43,42,42,41,43,44,43,43,43,43
1775549138.5277,42,44,43,42,42,41,43,44,43,43,43,43
1775549138.7279,42,44,43,42,42,41,43,44,43,43,43,43
1775549138.9282,42,44,43,42,42,41,43,44,43,43,43,43
1775549139.1286,42,44,43,42,42,41,43,44,43,43,44,43
1775549139.3289,42,44,43,42,42,41,43,44,43,43,43,43
1775549139.5294,42,44,43,42,42,41,43,44,43,43,44,43
1775549139.7296,42,44,43,42,42,41,43,44,43,43,44,43
1775549139.9299,42,44,43,42,42,41,43,44,43,43,43,43
1775549140.1301,42,44,43,42,42,41,43,44,43,43,44,43
1775549140.3303,42,44,43,42,42,41,43,44,43,43,43,43
1775549140.5306,42,44,43,42,42,41,43,44,43,43,43,43
1775549140.7309,42,44,43,42,42,41,43,44,43,43,43,43
1775549140.9313,42,44,43,42,42,41,43,44,43,43,44,43
1775549141.1315,42,44,43,42,42,41,43,44,43,43,43,43
1775549141.3318,42,44,43,42,42,41,43,44,43,43,43,43
1775549141.5320,42,44,43,42,42,41,43,44,43,43,44,43
1775549141.7323,42,44,43,42,42,41,43,44,43,43,43,43
1775549141.9327,42,44,43,42,42,41,43,44,43,43,43,43
1775549142.1329,42,44,43,42,42,41,43,44,43,43,44,43
1775549142.3332,42,44,43,42,42,41,43,44,43,43,44,43
1775549142.5335,42,44,43,42,42,41,43,44,43,43,44,43
1775549142.7337,42,44,43,42,42,41,43,44,43,43,43,43
1775549142.9344,42,44,43,42,42,41,43,44,43,43,43,43
1775549143.1347,42,44,43,42,42,41,43,44,43,43,43,43
1775549143.3350,42,44,43,42,42,41,43,44,43,43,44,43
1775549143.5359,42,44,43,42,42,41,43,44,43,43,43,43
1775549143.7363,42,44,43,42,42,41,43,44,43,43,44,43
1775549143.9366,42,44,43,42,42,41,43,44,43,43,44,43
1775549144.1370,42,44,43,42,42,41,43,44,43,43,43,43
1775549144.3373,42,44,43,42,42,41,43,44,43,43,43,43
1775549144.5377,42,44,43,42,42,41,43,44,43,43,43,43
1775549144.7385,42,44,43,42,42,41,43,44,43,43,44,43
1775549144.9390,42,44,43,42,42,41,43,44,43,43,43,43
1775549145.1398,42,44,43,42,42,41,43,44,43,43,43,43
1775549145.3401,42,44,43,42,42,41,43,44,43,43,43,43
1775549145.5403,42,44,43,42,42,41,43,44,43,43,44,43
1775549145.7405,42,44,43,42,42,41,43,44,43,43,44,43
1775549145.9413,42,44,43,42,42,41,43,44,43,43,44,43
1775549146.1424,42,44,43,42,42,41,43,44,43,43,44,43
1775549146.3433,42,44,43,42,42,41,43,44,43,43,43,43
1775549146.5436,42,44,43,42,42,41,43,44,43,43,44,43
1775549146.7445,42,44,43,42,42,41,43,44,43,43,44,43
1775549146.9451,42,44,43,42,42,41,43,44,43,43,43,43
1775549147.1456,42,44,43,42,42,41,43,44,43,43,43,43
1775549147.3460,42,44,43,42,42,41,43,44,43,43,43,43
1775549147.5464,42,44,43,42,42,41,43,44,43,43,43,43
1775549147.7467,42,44,43,42,42,41,43,44,43,43,44,43
1775549147.9472,42,44,43,42,42,41,43,44,43,43,43,43
1775549148.1475,42,44,43,42,42,41,43,44,43,43,44,43
1775549148.3478,42,44,43,42,42,41,43,44,43,43,43,43
1775549148.5482,42,44,43,42,42,41,43,44,43,43,44,43
1775549148.7485,42,44,43,42,42,41,43,44,43,43,44,43
1775549148.9488,42,44,43,42,42,41,43,44,43,43,44,43
1775549149.1490,42,44,43,42,42,41,43,44,43,43,43,43
1775549149.3493,42,44,43,42,42,41,43,44,43,43,43,43
1775549149.5497,42,44,43,42,42,41,43,44,43,43,43,43
1775549149.7504,42,44,43,42,42,41,43,44,43,43,43,43
1775549149.9508,42,44,43,42,42,41,43,44,43,43,43,43
1775549150.1511,42,44,43,42,42,41,43,44,43,43,44,43
1775549150.3517,42,44,43,42,42,41,43,44,43,43,43,43
1775549150.5520,42,44,43,42,42,41,43,44,43,43,43,43
1775549150.7525,42,44,43,42,42,41,43,44,43,43,44,43
1775549150.9528,42,44,43,42,42,41,43,44,43,43,44,43
1775549194.4326,40,42,42,40,41,40,41,42,41,41,42,41
1775549194.6335,40,42,42,40,41,40,41,42,41,41,42,41
1775549194.8337,40,42,42,40,41,40,41,42,42,41,42,41
1775549195.0340,40,42,42,40,41,40,41,42,41,41,42,41
1775549195.2342,40,42,42,40,41,40,41,42,41,41,42,41
1775549195.4345,41,42,42,40,41,40,41,42,41,41,42,41
1775549195.6347,40,42,42,40,41,40,41,42,41,41,42,41
1775549195.8366,40,42,42,40,41,40,41,42,41,41,42,41
1775549196.0368,40,42,42,40,41,40,41,42,41,41,42,41
1775549196.2374,40,42,42,40,41,40,41,42,41,41,42,41
1775549196.4426,40,42,42,40,41,40,41,42,41,41,42,41
1775549196.6429,40,42,42,40,41,40,41,42,41,41,42,41
1775549196.8433,40,42,42,40,41,40,41,42,42,41,42,41
1775549197.0435,40,42,42,40,41,40,41,42,41,41,42,41
1775549197.2438,40,42,42,40,41,40,41,42,41,41,42,41
1775549197.4440,40,42,42,40,41,40,41,42,41,41,42,41
1775549197.6443,40,42,42,40,41,40,41,42,41,41,42,41
1775549197.8447,40,42,42,40,41,40,41,42,41,41,42,41
1775549198.0449,40,42,42,40,41,40,41,42,42,41,42,41
1775549198.2452,40,42,42,40,41,40,41,42,41,41,42,41
1775549198.4454,40,42,42,40,41,40,41,42,41,41,42,41
1775549198.6457,40,42,42,40,41,40,41,42,41,41,42,41
1775549198.8464,40,42,42,40,41,40,41,42,41,41,42,41
1775549199.0467,40,42,42,40,41,40,41,42,41,41,42,41
1775549199.2474,40,42,42,40,41,40,41,42,41,41,42,41
1775549199.4477,40,42,42,40,41,40,41,42,42,41,42,41
1775549199.6501,40,42,42,40,41,40,41,42,41,41,42,41
1775549199.8505,40,42,42,40,41,40,41,42,41,41,42,41
1775549200.0508,40,42,42,40,41,40,41,42,41,41,42,41
1775549200.2511,40,42,42,40,41,40,41,42,41,41,42,41
1775549200.4514,40,42,42,40,41,40,41,42,41,41,42,41
1775549200.6516,40,42,42,40,41,40,41,42,42,41,42,41
1775549200.8519,40,42,42,40,41,40,41,42,41,41,42,41
1775549201.0527,40,42,42,40,41,40,41,42,41,41,42,41
1775549201.2533,40,43,42,40,41,40,41,42,42,41,42,41
1775549201.4536,40,42,42,40,41,40,41,42,41,42,42,41
1775549201.6538,40,42,42,40,41,40,41,42,41,41,42,41
1775549201.8541,40,42,42,40,41,40,41,42,41,42,42,41
1775549202.0545,40,42,42,40,41,40,41,42,41,41,42,41
1775549202.2551,40,42,42,40,41,40,41,42,41,41,42,42
1775549202.4554,40,42,42,40,41,40,41,42,41,41,42,42
1775549202.6558,41,42,42,40,41,40,41,42,42,41,42,42
1775549202.8561,40,42,42,40,41,40,41,42,41,41,42,42
1775549203.0563,40,42,42,40,41,40,41,42,42,41,42,42
1775549203.2566,40,42,42,40,41,40,41,42,42,41,42,42
1775549203.4579,40,42,42,40,41,40,41,42,42,41,42,42
1775549203.6582,41,42,42,40,41,40,41,42,42,41,42,42
1775549203.8586,40,42,42,40,41,40,41,42,41,41,42,42
1775549204.0589,40,43,42,40,41,40,41,42,41,41,42,42
1775549204.2592,40,42,42,40,41,40,41,42,42,42,42,42
1775549204.4597,40,42,42,40,41,40,41,42,41,41,42,41
1775549204.6599,40,43,42,40,41,40,41,42,42,41,42,42
1775549204.8605,40,42,42,40,41,40,41,42,42,41,42,42
1775549205.0610,40,43,42,40,41,40,41,43,42,42,42,42
1775549205.2612,40,43,42,40,41,40,41,42,42,42,42,42
1775549205.4616,40,43,42,40,41,40,41,42,42,42,42,42
1775549205.6619,40,43,42,40,41,40,41,42,41,42,42,42
1775549205.8622,40,42,42,40,41,40,41,42,42,42,42,42
1775549206.0624,40,43,42,40,41,40,41,42,42,41,42,42
1775549206.2627,40,43,42,40,41,40,41,42,42,42,42,42
1775549206.4631,40,43,42,40,41,40,41,42,42,42,42,42
1775549206.6634,40,43,42,40,41,40,41,42,42,42,42,42
1775549206.8636,40,43,42,40,41,40,41,42,42,42,42,42
1775549207.0639,41,43,42,40,41,40,41,43,42,42,42,42
1775549207.2641,40,43,42,40,41,40,41,42,42,41,42,42
1775549207.4644,40,43,42,40,41,40,41,43,42,42,42,42
1775549207.6647,40,43,42,40,41,40,41,42,42,42,42,42
1775549207.8649,40,43,42,40,41,40,42,42,42,42,42,42
1775549208.0658,40,43,42,40,41,40,41,42,42,41,42,42
1775549208.2664,40,43,42,40,41,40,41,43,42,41,42,42
1775549208.4688,41,42,42,40,41,40,41,42,42,42,42,42
1775549208.6689,40,43,42,40,41,40,42,42,42,42,42,42
1775549208.8692,40,43,42,40,41,40,41,42,42,42,42,42
1775549209.0706,40,43,42,40,41,40,41,43,42,42,42,42
1775549209.2711,40,43,42,40,41,40,41,42,42,42,42,42
1775549209.4726,40,43,42,40,41,40,42,43,42,41,42,42
1775549209.6728,40,43,42,40,41,40,41,43,42,41,42,42
1775549209.8745,40,43,42,40,41,40,41,42,42,42,42,42
1775549210.0759,40,43,42,40,41,40,42,43,42,41,42,42
1775549210.2769,41,43,42,40,41,40,42,42,42,42,42,42
1775549210.4772,40,43,42,40,41,40,42,43,42,42,42,42
1775549210.6782,41,43,42,40,41,40,41,43,42,42,42,42
1775549210.8823,40,43,42,40,41,40,42,43,42,42,42,42
1775549211.0827,41,43,42,40,41,40,41,43,42,42,42,42
1775549211.2830,41,43,42,40,41,40,42,43,42,42,42,42
1775549211.4836,40,43,42,40,41,40,42,43,42,42,42,42
1775549211.6839,40,43,42,40,41,40,41,43,42,42,42,42
1775549211.8842,41,43,42,40,41,40,41,43,42,42,42,42
1775549212.0844,41,43,42,40,41,40,42,43,42,42,42,42
1775549212.2847,41,43,42,40,41,40,42,43,42,42,42,42
1775549212.4854,41,43,42,40,41,40,41,43,42,42,42,42
1775549212.6859,41,43,42,40,41,40,42,43,42,42,42,42
1775549212.8861,40,43,42,40,41,40,42,43,42,42,42,42
1775549213.0865,41,43,42,40,41,40,42,43,42,42,42,42
1775549213.2871,41,43,42,40,41,40,42,43,42,42,42,42
1775549213.4874,41,43,42,40,41,40,41,43,42,42,42,42
1775549213.6877,41,43,42,40,41,40,42,43,42,42,42,42
1775549213.8902,41,43,42,40,41,40,42,43,42,42,42,42
1775549214.0906,41,43,42,40,41,40,41,43,42,42,42,42
1775549214.2922,41,43,42,40,41,40,42,43,42,42,42,42
1775549214.4962,41,43,42,40,41,40,42,43,42,42,42,42
1775549214.6966,41,43,42,40,41,40,42,43,42,42,42,42
1775549214.8968,41,43,42,41,42,40,42,43,42,42,42,42
1775549215.0984,41,43,42,40,41,40,42,43,42,42,42,42
1775549215.2991,41,43,42,40,41,40,42,43,42,42,42,42
1775549215.5004,41,43,42,40,41,40,41,43,42,42,42,42
1775549215.7007,41,43,42,40,41,40,42,43,42,42,42,42
1775549215.9051,41,43,42,40,41,40,41,43,42,42,42,42
1775549216.1054,41,43,42,40,41,40,42,43,42,42,42,42
1775549216.3059,41,43,42,40,41,40,42,43,42,42,42,42
1775549216.5060,41,43,42,41,41,40,41,43,42,42,42,42
1775549216.7064,41,43,42,40,41,40,42,43,42,42,42,42
1775549216.9081,41,43,42,40,41,40,42,43,42,42,42,42
1775549217.1087,41,43,42,41,41,40,42,43,42,42,42,42
1775549217.3097,41,43,42,41,41,40,42,43,42,42,42,42
1775549217.5103,41,43,42,40,41,40,42,43,42,42,42,42
1775549217.7109,41,43,42,40,41,40,41,43,42,42,42,42
1775549217.9122,41,43,42,40,41,40,42,43,42,42,42,42
1775549218.1124,41,43,42,40,41,40,41,43,42,42,42,42
1775549218.3127,41,43,42,40,41,40,42,43,42,42,42,42
1775549218.5129,41,43,42,41,41,40,42,43,42,42,42,42
1775549218.7132,41,43,42,41,42,40,42,43,42,42,42,42
1775549218.9135,41,43,42,41,41,40,42,43,42,42,42,42
1775549219.1140,41,43,42,40,42,40,42,43,42,42,42,42
1775549219.3143,41,43,42,40,41,40,42,43,42,42,42,42
1775549219.5146,41,43,42,40,41,40,42,43,42,42,42,42
1775549219.7149,41,43,42,41,42,40,41,43,42,42,42,42
1775549219.9152,41,43,42,40,42,40,42,43,42,42,42,42
1775549220.1155,41,43,42,40,42,40,42,43,42,42,42,42
1775549220.3161,41,43,42,41,42,40,42,43,42,42,42,42
1775549220.5164,41,43,42,40,41,40,42,43,42,42,42,42
1775549220.7167,41,43,42,41,42,40,42,43,42,42,42,42
1775549747.0341,40,42,41,39,40,39,40,42,41,41,41,41
1775549747.2345,40,42,41,39,40,39,41,42,41,41,41,41
1775549747.4348,40,42,41,39,40,39,41,42,41,41,41,41
1775549747.6350,40,42,41,39,40,39,41,42,41,41,41,41
1775549747.8353,39,42,41,39,40,39,41,42,41,41,41,41
1775549748.0356,40,42,41,39,40,40,41,42,41,41,41,41
1775549748.2361,40,42,41,40,40,39,41,42,41,41,41,41
1775549748.4364,40,42,41,40,40,39,41,42,41,41,41,41
1775549748.6369,40,42,41,40,40,40,41,42,41,41,41,41
1775549748.8373,40,42,41,40,40,39,40,42,41,41,41,41
1775549749.0383,40,42,41,39,40,40,41,42,41,41,41,41
1775549749.2386,40,42,42,40,40,39,41,42,41,41,41,41
1775549749.4388,40,42,41,40,40,40,41,42,41,41,41,41
1775549749.6392,40,42,41,40,40,39,41,42,41,41,41,41
1775549749.8394,40,42,41,39,40,40,40,42,41,41,41,41
1775549750.0400,40,42,41,39,40,40,40,42,41,41,41,41
1775549750.2403,40,42,41,40,40,40,41,42,41,41,41,41
1775549750.4424,40,42,41,40,40,40,41,42,41,41,41,41
1775549750.6426,40,42,41,40,40,39,41,42,41,41,41,41
1775549750.8430,40,42,41,40,40,40,41,42,41,41,41,41
1775549751.0433,40,42,41,40,40,40,41,42,41,41,41,41
1775549751.2436,40,42,41,40,40,39,41,42,41,41,41,41
1775549751.4439,40,42,41,40,40,39,40,42,41,41,41,41
1775549751.6442,40,42,41,40,40,40,41,42,41,41,41,41
1775549751.8465,40,42,41,40,40,40,41,42,41,41,41,41
1775549752.0469,40,42,41,40,40,40,41,42,41,41,41,41
1775549752.2474,40,42,42,40,40,40,41,42,41,41,41,41
1775549752.4477,40,42,41,40,40,40,41,42,41,41,41,41
1775549752.6480,40,42,41,40,40,40,41,42,41,41,41,41
1775549752.8482,40,42,41,40,40,40,40,42,41,41,41,41
1775549753.0488,40,42,41,40,40,40,41,42,41,41,41,41
1775549753.2500,40,42,42,40,40,40,41,42,41,41,41,41
1775549753.4514,40,42,42,40,40,40,41,42,41,41,41,41
1775549753.6517,40,42,42,40,41,40,40,42,41,41,41,41
1775549753.8519,40,42,42,40,40,40,41,42,41,41,41,41
1775549754.0522,40,42,41,40,41,40,41,42,41,41,41,41
1775549754.2529,40,42,42,40,40,40,41,42,41,41,41,41
1775549754.4532,40,42,41,40,40,40,41,42,41,41,41,41
1775549754.6538,40,42,41,40,41,40,41,42,41,41,41,41
1775549754.8544,40,42,42,40,41,40,41,42,41,41,41,41
1775549755.0546,40,42,42,40,41,40,41,42,41,41,41,41
1775549755.2550,40,42,41,40,41,40,41,42,41,41,41,41
1775549755.4553,40,42,42,40,41,40,41,42,41,41,41,41
1775549755.6558,40,42,42,40,40,40,41,42,41,41,41,41
1775549755.8560,40,42,42,40,40,40,41,42,41,41,41,41
1775549756.0565,40,42,42,40,41,40,41,42,41,41,41,41
1775549756.2567,40,42,41,40,41,40,41,42,41,41,41,41
1775549756.4570,40,42,42,40,41,40,41,42,41,41,41,41
1775549756.6573,40,42,42,40,41,40,41,42,41,41,41,41
1775549756.8578,40,42,42,40,41,40,41,42,41,41,41,41
1775549757.0582,40,42,42,40,41,40,41,42,41,41,41,41
1775549757.2586,40,42,42,40,41,40,41,42,41,41,41,41
1775549757.4590,40,42,42,40,41,40,41,42,41,41,41,41
1775549757.6593,40,42,42,40,41,40,41,42,41,41,41,41
1775549757.8596,40,42,42,40,41,40,41,42,41,41,41,41
1775549758.0598,40,42,41,40,41,40,41,43,41,41,41,41
1775549758.2601,40,42,42,40,41,40,41,42,41,41,41,41
1775549758.4603,40,42,42,40,41,40,41,42,41,41,41,41
1775549758.6606,40,42,42,40,40,40,41,42,41,41,41,41
1775549758.8609,40,42,42,40,40,40,41,43,41,41,41,41
1775549759.0611,40,42,42,40,41,40,41,43,41,41,41,41
1775549759.2614,40,42,42,40,41,40,41,42,41,41,41,41
1775549759.4617,40,42,42,40,41,40,41,42,41,41,42,41
1775549759.6619,40,42,42,40,40,40,41,42,41,41,41,41
1775549759.8625,40,42,42,40,41,40,41,42,41,41,42,41
1775549760.0627,40,42,42,40,40,40,41,42,41,41,42,41
1775549760.2635,40,42,42,40,41,40,41,42,41,41,41,41
1775549760.4638,40,42,42,40,41,40,41,42,41,41,41,41
1775549760.6641,40,42,42,40,41,40,41,42,41,41,41,41
1775549760.8643,40,42,42,40,41,40,41,42,41,41,42,41
1775549761.0647,40,42,42,40,41,40,41,42,41,41,41,41
1775549761.2650,40,42,42,40,41,40,41,42,41,41,41,41
1775549761.4653,40,42,42,40,41,40,41,43,41,41,41,41
1775549771.3762,40,42,42,40,40,40,41,42,41,41,41,41
1775549771.5765,40,42,41,40,40,39,41,42,41,41,41,41
1775549771.7770,40,42,42,40,40,40,41,42,41,41,41,41
1775549771.9792,40,42,41,40,40,40,41,42,41,41,41,41
1775549772.1795,40,42,41,40,41,40,40,42,41,41,41,41
1775549772.3799,40,42,42,39,40,40,41,42,41,41,41,41
1775549772.5806,40,42,42,39,40,40,41,42,41,41,41,41
1775549772.7809,40,42,41,39,40,40,41,42,41,41,41,41
1775549772.9817,40,42,42,39,40,40,41,42,41,41,41,41
1775549773.1820,40,42,41,39,40,40,41,42,41,41,41,41
1775549773.3823,40,42,41,40,40,40,41,42,41,41,41,41
1775549773.5826,40,42,42,39,40,39,41,42,41,41,41,41
1775549773.7829,40,42,41,40,40,40,41,42,41,41,41,41
1775549773.9832,40,42,42,39,40,40,41,42,41,41,41,41
1775549774.1845,40,42,41,39,40,40,41,42,41,41,41,41
1775549774.3854,40,42,41,40,40,40,41,42,41,41,41,41
1775549774.5857,40,42,41,39,40,40,41,42,41,41,41,41
1775549774.7860,40,42,42,39,40,40,41,42,41,41,41,41
1775549774.9865,40,42,42,39,40,40,41,42,41,41,41,41
1775549775.1879,40,42,42,39,40,40,40,42,41,41,41,41
1775549775.3884,40,42,42,39,40,40,41,42,41,41,41,41
1775549775.5886,40,42,41,39,40,40,41,42,41,41,41,41
1775549775.7892,40,42,42,39,40,40,41,42,41,41,41,41
1775549775.9907,40,42,41,39,40,40,41,42,41,41,41,41
1775549776.1913,40,42,42,39,40,40,41,42,41,41,41,41
1775549776.3931,40,42,42,39,41,40,41,42,41,41,41,41
1775549776.5934,40,42,42,39,40,40,41,42,41,41,41,41
1775549776.7951,40,42,41,39,40,40,41,42,41,41,41,41
1775549776.9955,40,42,41,39,40,40,41,42,41,41,41,41
1775549777.1957,40,42,42,39,41,40,41,42,41,41,41,41
1775549777.3960,40,42,42,39,40,40,41,42,41,41,41,41
1775549777.5962,40,42,42,39,40,40,41,42,41,41,41,41
1775549777.7965,40,42,41,39,40,40,41,42,41,41,41,41
1775549777.9968,40,42,41,39,40,40,41,42,41,41,41,41
1775549778.1970,40,42,42,40,40,40,41,42,41,41,41,41
1775549778.3973,40,42,42,40,41,40,41,42,41,41,41,41
1775549778.5977,40,42,41,39,41,40,41,42,41,41,41,41
1775549778.7990,40,42,41,39,41,40,41,42,41,41,41,41
1775549778.9996,40,42,42,39,41,40,41,42,41,41,41,41
1775549779.2027,40,42,41,39,41,40,41,42,41,41,41,41
1775549779.4030,40,42,41,40,40,39,41,42,41,41,41,41
1775549779.6037,40,42,41,39,40,40,41,42,41,41,41,41
1775549779.8045,40,42,41,39,41,40,41,42,41,41,41,41
1775549780.0056,40,42,41,40,41,40,41,42,41,41,41,41
1775549780.2060,40,42,42,39,40,40,41,42,41,41,41,41
1775549780.4064,40,42,42,39,40,40,41,42,41,41,41,41
1775549780.6067,40,42,42,39,41,40,40,42,41,40,41,41
1775549780.8069,40,42,42,40,41,40,41,42,41,41,41,41
1775549781.0077,40,42,42,39,41,40,41,42,41,41,41,41
1775549781.2081,40,42,42,39,41,40,41,42,41,41,41,41
1775549781.4084,40,42,41,39,41,40,41,42,41,41,41,41
1775549781.6089,40,42,42,39,40,40,41,42,41,41,41,41
1775549781.8092,40,42,42,40,40,40,40,42,41,41,41,41
1775549782.0095,40,42,42,39,41,40,41,42,41,41,41,41
1775549782.2099,40,42,42,40,40,40,41,42,41,41,41,41
1775549782.4102,40,42,42,39,41,40,41,42,41,41,41,41
1775549782.6106,40,42,42,39,41,40,41,42,41,41,41,41
1775549782.8109,40,42,42,40,41,40,41,42,41,41,41,41
1775549783.0116,40,42,42,40,41,40,41,42,41,41,41,41
1775549783.2119,40,42,42,40,40,40,41,42,41,41,41,41
1775549783.4121,40,42,42,39,41,40,41,43,41,41,41,41
1775549783.6124,40,42,42,39,41,40,41,42,41,41,41,41
1775549783.8126,40,42,42,39,41,40,41,42,41,41,41,41
1775549784.0130,40,42,42,39,40,40,41,42,41,41,41,41
1775549784.2133,40,42,42,39,41,40,41,42,41,41,41,41
1775549784.4136,40,42,42,39,41,40,41,42,41,41,41,41
1775549784.6139,40,42,42,39,41,40,41,42,41,41,41,41
1775549784.8141,40,42,42,39,41,40,41,42,41,41,41,41
1775549785.0144,40,42,42,39,41,40,41,42,41,41,41,41
1775549785.2147,40,42,42,40,40,40,41,42,41,41,41,41
1775549785.4152,40,42,42,39,41,40,41,42,41,41,41,41
1775549785.6155,40,42,42,40,40,40,41,42,41,41,41,41
1775549785.8160,40,42,42,39,41,40,41,42,41,41,41,41
1775549786.0162,40,42,42,39,41,40,41,42,41,41,41,41
1775549786.2171,40,42,42,40,41,40,41,42,41,41,41,41
1775549786.4174,40,42,42,40,41,40,41,42,41,41,41,41
1775549786.6177,40,42,42,40,41,40,41,42,41,41,41,41
1775549786.8186,40,42,42,40,41,40,41,42,41,41,41,41
1775549787.0189,40,42,42,40,41,40,41,42,41,41,41,41
1775549787.2192,40,42,42,40,41,40,41,43,41,41,41,41
1775549787.4196,40,42,42,40,41,40,41,42,41,41,41,41
1775549787.6199,40,42,42,40,41,40,41,42,41,41,41,41
1775549787.8201,40,42,42,39,41,40,41,42,41,41,41,41
1775549788.0205,40,42,42,40,41,40,41,42,41,41,41,41
1775549788.2211,40,42,42,40,41,40,41,42,41,41,42,41
1775549788.4214,40,42,42,40,41,40,41,42,41,41,41,41
1775549788.6217,40,42,42,40,41,40,41,43,41,41,41,41
1775549788.8219,40,42,42,40,41,40,41,43,41,41,41,41
1775549789.0221,40,42,42,40,41,40,41,42,41,41,41,41
1775549789.2224,40,42,42,39,41,40,41,42,41,41,41,41
1775549789.4226,40,42,42,40,41,40,41,43,41,41,41,41
1775549789.6229,40,42,42,40,41,40,41,42,41,41,41,41
1775549789.8231,40,42,42,40,41,40,41,43,41,41,41,41
1775549790.0234,40,42,42,40,41,40,41,42,41,41,41,41
1775549790.2238,40,42,42,40,41,40,41,43,41,41,41,41
1775549790.4240,40,42,42,40,41,40,41,43,41,41,41,41
1775549790.6243,40,42,42,40,41,40,41,43,41,41,41,41
1775549790.8246,40,42,42,40,41,40,41,43,41,41,41,41
1775549791.0249,40,42,42,40,41,40,41,43,41,41,42,41
1775549791.2252,40,42,42,40,41,40,41,43,41,41,42,41
1775549791.4254,40,42,42,40,41,40,41,43,41,41,42,41
1775549791.6257,40,42,42,40,41,40,41,43,41,41,41,41
1775549791.8264,40,42,42,40,41,40,41,43,41,41,42,41
1775549792.0266,40,42,42,40,41,40,41,43,41,41,42,41
1775549792.2269,40,42,42,40,41,40,41,43,41,41,41,41
1775549792.4271,40,42,42,40,41,40,41,43,41,41,42,41
1775549792.6274,40,42,42,40,41,40,41,43,41,41,42,42
1775549792.8276,40,42,42,40,41,40,41,43,41,41,42,41
1775549793.0279,40,42,42,40,41,40,41,43,41,41,42,41
1775549793.2282,40,42,42,40,41,40,41,43,41,41,41,41
1775549793.4285,40,42,42,40,41,40,41,43,41,41,42,41
1775549793.6290,40,42,42,40,41,40,41,43,41,41,42,41
1775549793.8294,40,42,42,40,41,40,41,43,41,41,42,41
1775549794.0297,40,42,42,40,41,40,41,43,41,41,42,41
1775549794.2303,40,42,42,40,41,40,41,43,41,41,42,41
1775549794.4306,40,42,42,40,41,40,41,43,41,41,42,41
1775549794.6308,40,42,42,40,41,40,41,43,41,41,42,41
1775549794.8311,40,42,42,40,41,40,41,43,41,41,41,41
1775549795.0313,40,42,42,40,41,40,41,43,41,41,42,41
1775549795.2316,40,42,42,40,41,40,41,43,41,41,42,41
1775549795.4318,40,42,42,40,41,40,41,43,41,41,42,42
1775549795.6321,40,42,42,40,41,40,41,43,41,41,42,42
1775549795.8324,40,42,42,40,41,40,41,43,41,41,42,42
1775549796.0327,40,42,42,40,41,40,41,43,41,41,42,42
1775549796.2330,40,42,42,40,41,40,41,43,41,41,42,42
1775549796.4334,40,42,42,40,41,40,41,43,41,41,42,42
1775549796.6337,40,42,42,40,41,40,41,43,41,41,42,42
1775549796.8341,40,42,42,40,41,40,41,43,41,41,42,42
1775549797.0344,40,42,42,40,41,40,41,43,41,41,42,41
1775549797.2347,40,42,42,40,41,40,41,43,41,41,42,42
1775549797.4349,40,42,42,40,41,40,41,43,41,41,42,42
1775549797.6353,40,42,42,40,41,40,41,43,41,41,42,42
1775549797.8355,40,42,42,40,41,40,41,43,41,41,42,42
1775549798.0358,40,42,42,40,41,40,41,43,42,41,42,42
1775549798.2360,40,42,42,40,41,40,41,43,41,41,42,42
1775549798.4363,40,42,42,40,41,40,41,43,41,41,42,42
1775549798.6387,40,42,42,40,41,40,41,43,42,41,42,42
1775549798.8391,40,42,42,40,41,40,41,43,41,41,42,41
1775549799.0394,40,42,42,40,41,40,41,43,41,41,42,42
1775549799.2397,40,42,42,40,41,40,41,43,41,41,42,42
1775549799.4403,40,42,42,40,41,40,41,43,42,41,42,42
1775549799.6412,40,42,42,40,41,40,41,43,41,41,42,42
1775549799.8415,40,42,42,40,41,40,41,43,41,41,42,42
1775549800.0419,40,42,42,40,41,40,41,43,41,41,42,42
1775549800.2423,40,42,42,40,41,40,41,43,41,41,42,42
1775549800.4430,40,42,42,40,41,40,41,43,41,41,42,42
1775549800.6434,40,42,42,40,41,40,41,43,41,41,42,42
1775549800.8443,40,42,42,40,41,40,41,43,41,41,42,42
1775549801.0447,40,42,42,40,41,40,41,43,41,41,42,42
1775549801.2450,40,42,42,40,41,40,41,43,41,41,42,42
1775549801.4453,40,42,42,40,41,40,41,43,41,41,42,42
1775549801.6455,40,42,42,40,41,40,41,43,41,41,42,42
1775549801.8458,40,42,42,40,41,40,41,43,41,41,42,42
1775549802.0461,40,42,42,40,41,40,41,43,42,41,42,42
1775549802.2463,40,42,42,40,41,40,41,43,41,41,42,42
1775549802.4466,40,42,42,40,41,40,41,43,41,41,42,42
1775549802.6469,40,42,42,40,41,40,41,43,41,41,42,42
1775549802.8472,40,42,42,40,41,40,41,43,41,41,42,42
1775549803.0475,40,42,42,40,41,40,41,43,41,41,42,42
1775549803.2482,40,42,42,40,41,40,41,43,41,41,42,42
1775549803.4485,40,42,42,40,41,40,41,43,41,41,42,42
1775549803.6488,40,42,42,40,41,40,41,43,41,41,42,42
1775549803.8490,40,42,42,40,41,40,41,43,41,41,42,42
1775549804.0494,40,42,42,40,41,40,41,43,41,41,42,42
1775549804.2499,40,42,42,40,41,40,41,43,41,41,42,42
1775549804.4501,40,42,42,40,41,40,41,43,41,41,42,42
1775549804.6504,40,42,42,40,41,40,41,43,42,41,42,42
1775549804.8506,40,42,42,40,41,40,41,43,41,41,42,42
1775549805.0510,40,42,42,40,41,40,41,43,41,41,42,42
1775549805.2512,40,42,42,40,41,40,41,43,42,41,42,42
1775549805.4515,40,42,42,40,41,40,41,43,41,41,42,42
1775549805.6517,40,42,42,40,41,40,41,43,41,41,42,42
1775549805.8520,40,42,42,40,41,40,41,43,41,41,42,42
1775549806.0523,40,42,42,40,41,40,41,43,41,41,42,42
1775549806.2525,40,42,42,40,41,40,41,43,42,41,42,42
1775549806.4528,40,42,42,40,41,40,41,43,42,41,42,42
1775549806.6530,40,42,42,40,41,40,41,43,42,41,42,42
1775549806.8533,40,42,42,40,41,40,41,43,41,41,42,42
1775549807.0535,40,42,42,40,41,40,41,43,41,41,42,42
1775549807.2538,40,42,42,40,41,40,41,43,41,41,42,42
1775549807.4541,40,42,42,40,41,40,41,43,41,41,42,42
1775549807.6543,40,42,42,40,41,40,41,43,41,41,42,42
1775549807.8548,40,42,42,40,41,40,41,43,42,41,42,42
1775549808.0552,40,42,42,40,41,40,41,43,41,41,42,42
1775549808.2555,40,42,42,40,41,40,41,43,41,41,42,42
1775549808.4559,40,42,42,40,41,40,41,43,41,41,42,42
1775549808.6561,40,42,42,40,41,40,41,43,41,41,42,42
1775549808.8564,40,42,42,40,41,40,41,43,41,41,42,42
1775549809.0566,40,42,42,40,41,40,41,43,41,41,42,42
1775549809.2572,40,42,42,40,41,40,41,43,41,41,42,42
1775549809.4578,40,42,42,40,41,40,41,43,41,41,42,42
1775549809.6590,40,42,42,40,41,40,41,43,41,41,42,42
1775549809.8594,40,42,42,40,41,40,41,43,41,41,42,42
1775549810.0597,40,42,42,40,41,40,41,43,41,41,42,42
1775549810.2600,40,42,42,40,41,40,41,43,41,41,42,42
1775549810.4602,40,42,42,40,41,40,41,43,41,41,42,42
1775549810.6605,40,42,42,40,41,40,41,43,41,41,42,42
1775549810.8608,40,42,42,40,41,40,41,43,41,41,42,42
1775549811.0618,41,42,42,40,41,40,41,43,41,41,42,42
1775549811.2621,40,42,42,40,41,40,41,43,42,41,42,42
1775549811.4624,40,42,42,40,41,40,41,43,41,41,42,42
1775549811.6636,40,42,42,40,41,40,41,43,41,41,42,42
1775549811.8639,40,42,42,40,41,40,41,43,41,41,42,42
1775549812.0648,41,42,42,40,41,40,41,43,41,41,42,42
1775549812.2663,40,42,42,40,41,40,41,43,42,41,42,42
1775549812.4671,40,42,42,40,41,40,41,43,42,41,42,42
1775549812.6675,40,42,42,40,41,40,41,43,42,41,42,42
1775549812.8678,40,42,42,40,41,40,41,43,42,41,42,42
1775549813.0681,41,42,42,40,41,40,41,43,42,41,42,42
1775549813.2687,40,42,42,40,41,40,41,43,41,41,42,42
1775549813.4690,40,42,42,40,41,40,41,43,42,41,42,42
1775549813.6692,40,42,42,40,41,40,41,43,41,41,42,42
1775549813.8695,40,42,42,40,41,40,41,43,42,41,42,42
1775549814.0697,40,42,42,40,41,40,41,43,41,41,42,42
1775549814.2701,40,42,42,40,41,40,41,43,41,41,42,42
1775549814.4706,40,42,42,40,41,40,41,43,42,41,42,42
1775549814.6709,40,42,42,40,41,40,41,43,42,41,42,42
1775549814.8715,40,42,42,40,41,40,41,43,42,41,42,42
1775549815.0723,40,42,42,40,41,40,41,43,41,41,42,42
1775549815.2726,40,42,42,40,41,40,41,43,41,41,42,42
1775549815.4741,40,42,42,40,41,40,41,43,41,41,42,42
1775549815.6745,41,42,42,40,41,40,41,43,41,41,42,42
1775549815.8747,40,42,42,40,41,40,41,43,42,41,42,42
1775549816.0752,40,42,42,40,41,40,41,43,42,41,42,42
1775549816.2754,40,42,42,40,41,40,41,43,42,41,42,42
1775549816.4757,40,42,42,40,41,40,41,43,42,41,42,42
1775549816.6761,40,43,42,40,41,40,41,43,42,41,42,42
1775549816.8764,40,42,42,40,41,40,41,43,42,41,42,42
1775549817.0766,40,42,42,40,41,40,41,43,42,41,42,42
1775549817.2772,40,42,42,40,41,40,41,43,42,41,42,42
1775549817.4774,40,42,42,40,41,40,41,43,42,41,42,42
1775549817.6778,40,42,42,40,41,40,41,43,42,41,42,42
1775549817.8782,40,42,42,40,41,40,41,43,41,41,42,42
1775549818.0786,40,42,42,40,41,40,41,43,41,41,42,42
1775549818.2790,40,43,42,40,41,40,41,43,42,41,42,42
1775549818.4794,40,42,42,40,41,40,41,43,42,41,42,42
1775549818.6797,40,42,42,40,41,40,41,43,42,41,42,42
1775549818.8799,40,42,42,40,41,40,41,43,42,41,42,42
1775549819.0802,40,42,42,40,41,40,41,43,42,41,42,42
1775549819.2804,40,42,42,40,41,40,41,43,42,41,42,42
1775549819.4807,40,43,42,40,41,40,41,43,42,41,42,42
1775549819.6814,40,42,42,40,41,40,41,43,42,41,42,42
1775549819.8820,40,42,42,40,41,40,41,43,42,41,42,42
1775549820.0820,40,42,42,40,41,40,41,43,42,41,42,42
1775549820.2823,40,42,42,40,41,40,41,43,42,41,42,42
1775549820.4826,40,42,42,40,41,40,42,43,42,41,42,42
1775549820.6828,40,42,42,40,41,40,41,43,42,41,42,42
1775549820.8831,40,42,42,40,41,40,41,43,42,41,42,42
1775549821.0835,40,42,42,40,41,40,41,43,42,41,42,42
1775549821.2837,40,42,42,40,41,40,41,43,42,41,42,42
1775549821.4840,40,42,42,40,41,40,41,43,42,41,42,42
1775549821.6843,40,43,42,40,41,40,41,43,42,41,42,42
1775549821.8847,40,42,42,40,41,40,41,43,42,41,42,42
1775549822.0849,40,42,42,40,41,40,41,43,42,41,42,42
1775549822.2852,40,42,42,40,41,40,42,43,42,41,42,42
1775549822.4855,40,42,42,40,41,40,41,43,42,41,42,42
1775549822.6857,40,43,42,40,41,40,42,43,42,41,42,42
1775549822.8860,40,43,42,40,41,40,42,43,42,41,42,42
1775549823.0864,40,42,42,40,41,40,41,43,42,41,42,42
1775549823.2867,40,43,42,40,41,40,41,43,42,41,42,42
1775549823.4869,40,42,42,40,41,40,41,43,42,41,42,42
1775549823.6872,40,43,42,40,41,40,41,43,42,41,42,42
1775549823.8874,40,43,42,40,41,40,42,43,42,41,42,42
1775549824.0877,40,43,42,40,41,40,42,43,42,41,42,42
1775549824.2880,40,43,42,40,41,40,41,43,42,41,42,42
1775549824.4882,41,43,42,40,41,40,42,43,42,41,42,42
1775549824.6900,40,43,42,40,41,40,42,43,42,41,42,42
1775549824.8906,40,43,43,40,41,40,42,43,42,41,42,42
1775549825.0910,40,43,42,40,41,40,41,43,42,41,42,42
1775549825.2913,40,43,43,40,41,40,42,43,42,41,42,42
1775549825.4916,40,43,43,40,41,40,42,44,42,41,42,42
1775549825.6919,40,43,42,40,41,40,41,43,42,41,42,42
1775549825.8925,40,43,43,40,41,40,41,43,42,41,42,42
1775549826.0927,40,43,43,40,41,40,42,43,42,41,42,42
1775549826.2930,40,43,43,40,41,40,41,43,42,41,42,42
1775549826.4932,40,43,43,40,41,40,41,44,42,41,42,42
1775549826.6935,40,43,43,40,41,40,41,43,42,41,42,42
1775549826.8938,40,43,43,40,41,40,42,44,42,41,42,42
1775549827.0940,40,43,43,40,41,40,42,44,42,41,42,42
1775549827.2943,40,43,43,40,41,40,42,44,42,41,42,42
1775549827.4947,40,43,43,40,41,40,42,44,42,41,42,42
1775549827.6949,40,43,43,40,41,40,42,44,42,41,42,42
1775549827.8952,40,43,43,40,41,40,42,44,42,41,42,42
1775549828.0955,40,43,43,40,41,40,42,44,42,41,42,42
1775549828.2957,40,43,43,40,41,40,42,44,42,41,42,42
1775549828.4960,40,43,43,40,41,40,41,44,42,41,42,42
1775549828.6962,40,43,43,40,41,41,42,44,42,41,42,42
1775549828.8969,40,43,43,40,41,41,42,44,42,41,42,42
1775549829.0971,40,43,43,40,41,41,42,44,42,41,42,42
1775549829.2974,40,43,43,40,41,40,42,44,42,41,42,42
1775549829.4979,40,43,43,40,41,40,42,44,42,41,42,42
1775549829.6985,40,43,43,40,41,41,42,44,42,41,42,42
1775549829.8989,40,43,43,40,41,41,42,44,42,41,42,42
1775549830.0992,40,43,43,40,41,40,42,44,42,41,42,42
1775549830.3000,40,43,43,40,41,41,42,44,42,41,42,42
1775549830.5002,40,43,43,40,41,41,42,44,42,41,42,42
1775549830.7005,40,43,43,40,41,41,42,44,42,41,42,42
1775549830.9007,40,43,43,40,41,41,42,44,42,42,42,42
1775549831.1010,40,43,43,40,41,41,42,44,42,42,42,42
1775549831.3014,40,43,43,40,41,41,42,44,42,41,42,42
1775549831.5023,40,43,43,40,41,41,42,44,42,41,42,42
1775549831.7032,40,43,43,40,41,41,42,44,42,41,42,42
1775549831.9038,40,43,43,40,41,41,42,44,42,41,42,42
1775549832.1041,40,43,43,40,41,41,42,44,42,41,42,42
1775549832.3043,40,43,43,40,41,41,42,44,42,41,42,42
1775549832.5046,40,43,43,40,41,41,42,44,42,41,42,42
1775549832.7050,40,43,43,40,41,41,42,44,42,41,42,42
1775549832.9068,41,43,43,40,41,41,42,44,42,42,42,42
1775549833.1080,40,43,43,40,41,41,42,44,42,41,42,42
1775549833.3096,41,43,43,40,41,41,42,44,42,42,42,42
1775549833.5102,40,43,43,40,41,41,42,45,42,41,42,42
1775549833.7104,40,43,43,40,41,41,42,44,42,41,42,42
1775549833.9110,40,43,43,40,41,41,42,45,42,41,42,42
1775549834.1118,40,43,43,40,41,41,42,45,42,41,42,42
1775549834.3122,40,43,43,40,41,41,42,45,43,41,42,42
1775549834.5124,41,43,43,40,41,41,42,45,42,41,42,42
1775549834.7128,41,43,43,40,41,41,42,45,42,41,42,42
1775549834.9130,40,43,43,40,41,41,42,45,42,41,42,42
1775549835.1133,40,43,43,40,41,41,42,45,42,41,42,42
1775549835.3138,40,43,43,40,41,41,42,45,43,42,42,42
1775549835.5141,40,43,43,40,41,41,42,45,42,41,42,42
1775549835.7143,40,43,43,40,41,41,42,45,42,41,42,42
1775549835.9146,40,43,43,40,41,41,42,45,43,41,42,42
1775549836.1148,40,43,43,40,41,41,42,45,42,41,42,42
1775549836.3181,40,43,43,40,41,41,42,45,43,42,42,42
1775549836.5222,41,43,43,40,41,41,42,45,43,42,42,42
1775549836.7226,40,43,43,40,41,41,42,45,43,42,42,42
1775549836.9231,40,43,43,40,41,41,42,45,42,41,42,42
1775549837.1236,40,43,43,40,41,41,42,45,43,41,42,42
1775549837.3245,40,43,44,40,41,41,42,45,43,42,42,42
1775549837.5249,40,43,44,40,41,41,42,45,43,41,42,42
1775549837.7307,40,43,44,40,41,41,42,45,42,41,42,42
1775549837.9311,40,43,44,40,41,41,42,45,43,42,42,42
1775549838.1335,40,43,43,40,41,41,42,45,42,42,42,42
1775549838.3352,41,43,44,40,41,41,42,45,42,42,42,42
1775549838.5372,40,43,43,40,41,41,42,45,43,42,42,42
1775549838.7389,40,43,44,40,41,41,42,45,43,42,42,42
1775549838.9396,40,43,44,40,41,41,42,45,43,41,42,42
1775549839.1399,40,43,44,40,41,41,42,45,43,42,42,42
1775549839.3405,40,43,44,40,41,41,42,45,43,42,42,42
1775549839.5408,40,43,44,40,41,41,42,45,43,42,42,42
1775549839.7411,40,43,44,40,41,41,42,45,43,42,42,42
1775549839.9419,40,43,44,40,41,41,42,45,43,42,42,42
1775549840.1421,40,43,44,40,41,41,42,45,43,41,42,42
1775549840.3431,40,43,44,40,41,41,42,45,43,42,42,42
1775549840.5486,41,43,44,40,41,41,42,45,43,41,42,42
1775549840.7502,40,43,44,40,41,41,42,46,43,42,42,42
1775549840.9506,40,43,44,40,41,41,42,46,43,42,42,42
1775549841.1512,40,43,44,40,41,41,42,45,43,42,42,42
1775549841.3514,40,43,44,40,41,41,42,46,43,42,42,42
1775549841.5525,41,43,44,40,41,41,42,46,43,42,42,42
1775549841.7531,40,43,44,40,41,41,42,46,43,42,42,42
1775549841.9542,40,43,44,40,41,41,42,46,43,42,42,42
1775549842.1545,40,43,44,40,41,41,42,46,43,41,42,42
1775549842.3590,40,43,44,40,41,41,42,46,43,41,42,42
1775549842.5599,40,43,44,40,41,41,42,46,43,41,42,42
1775549842.7602,41,43,44,40,41,41,42,46,43,42,42,42
1775549842.9606,40,43,44,40,41,41,42,46,43,41,42,42
1775549843.1612,40,43,44,40,41,41,42,46,43,41,42,42
1775549843.3616,40,43,44,40,41,41,42,46,43,41,42,42
1775549843.5622,40,43,44,40,41,41,42,46,43,42,42,42
1775549843.7627,40,43,44,40,41,41,42,46,43,41,42,42
1775549843.9629,40,43,44,40,41,41,42,46,43,42,42,42
1775549844.1632,40,43,44,40,41,41,42,46,43,42,42,42
1775549844.3636,40,43,44,40,41,41,42,46,43,42,42,42
1775549844.5638,40,43,44,40,41,41,42,46,43,42,42,42
1775549844.7642,40,43,44,40,41,41,42,46,43,42,42,42
1775549844.9644,41,43,44,40,41,41,42,46,43,42,42,42
1775549845.1649,40,43,44,40,41,41,42,46,43,42,42,42
1775549845.3653,40,43,44,40,41,41,42,46,43,42,42,42
1775549845.5656,40,43,44,40,41,41,42,46,43,42,42,42
1775549845.7658,40,43,44,40,41,41,42,46,43,42,42,42
1775549845.9662,40,43,44,40,41,41,42,46,43,42,42,42
1775549846.1665,40,43,44,40,41,41,42,46,43,42,42,42
1775549846.3671,40,43,44,40,41,41,42,46,43,42,42,42
1775549846.5675,40,43,44,40,41,41,42,46,43,42,42,42
1775549846.7677,40,43,44,40,41,41,42,46,43,42,42,42
1775549846.9680,40,43,44,40,41,41,42,46,43,41,42,42
1775549847.1683,41,43,44,40,41,41,42,46,43,42,42,42
1775549847.3687,40,43,44,40,41,41,42,46,43,42,42,42
1775549847.5689,40,43,44,40,41,41,42,46,43,42,42,42
1775549847.7701,40,43,44,40,41,41,42,46,43,42,42,42
1775549847.9703,40,43,44,40,41,41,42,46,43,41,42,42
1775549848.1712,41,43,44,40,41,41,42,46,43,42,42,42
1775549848.3717,40,43,44,40,41,41,42,46,43,42,42,42
1775549848.5721,40,43,44,40,41,41,42,46,43,42,42,42
1775549848.7723,40,43,44,40,41,41,42,46,43,42,42,42
1775549848.9726,40,43,44,40,41,41,42,46,43,42,42,42
1775549849.1728,41,43,44,40,41,41,42,46,43,42,42,42
1775549849.3733,40,43,44,40,41,41,42,46,43,42,42,42
1775549849.5739,41,43,44,40,41,41,42,47,43,41,42,42
1775549849.7745,40,43,44,40,41,41,42,47,43,42,42,42
1775549849.9752,40,43,44,40,41,41,42,46,43,42,42,42
1775549850.1754,40,43,44,40,41,41,42,47,43,42,42,42
1775549850.3757,40,43,44,40,41,41,42,47,43,42,42,42
1775549850.5760,40,43,44,40,41,41,42,47,43,42,42,42
1775549850.7762,40,43,44,40,41,41,42,47,43,42,42,42
1775549850.9765,40,43,44,40,41,41,42,47,43,42,42,42
1775549851.1768,40,43,44,40,41,41,42,47,43,41,42,42
1775549851.3770,40,43,44,40,41,41,42,47,43,41,42,42
1775549851.5774,40,43,44,40,41,41,42,47,43,41,42,42
1775549851.7777,40,43,44,40,41,41,42,47,43,42,42,42
1775549851.9801,41,43,44,40,41,41,42,47,43,41,42,42
1775549852.1804,40,43,44,40,41,41,42,47,43,42,42,42
1775549852.3807,40,43,45,40,41,41,43,47,43,41,42,42
1775549852.5813,40,43,44,40,41,41,42,47,43,42,42,42
1775549852.7822,40,43,44,40,41,41,42,47,43,42,42,42
1775549852.9825,41,43,44,40,41,41,42,47,43,42,42,42
1775549853.1828,40,43,45,40,41,41,43,47,43,42,42,42
1775549853.3830,40,43,45,40,41,42,43,47,43,42,42,42
1775549853.5833,40,43,45,40,41,41,43,47,43,42,42,42
1775549853.7835,40,43,44,40,41,42,43,47,43,42,42,42
1775549853.9838,40,43,45,40,41,42,42,47,43,42,42,42
1775549854.1841,40,44,45,40,41,42,42,47,43,42,42,42
1775549854.3843,40,43,45,40,41,42,42,47,43,42,42,42
1775549854.5848,40,43,45,40,41,42,42,47,43,42,42,42
1775549854.7851,40,43,45,40,41,42,43,47,43,42,42,42
1775549854.9855,40,43,45,40,41,42,43,47,43,42,42,42
1775549855.1857,40,43,45,40,41,42,43,47,43,42,42,42
1775549855.3860,40,43,45,40,41,42,43,47,43,42,42,42
1775549855.5863,41,44,45,40,41,42,42,47,43,42,42,42
1775549855.7866,40,43,45,40,41,42,42,47,43,42,42,43
1775549855.9868,40,43,45,40,41,42,42,47,43,42,42,43
1775549856.1879,40,43,45,40,41,42,43,47,43,42,42,43
1775549856.3882,40,43,45,40,41,42,43,47,43,42,42,43
1775549856.5884,40,43,45,40,41,42,43,47,43,42,42,42
1775549856.7887,40,43,45,40,41,42,42,47,43,42,42,42
1775549856.9891,41,43,45,40,41,42,43,47,43,42,42,42
1775549857.1894,41,43,45,40,41,42,42,47,43,42,42,42
1775549857.3897,41,43,45,40,41,42,43,47,43,42,42,43
1775549857.5899,40,43,45,40,41,42,43,47,43,41,42,43
1775549857.7901,40,43,45,40,41,42,43,47,43,42,42,42
1775549857.9903,41,43,45,40,41,42,43,47,43,42,42,42
1775549858.1906,40,43,45,40,41,42,43,47,43,41,42,43
1775549858.3913,40,44,45,40,41,42,42,47,43,41,42,42
1775549858.5918,40,43,45,40,41,42,43,47,44,42,42,43
1775549858.7923,41,43,45,40,41,42,43,47,43,42,42,43
1775549858.9925,41,43,45,40,41,42,43,47,43,42,42,43
1775549859.1929,41,43,45,40,41,42,43,47,44,41,42,43
1775549859.3931,40,44,45,40,41,42,43,47,43,42,42,42
1775549859.5934,41,44,45,40,41,42,42,47,43,42,42,43
1775549859.7936,41,44,45,40,41,42,42,47,43,41,42,42
1775549859.9939,40,43,45,40,41,42,43,47,44,42,42,43
1775549860.1941,40,43,45,40,41,42,42,47,44,42,42,43
1775549860.3944,41,43,45,40,41,42,42,47,43,42,42,42
1775549860.5947,40,44,45,40,41,42,43,47,43,42,42,42
1775549860.7950,40,43,45,40,41,42,43,47,44,42,42,43
1775549860.9954,41,43,45,40,41,42,42,47,44,41,42,43
1775549861.1956,40,44,45,40,41,42,43,47,44,41,42,43
1775549861.3961,41,43,45,40,41,42,43,47,44,42,42,43
1775549861.5963,41,44,45,40,41,42,42,47,44,42,42,43
1775549861.7978,40,44,45,40,41,42,42,47,44,42,42,43
1775549861.9982,40,44,45,40,41,42,42,47,44,42,42,43
1775549862.1985,40,44,45,40,41,42,42,47,44,42,42,42
1775549862.3992,41,44,45,40,41,42,43,47,44,41,42,43
1775549862.5996,40,44,45,40,41,42,43,47,44,42,42,42
1775549862.7999,41,44,45,40,41,42,43,47,44,42,42,42
1775549863.0005,41,44,45,40,41,42,42,47,44,42,42,43
1775549863.2012,41,44,45,40,41,42,43,47,44,42,42,43
1775549863.4017,40,44,45,40,41,42,43,47,44,42,42,43
1775549863.6022,40,43,45,40,41,42,43,47,44,42,42,43
1775549863.8025,41,43,45,40,41,42,43,47,44,42,42,43
1775549864.0027,41,44,45,40,41,42,43,47,44,42,42,43
1775549864.2029,41,44,45,40,41,42,43,47,44,42,42,43
1775549864.4037,40,43,45,40,41,42,43,47,44,42,42,43
1775549864.6040,41,44,45,40,41,42,43,47,44,42,42,43
1775549864.8042,41,44,45,40,41,42,43,47,44,42,42,43
1775549865.0045,41,44,45,40,41,42,43,47,44,42,42,43
1775549865.2047,41,43,45,40,41,42,43,47,44,42,42,43
1775549865.4052,40,44,45,40,41,42,43,47,44,42,42,43
1775549865.6062,40,43,45,40,41,42,43,47,44,42,42,43
1775549865.8064,41,44,45,40,41,42,43,47,44,42,42,43
1775549866.0067,41,44,45,40,41,42,43,47,44,42,42,43
1775549866.2069,41,44,45,40,41,42,43,47,44,41,42,43
1775549866.4074,41,44,45,40,41,42,43,47,44,42,42,43
1775549866.6082,41,43,45,40,41,42,43,47,44,42,42,43
1775549866.8084,40,44,45,40,41,42,43,48,44,42,42,43
1775549867.0093,41,44,45,41,41,42,43,47,44,42,42,43
1775549867.2098,41,43,45,40,41,42,43,47,44,42,42,43
1775549867.4103,41,43,45,40,41,42,43,47,44,42,42,43
1775549867.6108,41,44,45,40,41,42,43,47,44,42,42,43
1775549867.8112,40,44,45,40,41,42,43,47,44,42,42,43
1775549868.0115,41,44,45,40,41,42,43,48,44,42,42,43
1775549868.2117,41,44,45,40,41,42,43,47,44,42,42,43
1775549868.4124,41,44,45,40,41,42,43,47,44,42,42,43
1775549868.6128,41,44,45,40,41,42,43,47,44,41,42,43
1775549868.8130,41,44,45,40,41,42,43,47,44,42,42,43
1775549869.0133,41,44,45,40,41,42,43,47,44,42,42,43
1775549869.2135,41,44,45,40,41,42,43,47,44,42,42,42
1775549869.4139,41,44,45,40,41,42,43,48,44,42,42,43
1775549869.6142,40,44,45,40,41,42,43,47,44,42,42,43
1775549869.8146,41,44,45,40,41,42,43,47,44,42,42,43
1775549870.0149,41,44,45,40,41,42,43,48,44,42,42,43
1775549870.2152,41,44,45,40,41,42,43,48,44,42,42,43
1775549870.4154,41,44,45,40,41,42,43,48,44,42,42,43
1775549870.6159,41,44,45,40,41,42,43,47,44,42,42,43
1775549870.8161,41,44,45,40,41,42,43,48,44,42,42,43
1775549871.0164,41,44,45,40,41,42,43,48,44,42,42,43
1775549871.2167,41,44,45,40,41,42,43,48,44,42,42,43
1775549871.4172,41,44,45,40,41,42,43,48,44,42,42,43
1775549871.6174,40,44,45,40,41,42,43,48,44,42,42,43
1775549871.8178,41,44,45,40,41,42,43,48,44,42,42,43
1775549872.0182,41,44,45,40,41,42,43,48,44,42,42,43
1775549872.2187,41,44,45,40,41,42,43,48,44,42,42,43
1775549872.4190,41,44,45,40,41,42,43,48,44,41,42,43
1775549872.6193,41,44,45,40,41,42,43,48,44,42,42,43
1775549872.8195,41,44,45,40,41,42,43,48,44,42,42,43
1775549873.0200,40,44,45,40,41,42,43,48,44,42,42,43
1775549873.2202,41,44,45,40,41,42,43,48,44,42,42,43
1775549873.4205,41,44,45,40,41,42,43,48,44,41,42,43
1775549873.6208,41,44,45,40,41,43,43,48,44,42,42,43
1775549873.8210,41,44,45,40,41,42,43,48,44,42,42,43
1775549874.0213,41,44,45,40,41,42,43,48,44,41,42,43
1775549874.2217,41,44,45,40,41,42,43,48,44,42,42,43
1775549874.4219,41,44,45,41,41,42,43,48,44,41,42,43
1775549874.6222,41,44,45,40,41,43,43,48,44,42,42,43
1775549874.8225,41,44,45,40,41,42,43,48,44,41,42,43
1775549875.0231,41,44,45,40,41,43,43,48,44,42,42,43
1775549875.2235,41,44,45,40,41,42,43,48,44,42,42,43
1775549875.4242,41,44,45,40,41,43,43,48,44,42,42,43
1775549875.6244,41,44,45,40,41,43,43,48,44,42,42,43
1775549875.8247,41,44,45,40,41,43,43,48,44,42,42,43
1775549876.0250,41,44,45,40,41,43,43,48,44,42,42,43
1775549876.2252,41,44,45,40,41,43,43,48,44,42,42,43
1775549876.4256,41,44,45,40,41,43,43,48,44,42,42,43
1775549876.6259,41,44,45,40,41,43,43,48,44,42,42,43
1775549876.8263,41,44,45,40,41,43,43,48,44,42,42,43
1775549877.0267,41,44,45,40,41,43,43,48,44,42,42,43
1775549877.2270,41,44,45,41,41,43,43,48,44,41,42,43
1775549877.4273,41,44,45,40,41,43,43,48,44,42,42,43
1775549877.6281,41,44,45,40,41,43,43,48,44,41,42,43
1775549877.8287,41,44,45,40,41,43,43,48,44,42,42,43
1775549878.0296,41,44,45,40,41,43,43,48,44,42,42,43
1775549878.2302,41,44,45,40,41,43,43,48,44,42,42,43
1775549878.4307,41,44,45,40,41,43,43,48,44,42,42,43
1775549878.6310,41,44,45,40,41,43,43,48,44,42,42,43
1775549878.8316,41,44,45,40,41,43,43,48,44,42,42,43
1775549879.0319,40,44,45,40,41,43,43,48,44,42,42,43
1775549879.2322,41,44,45,40,41,43,43,48,44,42,42,43
1775549879.4326,41,44,45,40,41,43,43,48,44,42,42,43
1775549879.6328,41,44,45,40,41,43,43,48,44,42,42,43
1775549879.8331,41,44,46,40,41,43,43,48,44,41,42,43
1775549880.0334,41,44,45,40,41,43,43,48,44,42,42,43
1775549880.2336,41,44,45,41,41,43,43,48,44,42,42,43
1775549880.4339,41,44,45,40,41,43,43,48,44,42,42,43
1775549880.6341,41,44,45,40,41,43,43,48,44,42,42,43
1775549880.8344,41,44,45,40,41,43,43,48,44,42,42,43
1775549881.0347,41,44,45,40,41,43,43,48,44,41,42,43
1775549881.2350,41,44,45,40,41,43,43,48,44,42,42,43
1775549881.4353,41,44,46,40,41,43,43,48,44,42,42,43
1775549881.6355,41,44,45,40,41,43,43,48,44,41,42,43
1775549881.8358,41,44,45,40,41,43,43,48,45,42,42,43
1775549882.0361,41,44,46,40,41,43,43,48,44,42,42,43
1775549882.2364,41,44,46,40,41,43,43,48,44,42,42,43
1775549882.4367,41,44,46,40,41,43,43,48,44,42,42,43
1775549882.6371,41,44,46,40,41,43,43,48,44,42,42,43
1775549882.8377,41,44,46,40,41,43,43,48,45,42,42,43
1775549883.0380,41,44,46,40,41,43,43,48,44,42,42,43
1775549883.2385,41,44,46,40,41,43,43,48,44,42,42,43
1775549883.4387,41,44,46,40,41,43,43,48,45,41,42,43
1775549883.6390,41,44,46,40,41,43,43,48,45,41,42,43
1775549883.8394,41,44,46,40,41,43,43,48,45,42,42,43
1775549884.0396,41,44,46,40,41,43,43,48,45,42,42,43
1775549884.2399,41,44,46,40,41,43,43,48,45,42,42,43
1775549884.4403,41,44,46,40,41,43,43,48,45,42,42,43
1775549884.6405,41,44,46,40,41,43,43,48,45,41,42,43
1775549884.8409,41,44,46,40,41,43,43,48,45,42,42,43
1775549885.0418,41,44,46,40,41,43,43,48,45,42,42,43
1775549885.2432,41,44,46,40,41,43,43,48,45,42,42,43
1775549885.4438,41,44,46,40,41,43,43,48,45,42,42,43
1775549885.6441,41,44,46,40,41,43,43,48,45,42,42,43
1775549885.8444,41,44,46,40,41,43,43,48,45,42,42,43
1775549886.0446,41,44,46,40,41,43,43,48,45,41,42,43
1775549886.2449,41,44,46,40,41,43,43,48,45,41,42,43
1775549886.4452,41,44,46,40,41,43,43,48,45,42,42,43
1775549886.6457,41,44,46,40,41,43,43,48,45,42,42,43
1775549886.8459,41,44,46,40,41,43,43,48,45,42,42,43
1775549887.0462,41,44,46,40,41,43,43,48,45,42,42,43
1775549887.2465,41,44,46,40,41,43,43,48,45,42,42,43
1775549887.4469,41,44,46,40,41,43,43,48,45,42,42,43
1775549887.6473,41,44,46,40,41,43,43,48,45,42,42,43
1775549887.8477,41,44,46,40,41,43,43,48,45,42,42,43
1775549888.0479,41,44,46,40,41,43,43,48,45,42,42,43
1775549888.2495,41,44,46,40,41,43,43,48,45,42,42,43
1775549888.4499,41,44,46,40,41,43,43,48,45,42,42,43
1775549888.6502,41,44,46,40,42,43,43,48,45,42,42,43
1775549888.8511,41,44,46,40,41,43,43,48,45,42,42,43
1775549889.0517,41,44,46,41,41,43,43,48,45,42,42,43
1775549889.2519,41,44,46,40,41,43,43,48,45,42,42,43
1775549889.4522,41,44,46,40,41,43,43,48,45,42,42,43
1775549889.6530,41,44,46,41,41,43,43,48,45,42,42,43
1775549889.8533,41,44,46,41,41,43,43,48,45,42,42,43
1775549890.0536,41,44,46,41,41,43,43,48,45,42,42,43
1775549890.2538,41,44,46,41,41,43,43,48,45,42,42,43
1775549890.4541,41,44,46,41,41,43,43,47,45,42,42,43
1775549890.6545,41,44,46,41,41,43,43,48,45,42,42,43
1775549890.8548,41,44,46,41,42,43,43,48,45,42,42,43
1775549891.0550,41,44,46,41,41,43,43,48,45,42,42,43
1775549891.2553,41,44,46,41,41,43,43,47,45,42,42,43
1775549891.4564,41,44,46,41,41,43,43,47,45,41,42,43
1775549891.6569,41,44,46,41,41,43,43,47,45,42,42,43
1775549891.8573,41,44,46,41,41,43,43,47,45,42,42,43
1775549892.0577,41,44,46,41,41,43,43,48,45,42,42,43
1775549892.2589,41,44,46,41,41,43,43,47,45,42,42,43
1775549892.4592,41,44,46,41,41,43,43,48,45,42,42,43
1775549892.6595,41,44,46,41,41,43,43,47,45,42,42,43
1775549892.8599,41,44,46,41,42,43,44,47,45,42,42,43
1775549893.0607,41,44,46,41,42,43,44,47,45,42,42,43
1775549893.2611,41,44,46,41,42,43,43,47,45,42,42,43
1775549893.4614,41,44,46,41,41,43,43,47,45,42,42,43
1775549893.6617,41,44,46,41,42,43,44,47,45,42,42,43
1775549893.8634,41,44,46,41,41,43,44,47,45,42,42,43
1775549894.0640,41,44,46,41,42,43,44,47,45,42,42,43
1775549894.2642,41,44,46,41,41,43,44,47,45,42,42,43
1775549894.4645,41,44,46,41,42,43,44,47,45,42,42,43
1775549894.6649,41,44,46,41,42,43,44,47,45,42,42,43
1775549894.8654,41,44,46,41,41,43,44,47,45,42,42,43
1775549895.0656,41,44,46,41,42,43,44,47,45,42,42,43
1775549895.2659,41,44,46,41,41,43,44,47,45,42,42,43
1775549895.4661,41,44,46,41,41,43,44,47,45,42,42,43
1775549895.6665,41,44,46,41,41,43,44,47,45,42,42,43
1775549895.8668,41,44,46,41,41,43,44,47,45,41,42,43
1775549896.0672,41,44,46,41,41,43,44,47,45,42,42,43
1775549896.2678,41,44,46,41,42,43,44,47,45,42,42,43
1775549896.4680,41,44,46,41,42,43,44,47,45,42,42,43
1775549896.6691,41,44,46,41,41,43,44,47,45,42,42,43
1775549896.8697,41,44,46,41,41,43,44,47,45,42,42,43
1775549897.0703,41,44,46,41,41,43,44,47,45,42,42,43
1775549897.2706,41,44,46,41,41,43,44,47,45,42,42,43
1775549897.4708,41,44,46,41,42,43,44,47,45,42,42,43
1775549897.6714,41,44,46,41,41,43,44,47,45,42,42,43
1775549897.8716,41,44,46,41,41,43,44,47,45,41,42,43
1775549898.0719,41,44,46,41,42,43,44,47,45,42,42,43
1775549898.2722,41,44,46,41,41,43,44,47,45,42,42,43
1775549898.4726,41,44,46,41,42,43,44,47,45,42,42,43
1775549898.6729,41,44,46,41,42,43,44,47,45,42,42,43
1775549898.8736,41,44,46,41,41,43,44,47,45,42,42,43
1775549899.0739,41,44,46,41,41,43,44,47,45,42,42,43
1775549899.2742,41,44,46,41,42,43,44,47,46,42,42,43
1775549899.4744,41,44,46,41,42,43,44,47,45,42,42,43
1775549899.6747,41,44,46,41,42,43,44,47,45,42,42,43
1775549899.8750,41,44,46,41,41,43,44,47,45,42,42,43
1775549900.0752,41,44,46,41,41,43,44,47,45,42,42,43
1775549900.2755,41,44,46,41,41,43,44,47,45,42,42,43
1775549900.4758,41,44,46,41,41,43,44,47,45,42,42,43
1775549900.6762,41,44,46,41,41,43,44,47,45,42,42,43
1775549900.8765,41,44,46,41,42,43,44,47,45,42,42,43
1775549901.0768,41,44,46,41,42,43,44,47,45,42,42,43
1775549901.2772,41,44,46,41,42,43,44,47,45,42,42,43
1775549901.4774,41,44,46,41,42,43,44,47,46,42,42,43
1775549901.6778,41,44,46,41,42,43,44,47,46,41,42,43
1775549901.8781,41,44,46,41,42,43,44,47,45,42,42,43
1775549902.0785,41,44,46,41,42,43,44,47,45,42,42,43
1775549902.2787,41,44,46,41,42,43,44,47,46,42,42,43
1775549902.4790,41,44,46,41,42,43,44,47,45,42,43,43
1775549902.6796,41,44,46,41,41,43,44,47,46,42,42,43
1775549902.8801,41,44,46,41,42,43,44,47,45,42,42,43
1775549903.0804,41,44,46,41,42,43,44,47,45,42,42,43
1775549903.2809,41,44,46,41,42,43,44,47,45,42,42,43
1775549903.4818,41,44,46,41,42,43,44,47,45,41,42,43
1775549903.6825,41,44,46,41,42,43,44,47,45,42,42,43
1775549903.8827,41,44,46,41,42,43,44,47,45,42,42,43
1775549904.0830,41,44,46,41,41,43,44,47,45,42,42,43
1775549904.2835,41,44,46,41,42,43,44,47,45,42,42,43
1775549904.4840,41,44,46,41,42,43,44,47,45,42,43,43
1775549904.6843,41,44,46,41,42,43,44,47,45,42,42,43
1775549904.8846,41,44,46,41,42,43,44,47,46,42,43,43
1775549905.0848,41,44,46,41,42,43,44,47,46,42,42,43
1775549905.2851,41,44,46,41,42,43,44,47,46,42,42,43
1775549905.4853,41,44,46,41,42,43,44,47,46,42,42,43
1775549905.6858,41,44,46,41,42,43,44,47,46,42,42,43
1775549905.8861,41,44,46,41,42,43,44,47,45,42,42,43
1775549906.0865,41,44,46,41,42,43,44,47,46,42,42,43
1775549906.2867,41,44,46,41,41,43,44,47,46,42,42,43
1775549906.4870,41,44,46,41,42,43,44,47,45,42,42,43
1775549906.6873,41,44,46,41,42,43,44,47,46,42,42,43
1775549906.8875,41,44,46,41,42,43,44,46,46,42,42,43
1775549907.0878,41,44,46,41,42,43,44,46,46,42,43,43
1775549907.2884,41,44,46,41,42,43,44,47,45,42,42,43
1775549907.4887,41,44,46,41,42,43,44,46,46,42,42,43
1775549907.6890,41,44,46,41,42,43,44,47,46,42,42,43
1775549907.8893,41,44,46,41,42,43,44,47,46,42,42,43
1775549908.0896,41,44,46,41,42,43,44,47,46,42,42,43
1775549908.2899,41,44,46,41,42,43,44,47,46,42,42,43
1775549908.4905,41,44,46,41,42,43,44,47,46,42,42,43
1775549908.6908,41,44,47,41,42,43,44,47,46,42,42,43
1775549908.8911,41,44,46,41,42,43,44,46,46,42,42,43
1775549909.0915,41,44,46,41,42,43,44,47,46,42,42,43
1775549909.2920,41,44,46,41,42,43,44,47,46,42,42,43
1775549909.4923,41,44,46,41,42,43,44,46,46,42,42,43
1775549909.6929,41,44,46,41,42,43,44,46,46,42,42,43
1775549909.8932,41,44,46,41,42,43,44,46,46,42,42,43
1775549910.0935,41,44,46,41,42,43,44,46,46,42,42,43
1775549910.2937,41,44,46,41,41,43,44,46,46,42,42,43
1775549910.4942,41,44,46,41,42,43,44,46,46,42,42,43
1775549910.6945,41,44,46,41,42,43,43,46,46,42,42,43
1775549910.8948,41,44,47,41,42,43,44,46,46,42,42,43
1775549911.0951,41,44,46,41,42,43,43,46,46,42,42,43
1775549911.2954,41,44,46,41,42,43,44,46,46,42,42,43
1775549911.4961,41,44,47,41,41,43,44,46,46,42,42,43
1775549911.7016,41,44,46,41,42,43,44,46,46,42,42,43
1775549911.9020,41,44,46,41,42,43,44,46,46,42,42,43
1775549912.1028,41,44,47,41,42,43,44,46,46,42,42,43
1775549912.3042,41,44,47,41,42,43,43,46,46,42,43,43
1775549912.5051,41,44,47,41,42,43,44,46,46,42,43,43
1775549912.7071,41,44,47,41,42,43,44,46,46,42,42,43
1775549912.9076,41,44,47,41,42,43,44,46,46,42,43,43
1775549913.1078,41,44,47,41,42,43,44,46,46,41,43,43
1775549913.3082,41,44,47,41,42,43,44,47,46,42,43,43
1775549913.5085,41,44,47,41,42,43,44,46,46,42,43,43
1775549913.7088,41,44,47,41,42,43,44,46,46,42,43,43
1775549913.9090,41,44,47,41,42,43,44,46,46,42,42,43
1775549914.1093,41,44,47,41,42,43,43,46,46,42,43,43
1775549914.3096,41,44,47,41,42,43,43,46,46,42,43,43
1775549914.5098,41,44,47,41,42,43,43,46,46,42,43,43
1775549914.7101,41,44,47,41,42,43,44,46,46,42,43,43
1775549914.9103,41,44,47,41,42,43,44,46,46,42,43,43
1775549915.1106,41,44,47,41,42,43,43,46,46,42,43,43
1775549915.3109,41,44,47,41,42,43,44,46,46,42,43,43
1775549915.5111,41,44,47,41,42,43,44,46,46,42,42,43
1775549915.7114,41,44,47,41,42,43,44,46,46,42,43,43
1775549915.9116,41,44,47,41,42,43,44,46,46,42,43,43
1775549916.1119,41,44,47,41,42,43,44,46,46,42,43,43
1775549916.3121,41,44,47,41,42,43,44,46,46,42,43,43
1775549916.5126,41,44,47,41,41,43,44,46,46,42,42,43
1775549916.7130,41,44,47,41,42,43,44,46,46,42,43,43
1775549916.9135,41,44,47,41,42,43,43,46,46,42,43,43
1775549917.1137,41,44,47,41,42,43,44,46,46,42,43,43
1775549917.3141,41,44,47,41,42,43,44,46,46,42,43,43
1775549917.5143,41,44,47,41,42,43,44,46,46,42,43,43
1775549917.7146,41,44,47,41,42,43,43,46,46,42,43,43
1775549917.9149,41,44,47,41,42,43,44,46,46,42,43,43
1775549918.1152,41,44,47,41,42,43,44,46,46,42,43,43
1775549918.3156,41,44,47,41,42,43,44,46,46,42,43,43
1775549918.5159,41,44,47,41,42,43,43,46,46,42,42,43
1775549918.7162,41,44,47,41,42,43,44,46,46,42,43,43
1775549918.9168,41,44,47,41,42,43,43,46,46,42,42,43
1775549919.1171,41,44,47,41,42,43,44,46,46,42,43,43
1775549919.3173,41,44,47,41,42,43,43,46,46,42,42,43
1775549919.5178,41,44,47,41,42,43,44,46,46,42,43,43
1775549919.7180,41,44,47,41,42,43,43,46,46,42,43,43
1775549919.9183,41,44,47,41,42,43,44,46,46,42,43,43
1775549920.1187,41,44,47,41,42,43,44,46,46,42,42,43
1775549920.3193,41,44,47,41,42,43,43,46,46,42,43,43
1775549920.5198,41,44,47,41,42,43,44,46,46,42,43,43
1775549920.7200,41,44,47,41,42,43,43,46,46,42,43,43
1775549920.9206,41,44,47,41,42,43,43,46,46,42,43,43
1775549921.1209,41,44,47,41,42,43,43,46,46,42,43,43
1775549921.3211,41,44,47,41,42,42,43,46,46,42,43,43
1775549921.5214,41,44,47,41,42,43,44,46,46,42,43,43
1775549921.7220,41,44,47,41,42,43,44,46,46,42,43,43
1775549921.9228,41,44,47,41,42,43,43,46,46,42,43,43
1775549922.1231,41,44,47,41,42,43,44,46,46,42,43,43
1775549922.3235,41,44,47,41,42,43,43,46,46,42,43,43
1775549922.5248,41,44,47,41,42,43,43,46,46,42,43,43
1775549922.7253,41,44,47,41,42,43,43,46,46,42,43,43
1775549922.9257,41,44,47,41,42,43,43,46,46,42,43,43
1775549923.1260,41,44,47,41,42,43,43,46,46,42,43,43
1775549923.3261,41,44,47,41,42,43,43,46,46,42,43,43
1775549923.5263,41,44,47,41,42,43,44,46,46,42,43,43
1775549923.7266,41,44,47,41,42,43,44,46,46,42,43,43
1775549923.9269,41,44,47,41,42,43,43,46,46,42,43,43
1775549924.1271,41,44,47,41,42,43,43,46,46,42,43,43
1775549924.3274,41,44,46,41,42,43,43,46,46,42,42,43
1775549924.5278,41,44,47,41,42,43,43,46,46,42,43,43
1775549924.7281,41,44,47,41,42,43,43,46,46,42,43,43
1775549924.9285,41,44,46,41,42,43,43,46,46,42,43,43
1775549925.1288,41,44,46,41,42,43,43,46,46,42,43,43
1775549925.3291,41,44,46,41,42,43,43,46,46,42,43,43
1775549925.5294,41,44,46,41,42,43,43,46,46,42,43,43
1775549925.7296,41,44,46,41,42,43,43,46,46,42,43,43
1775549925.9299,41,44,46,41,42,43,43,46,46,42,43,43
1775549926.1300,41,44,46,41,42,43,43,46,46,42,43,43
1775549926.3303,41,44,46,41,42,43,43,46,46,42,43,43
1775549926.5309,41,44,46,41,42,43,43,46,46,42,43,43
1775549926.7312,41,44,46,41,42,43,43,46,46,42,43,43
1775549926.9314,41,44,46,41,42,43,43,46,46,42,43,43
1775549927.1317,41,44,46,41,42,43,43,46,46,42,43,43
1775549927.3320,41,44,46,41,42,43,43,46,46,42,43,43
1775549927.5323,41,44,46,41,42,43,43,46,46,42,43,43
1775549927.7327,41,44,46,41,42,43,43,46,46,42,43,43
1775549927.9330,41,44,46,41,42,43,43,46,46,42,43,43
1775549928.1335,41,44,46,41,42,43,43,46,46,42,43,43
1775549928.3338,41,44,46,41,42,43,43,46,46,42,43,43
1775549928.5348,41,44,46,41,42,43,43,46,46,42,43,43
1775549928.7350,41,44,46,41,42,43,43,46,46,42,43,43
1775549928.9353,41,44,46,41,42,43,43,46,46,42,43,43
1775549929.1356,41,44,46,41,42,43,43,46,46,42,43,43
1775549929.3358,41,44,46,41,42,43,43,46,46,42,43,43
1775549929.5361,41,44,46,41,42,43,43,46,46,42,43,43
1775549929.7364,41,44,46,41,42,43,43,46,46,42,43,43
1775549929.9366,41,44,46,41,42,43,43,46,46,42,43,43
1775549930.1369,41,44,46,41,42,43,43,46,46,42,43,43
1775549930.3371,41,44,46,41,41,43,43,46,46,42,43,43
1775549930.5375,41,44,46,41,42,43,43,46,46,42,43,43
1775549930.7378,41,44,46,41,42,43,43,46,46,42,43,43
1775549930.9381,41,44,46,41,42,43,43,46,46,42,43,43
1775549931.1385,41,44,46,41,42,43,43,46,46,42,43,43
1775549931.3388,41,44,46,41,42,43,43,46,46,42,43,43
1775549931.5391,41,44,46,41,42,43,43,46,46,42,43,43
1775549931.7394,41,44,46,41,42,43,43,46,46,42,43,43
1775549931.9397,41,44,46,41,42,43,43,46,46,42,43,43
1775549932.1401,41,44,46,41,42,42,43,46,46,42,43,43
1775549932.3404,41,44,46,41,42,43,43,46,46,42,43,43
1775549932.5406,41,44,46,41,42,43,43,46,46,42,43,43
1775549932.7409,41,44,46,41,42,43,43,46,46,42,43,43
1775549932.9418,41,44,46,41,42,42,43,46,46,42,43,43
1775549933.1425,41,44,46,41,42,43,43,46,46,42,43,43
1775549933.3431,41,44,46,41,42,43,43,46,46,42,43,43
1775549933.5436,41,44,46,41,42,43,43,46,46,42,43,43
1775549933.7443,41,44,46,41,42,42,43,46,46,42,43,43
1775549933.9446,41,44,46,41,42,42,43,46,46,42,43,43
1775549934.1451,41,44,46,41,42,42,43,46,46,42,43,43
1775549934.3453,41,44,46,41,42,43,43,46,46,42,43,43
1775549934.5456,41,44,46,41,42,43,43,46,45,42,43,43
1775549934.7459,41,44,46,41,42,42,43,46,46,42,43,43
1775549934.9462,41,44,46,41,42,42,43,46,46,42,43,43
1775549935.1464,41,44,46,41,42,43,43,46,46,42,43,43
1775549935.3468,41,44,46,41,42,43,43,46,46,42,43,43
1775549935.5471,41,44,46,41,42,43,43,46,46,42,43,43
1775549935.7473,41,44,46,41,42,43,43,46,46,42,43,43
1775549935.9476,41,44,46,41,42,42,43,46,46,42,43,43
1775549936.1479,41,44,46,41,42,42,43,46,46,42,43,43
1775549936.3484,41,44,46,41,42,42,43,46,46,42,43,43
1775549936.5487,41,44,46,41,42,42,43,46,46,42,43,43
1775549936.7489,41,44,46,41,42,42,43,46,46,42,43,43
1775549936.9492,41,44,46,41,42,43,43,46,46,42,43,43
1775549937.1494,41,44,46,41,42,42,43,46,45,42,43,43
1775549937.3497,41,44,46,41,42,42,43,46,46,42,43,43
1775549937.5500,41,44,46,41,41,42,43,46,45,42,43,43
1775549937.7502,41,44,46,41,42,42,43,46,46,42,43,43
1775549937.9505,41,44,46,41,42,42,43,46,45,42,43,43
1775549938.1507,41,44,46,41,42,42,43,46,46,42,43,43
1775549938.3510,41,44,46,41,42,42,43,46,45,42,43,43
1775549938.5513,41,44,46,41,42,42,43,46,46,42,43,43
1775549938.7515,41,44,46,41,42,42,43,46,46,42,43,43
1775549938.9518,41,44,46,41,42,42,43,46,45,42,43,43
1775549939.1520,41,44,46,41,42,42,43,46,45,42,43,43
1775549939.3523,41,44,46,41,42,42,43,46,45,42,43,43
1775549939.5526,41,44,46,41,42,42,43,46,45,42,43,43
1775549939.7533,41,44,46,41,42,43,43,46,46,42,43,43
1775549939.9536,41,44,46,41,42,42,43,46,45,42,43,43
1775549940.1541,41,44,46,41,42,42,43,46,45,42,43,43
1775549940.3544,41,44,46,41,42,42,43,46,45,42,43,43
1775549940.5547,41,44,46,41,42,42,43,46,45,42,43,43
1775549940.7550,41,44,46,41,42,42,43,46,46,42,43,43
1775549940.9553,41,44,46,41,42,42,43,46,45,42,43,43
1775549941.1555,41,44,46,41,42,42,43,46,45,42,43,43
1775549941.3558,41,44,46,41,42,42,43,46,45,42,43,43
1775549941.5561,41,44,46,41,42,42,43,46,46,42,43,43
1775549941.7563,41,44,46,41,42,42,43,46,46,42,43,43
1775549941.9566,41,44,46,41,42,42,43,46,45,42,43,43
1775549942.1576,41,44,46,41,42,42,43,46,45,42,43,43
1775549942.3579,41,44,45,41,42,42,43,46,46,42,43,43
1775549942.5584,41,44,46,41,42,42,43,46,46,42,43,43
1775549942.7590,41,44,46,41,42,42,43,46,45,42,43,43
1775549942.9592,41,44,46,41,41,42,43,46,45,42,43,43
1775549943.1597,41,44,46,41,42,42,43,46,45,42,43,43
1775549943.3599,41,44,46,41,42,42,43,46,45,42,43,43
1775549943.5602,41,44,45,41,42,42,43,46,45,42,43,43
1775549943.7605,41,44,46,41,42,42,43,46,45,42,43,43
1775549943.9610,41,44,45,41,42,42,43,46,45,42,43,43
1775549944.1613,41,44,46,41,42,42,43,46,45,42,43,43
1775549944.3615,41,44,46,41,42,42,43,46,45,42,43,43
1775549944.5618,41,44,45,41,42,42,43,46,45,42,43,43
1775549944.7621,41,44,45,41,42,42,43,46,45,42,43,43
1775549944.9623,41,44,45,41,42,42,43,46,45,42,43,43
1775549945.1627,41,44,45,41,42,42,43,46,45,42,43,43
1775549945.3630,41,44,45,41,41,42,43,46,45,42,43,43
1775549945.5633,41,44,45,41,42,42,43,46,45,42,43,43
1775549945.7635,41,44,45,41,42,42,43,46,45,42,43,43
1775549945.9640,41,44,45,41,42,42,43,46,45,42,43,43
1775549946.1643,41,44,45,41,42,42,43,46,45,42,43,43
1775549946.3645,41,44,45,41,42,42,43,46,45,42,43,43
1775549946.5649,41,44,46,41,41,42,43,46,45,42,43,43
1775549946.7651,41,44,45,41,42,42,43,46,45,42,43,43
1775549946.9654,41,44,45,41,42,42,43,46,45,42,43,43
1775549947.1657,41,44,45,41,42,42,43,46,45,42,43,43
1775549947.3660,41,44,45,41,42,42,43,46,45,42,43,43
1775549947.5662,41,44,45,41,42,42,43,46,45,42,43,43
1775549947.7665,41,44,46,41,42,42,43,46,45,42,43,43
1775549947.9669,41,44,45,41,42,42,43,46,45,42,43,43
1775549948.1671,41,44,45,41,42,42,43,46,45,42,43,43
1775549948.3674,41,44,45,41,42,42,43,46,45,42,43,43
1775549948.5679,41,44,45,41,42,42,43,46,45,42,43,43
1775549948.7682,41,44,45,41,42,42,43,46,45,42,43,43
1775549948.9686,41,44,45,41,42,42,43,46,45,42,43,43
1775549949.1689,41,44,45,41,42,42,43,46,45,42,43,43
1775549949.3691,41,44,45,41,42,42,43,46,45,42,43,43
1775549949.5694,41,44,45,41,42,42,43,46,45,42,43,43
1775549949.7696,41,44,45,41,42,42,43,46,45,42,43,43
1775549949.9701,41,44,45,41,42,42,43,46,45,42,43,43
1775549950.1703,41,44,45,41,42,42,43,46,45,42,43,43
1775549950.3709,41,44,45,41,42,42,43,46,45,42,43,43
1775549950.5712,41,44,45,41,42,42,43,46,45,42,43,43
1775549950.7714,41,44,45,41,42,42,43,46,45,42,43,43
1775549950.9717,41,44,45,41,42,42,43,46,45,42,43,43
1775549951.1720,41,44,45,41,42,42,43,46,45,42,43,43
1775549951.3725,41,44,45,41,42,42,43,46,45,42,43,43
1775549951.5727,41,44,45,41,42,42,43,46,45,42,43,43
1775549951.7730,41,44,45,41,42,42,43,46,45,42,43,43
1775549951.9732,41,44,45,41,42,42,43,46,45,42,43,43
1775549952.1741,41,44,45,41,42,42,43,46,45,42,43,43
1775549952.3743,41,44,45,41,41,42,43,46,45,42,43,43
1775549952.5746,41,44,45,41,42,42,43,46,45,42,43,43
1775549952.7748,41,44,45,41,42,42,43,46,45,42,43,43
1775549952.9751,41,44,45,41,42,42,43,46,45,42,43,43
1775549953.1754,41,44,45,41,42,42,43,46,45,42,43,43
1775549953.3758,41,44,45,41,42,42,43,46,45,42,43,43
1775549953.5761,41,44,45,41,42,42,43,46,45,42,43,43
1775549953.7765,41,44,45,41,42,42,43,46,45,42,43,43
1775549953.9767,41,44,45,41,42,42,43,46,45,42,43,43
1775549954.1770,41,44,45,41,42,42,43,46,45,42,43,43
1775549954.3774,41,44,45,41,42,42,43,46,45,42,43,43
1775549954.5777,41,44,45,41,42,42,43,46,45,42,43,43
1775549954.7780,41,44,45,41,42,42,43,46,45,42,43,43
1775549954.9782,41,44,45,41,42,42,43,46,45,42,43,43
1775549955.1786,41,44,45,41,42,42,43,46,45,42,43,43
1775549955.3790,41,44,45,41,42,42,43,46,45,42,43,43
1775549955.5793,41,44,45,41,42,42,43,46,45,42,43,43
1775549955.7795,41,44,45,41,42,42,43,46,45,42,43,43
1775549955.9798,41,44,45,41,42,42,43,46,45,42,43,43
1775549956.1803,41,44,45,41,42,42,43,46,45,42,43,43
1775549956.3805,41,44,45,41,42,42,43,46,45,42,43,43
1775549956.5808,41,44,45,41,42,42,43,46,45,42,43,43
1775549956.7811,41,44,45,41,42,42,43,46,45,42,43,43
1775549956.9814,41,44,45,41,42,42,43,46,45,42,43,43
1775549957.1816,41,44,45,41,42,42,43,46,45,42,43,43
1775549957.3820,41,44,45,41,42,42,43,46,45,42,43,43
1775549957.5822,41,44,45,41,42,42,43,46,45,42,43,43
1775549957.7829,41,44,45,41,42,42,43,46,45,42,43,43
1775549957.9832,41,44,45,41,42,42,43,46,45,42,43,43
1775549958.1835,41,44,45,41,42,42,43,46,45,42,43,43
1775549958.3837,41,44,45,41,42,42,43,46,45,42,43,43
1775549958.5841,41,44,45,41,42,42,43,46,45,42,43,43
1775549958.7843,41,44,45,41,42,42,43,46,45,42,43,43
1775549958.9846,41,44,45,41,42,42,43,46,45,42,43,43
1775549959.1849,41,44,45,41,42,42,43,46,45,42,43,43
1775549959.3852,41,44,45,41,42,42,43,46,45,42,43,43
1775549959.5855,41,44,45,41,42,42,43,46,45,42,43,43
1775549959.7858,41,44,45,41,42,42,43,46,45,42,43,43
1775549959.9870,41,44,45,41,42,42,43,46,45,42,43,43
1775549960.1876,41,44,45,41,42,42,43,46,45,42,43,43
1775549960.3878,41,44,45,41,42,42,43,46,45,42,43,43
1775549960.5879,41,44,45,41,42,42,43,46,45,42,43,43
1775549960.7882,41,44,45,41,42,42,43,46,45,42,43,43
1775549960.9884,41,44,45,41,42,42,43,46,45,42,43,43
1775549961.1888,41,44,45,41,42,42,43,46,45,42,43,43
1775549961.3891,41,44,45,41,42,42,43,46,45,42,43,43
1775549961.5894,41,44,45,41,42,42,43,46,45,42,43,43
1775549961.7897,41,44,45,41,42,42,43,46,45,42,43,43
1775549961.9900,41,44,45,41,42,42,43,46,45,42,43,43
1775549962.1903,41,44,45,41,42,42,43,46,45,42,43,43
1775549962.3906,41,44,45,41,42,42,43,46,45,42,43,43
1775549962.5908,41,44,45,41,42,42,43,46,45,42,43,43
1775549962.7911,41,44,45,41,42,42,43,46,45,42,43,43
1775549962.9913,41,44,45,41,42,42,43,46,45,42,43,43
1775549963.1916,41,44,45,41,42,42,43,46,45,42,43,43
1775549963.3919,41,44,45,41,42,42,43,46,45,42,43,43
1775549963.5921,41,44,45,41,42,42,43,46,45,42,43,43
1775549963.7923,41,44,45,41,42,42,43,46,45,42,43,43
1775549963.9927,41,44,45,41,42,42,43,46,45,42,43,43
1775549964.1931,41,44,45,41,42,42,43,46,45,42,43,43
1775549964.3933,41,44,45,41,42,42,43,46,45,42,43,43
1775549964.5936,41,44,45,41,42,42,43,46,45,42,43,43
1775549964.7938,41,44,45,41,42,42,43,46,45,42,43,43
1775549964.9942,41,44,45,41,42,42,43,46,45,42,43,43
1775549965.1945,41,44,45,41,42,42,43,46,45,42,43,43
1775549965.3948,41,44,45,41,42,42,43,46,45,42,43,43
1775549965.5953,41,44,45,41,42,42,43,46,45,42,43,43
1775549965.7955,41,44,45,41,42,42,43,46,45,42,43,43
1775549965.9958,41,44,45,41,42,42,43,46,45,42,43,43
1775549966.1961,41,44,45,41,42,42,43,46,45,42,43,43
1775549966.3969,41,44,45,41,42,42,43,46,45,42,43,43
1775549966.5973,41,44,45,41,42,42,43,46,45,42,43,43
1775549966.7986,41,44,45,41,42,42,43,46,45,42,43,43
1775549966.9992,41,44,45,41,42,42,43,46,45,42,43,43
1775549967.1998,41,44,45,41,42,42,43,46,45,42,43,43
1775549967.4000,41,44,45,41,42,42,43,46,45,42,43,43
1775549967.6003,41,44,45,41,42,42,43,46,45,42,43,43
1775549967.8008,41,44,45,41,42,42,43,46,45,42,43,43
1775549968.0010,41,44,45,41,42,42,43,46,45,42,43,43
1775549968.2013,41,44,45,41,42,42,43,46,45,42,43,43
1775549968.4016,41,44,45,41,42,42,43,46,45,42,43,43
1775549968.6018,41,44,45,41,42,42,43,46,45,42,43,43
1775549968.8021,41,44,45,41,42,42,43,46,45,42,43,43
1775549969.0023,41,44,45,41,42,42,43,46,45,42,43,43
1775549969.2028,41,44,45,41,42,42,43,46,45,42,43,43
1775549969.4032,41,44,45,41,42,42,43,46,45,42,43,43
1775549969.6035,41,44,45,41,42,42,43,46,45,42,43,43
1775549969.8041,41,44,45,41,42,42,43,46,45,42,43,43
1775549970.0044,41,44,45,41,42,42,43,46,45,42,43,43
1775549970.2047,41,44,45,41,42,42,43,46,45,42,43,43
1775549970.4052,41,44,45,41,42,42,43,46,45,42,43,43
1775549970.6055,41,44,45,41,42,42,43,46,45,42,43,43
1775549970.8057,41,44,45,41,42,42,43,46,45,42,43,43
1775549971.0061,41,44,45,41,42,42,43,46,45,42,43,43
1775549971.2065,41,44,45,41,42,42,43,46,45,42,43,43
1775549971.4069,41,44,45,41,42,42,43,46,45,42,43,43
1775549971.6071,41,44,45,41,42,42,43,46,45,42,43,43
1775549971.8075,41,44,45,41,42,42,43,46,45,42,43,43
1775549972.0077,41,44,45,41,42,42,43,46,45,42,43,43
1775549972.2080,41,44,45,41,42,42,43,46,45,42,43,43
1775549972.4082,41,44,45,41,42,42,43,46,45,42,43,43
1775549972.6085,41,44,45,41,42,42,43,46,45,42,43,43
1775549972.8088,41,44,45,41,42,42,43,46,45,42,43,43
1775549973.0090,41,44,45,41,42,42,43,46,45,42,43,43
1775549973.2093,41,44,45,41,42,42,43,46,45,42,43,43
1775549973.4096,41,44,45,41,42,42,43,46,45,42,43,43
1775549973.6099,41,44,45,41,42,42,43,46,45,42,43,43
1775549973.8101,41,44,45,41,42,42,43,46,45,42,43,43
1775549974.0104,41,44,45,41,42,42,43,46,45,42,43,43
1775549974.2105,41,44,45,41,42,42,43,46,45,42,43,43
1775549974.4107,41,44,45,41,42,42,43,46,45,42,43,43
1775549974.6110,41,44,45,41,42,42,43,46,45,42,43,43
1775549974.8113,41,44,45,41,42,42,43,46,45,42,43,43
1775549975.0115,41,44,45,41,42,42,43,46,45,42,43,43
1775549975.2118,41,44,45,41,42,42,43,46,45,42,43,43
1775549975.4120,41,44,45,41,42,42,43,46,45,42,43,43
1775549975.6123,41,44,45,41,42,42,43,46,45,42,43,43
1775549975.8125,41,44,45,41,42,42,43,46,45,42,43,43
1775549976.0131,41,44,45,41,42,42,43,46,45,42,43,43
1775549976.2133,41,44,45,41,42,42,43,46,45,42,43,43
1775549976.4136,41,44,45,41,42,42,43,46,45,42,43,43
1775549976.6138,41,44,45,41,42,42,43,46,45,42,43,43
1775549976.8141,41,44,45,41,42,42,43,46,45,42,43,43
1775549977.0144,41,44,45,41,42,42,43,46,45,42,43,43
1775549977.2148,41,44,45,41,42,42,43,46,45,42,43,43
1775549977.4152,41,44,45,41,42,42,43,46,45,42,43,43
1775549977.6156,41,44,45,41,42,42,43,46,45,42,43,43
1775549977.8160,41,44,45,41,42,42,43,46,45,42,43,43
1775549978.0162,41,44,45,41,42,42,43,46,45,42,43,43
1775549978.2166,41,44,45,41,42,42,43,46,45,42,43,43
1775549978.4169,41,44,45,41,42,42,43,46,45,42,43,43
1775549978.6172,41,44,45,41,42,42,43,46,45,42,43,43
1775549978.8178,41,44,45,41,42,42,43,46,45,42,43,43
1775549979.0181,41,44,45,41,42,42,43,46,45,42,43,43
1775549979.2182,41,44,45,41,42,42,43,46,45,42,43,43
1775549979.4186,41,44,45,41,42,42,43,46,45,42,43,43
1775549979.6188,41,44,45,41,42,42,43,46,45,42,43,43
1775549979.8194,41,44,45,41,42,42,43,46,45,42,43,43
1775549980.0198,41,44,45,41,42,42,43,46,45,42,43,43
1775549980.2207,41,44,45,41,42,42,43,46,45,42,43,43
1775549980.4212,41,44,45,41,42,42,43,46,45,42,43,43
1775549980.6215,41,44,45,41,42,42,43,46,45,42,43,43
1775549980.8220,41,44,45,41,42,42,43,46,45,42,43,43
1775549981.0221,41,44,45,41,41,42,43,46,45,42,43,43
1775549981.2227,41,44,45,41,42,42,43,46,45,42,43,43
1775549981.4230,41,44,45,41,42,42,43,46,45,42,43,43
1775549981.6233,41,44,45,41,42,42,43,46,45,42,43,43
1775549981.8237,41,44,45,41,42,42,43,46,45,42,43,43
1775549982.0242,41,44,45,41,42,42,43,46,45,42,43,43
1775549982.2244,41,44,45,41,42,42,43,46,45,42,43,43
1775549982.4247,41,44,45,41,42,42,43,46,45,42,43,43
1775549982.6250,41,44,45,41,42,42,43,46,45,42,43,43
1775549982.8252,41,44,45,41,42,42,43,46,45,42,43,43
1775549983.0255,41,44,45,41,42,42,43,46,45,42,43,43
1775549983.2257,41,44,45,41,42,42,43,46,45,42,43,43
1775549983.4263,41,44,45,41,42,42,43,46,45,42,43,43
1775549983.6266,41,44,45,41,42,42,43,46,45,42,43,43
1775549983.8268,41,44,45,41,42,42,43,46,45,42,43,43
1775549984.0272,41,44,45,41,42,42,43,46,45,42,43,43
1775549984.2275,41,44,45,41,42,42,43,46,45,42,43,43
1775549984.4277,41,44,45,41,42,42,43,46,45,42,43,43
1775549984.6280,41,44,45,41,42,42,43,46,45,42,43,43
1775549984.8286,41,44,45,41,42,42,43,46,45,42,43,43
1775549985.0289,41,44,45,41,42,42,43,46,45,42,43,43
1775549985.2291,41,44,45,41,42,42,43,46,45,42,43,43
1775549985.4294,41,44,45,41,42,42,43,46,45,42,43,43
1775549985.6296,41,44,45,41,42,42,43,46,45,42,43,43
1775549985.8299,41,44,45,41,42,42,43,46,45,42,43,43
1775549986.0301,41,44,45,41,42,42,43,46,45,42,43,43
1775549986.2305,41,44,45,41,42,42,43,46,45,42,43,43
1775549986.4308,41,44,45,41,42,42,43,46,45,42,43,43
1775549986.6311,41,44,45,41,42,42,43,46,45,42,43,43
1775549986.8313,41,44,45,41,42,42,43,46,45,42,43,43
1775549987.0316,41,44,45,41,42,42,43,46,45,42,43,43
1775549987.2319,41,44,45,41,42,42,43,46,45,42,43,43
1775549987.4322,41,44,45,41,42,42,43,46,45,42,43,43
1775549987.6325,41,44,45,41,42,42,43,46,45,42,43,43
1775549987.8331,41,44,45,41,42,42,43,46,45,42,43,43
1775549988.0334,41,44,45,41,42,42,43,46,45,42,43,43
1775549988.2337,41,44,45,41,42,42,43,46,45,42,43,43
1775549988.4339,41,44,45,41,42,42,43,46,45,42,43,43
1775549988.6342,41,44,45,41,42,42,43,46,45,42,43,43
1775549988.8344,41,44,45,41,42,42,43,46,45,42,43,43
1775549989.0348,41,44,45,41,42,42,43,46,45,42,43,43
1775549989.2354,41,44,45,41,42,42,43,46,45,42,43,43
1775549989.4356,41,44,45,41,42,42,43,46,45,42,43,43
1775549989.6363,41,44,45,41,42,42,43,46,45,42,43,43
1775549989.8370,41,44,45,41,42,42,43,46,45,42,43,43
1775549990.0376,41,44,45,41,42,42,43,46,45,42,43,43
1775549990.2381,41,44,45,41,42,42,43,46,45,42,43,43
1775549990.4383,41,44,45,41,42,42,43,46,45,42,43,43
1775549990.6386,41,44,45,41,42,42,43,46,45,42,43,43
1775549990.8388,41,44,45,41,42,42,43,46,45,42,43,43
1775549991.0391,41,44,45,41,42,42,43,46,45,42,43,43
1775549991.2394,41,44,45,41,42,42,43,46,45,42,43,43
1775549991.4399,41,44,45,41,42,42,43,46,45,42,43,43
1775549991.6401,41,44,45,41,42,42,43,46,45,42,43,43
1775549991.8404,41,44,45,41,42,42,43,46,45,42,43,43
1775549992.0407,41,44,45,41,42,42,43,46,45,42,43,43
1775549992.2409,41,44,45,41,42,42,43,46,45,42,43,43
1775549992.4412,41,44,45,41,42,42,43,46,45,42,43,43
1775549992.6415,41,44,45,41,42,42,43,46,45,42,43,43
1775549992.8418,41,44,45,41,42,42,43,46,45,42,43,43
1775549993.0421,41,44,45,41,42,42,43,46,45,42,43,43
1775549993.2424,41,44,45,41,42,42,43,46,45,42,43,43
1775549993.4426,41,44,45,41,42,42,43,46,45,42,43,43
1775549993.6429,41,44,45,41,42,42,43,46,45,42,43,43
1775549993.8432,41,44,45,41,42,42,43,46,45,42,43,43
1775549994.0434,41,44,45,41,42,42,43,46,45,42,43,43
1775549994.2440,41,44,45,41,42,42,43,46,45,42,43,43
1775549994.4443,41,44,45,41,42,42,43,46,45,42,43,43
1775549994.6446,41,44,45,41,42,42,43,46,45,42,43,43
1775549994.8448,41,44,45,41,42,42,43,46,45,42,43,43
1775549995.0451,41,44,45,41,42,42,43,46,45,42,43,43
1775549995.2453,41,44,45,41,42,42,43,46,45,42,43,43
1775549995.4456,41,44,45,41,42,42,43,46,45,42,43,43
1775549995.6459,41,44,45,41,42,42,43,46,45,42,43,43
1775549995.8463,41,44,45,41,42,42,43,46,45,42,43,43
1775549996.0465,41,44,45,41,42,42,43,46,45,42,43,43
1775549996.2468,41,44,45,41,42,42,43,46,45,42,43,43
1775549996.4471,41,44,45,41,42,42,43,46,45,42,43,43
1775549996.6475,41,44,45,41,42,42,43,46,45,42,43,43
1775549996.8477,41,44,45,41,42,42,43,46,45,42,43,43
1775549997.0480,41,44,45,41,42,42,43,46,45,42,43,43
1775549997.2482,41,44,45,41,42,42,43,46,45,42,43,43
1775549997.4485,41,44,45,41,42,42,43,46,45,42,43,43
1775549997.6488,41,44,45,41,42,42,43,46,45,42,43,43
1775549997.8490,41,44,45,41,42,42,43,46,45,42,43,43
1775549998.0493,41,44,45,41,42,42,43,46,45,42,43,43
1775549998.2496,41,44,45,41,42,42,43,46,45,42,43,43
1775549998.4500,41,44,45,41,42,42,43,46,45,42,43,43
1775549998.6503,41,44,45,41,42,42,43,46,45,42,43,43
1775549998.8505,41,44,45,41,42,42,43,46,45,42,43,43
1775549999.0508,41,44,45,41,42,42,43,46,45,42,43,43
1775549999.2511,41,44,45,41,42,42,43,46,45,42,43,43
1775549999.4516,41,44,45,41,42,42,43,46,45,42,43,43
1775549999.6519,41,44,45,41,42,42,43,46,45,42,43,43
1775549999.8521,41,44,45,41,42,42,43,46,45,42,43,43
1775550000.0526,41,44,45,41,42,42,43,46,45,42,43,43
1775550000.2528,41,44,45,41,42,42,43,46,45,42,43,43
1775550000.4531,41,44,45,41,42,42,43,46,45,42,43,43
1775550000.6533,41,44,45,41,42,42,43,46,45,42,43,43
1775550000.8536,41,44,45,41,42,42,43,46,45,42,43,43
1775550001.0539,41,44,45,41,42,42,43,46,45,42,43,43
1775550001.2542,41,44,45,41,42,42,43,46,45,42,43,43
1775550001.4546,41,44,45,41,42,42,43,46,45,42,43,43
1775550001.6549,41,44,45,41,42,42,43,46,45,42,43,43
1775550001.8556,41,44,45,41,42,42,43,46,45,42,43,43
1775550002.0563,41,44,45,41,42,42,43,46,45,42,43,43
1775550002.2566,41,44,45,41,42,42,43,46,45,42,43,43
1775550002.4569,41,44,45,41,42,42,43,46,45,42,43,43
1775550002.6575,41,44,45,41,42,42,43,46,45,42,43,43
1775550002.8583,41,44,45,41,42,42,43,46,45,42,43,43
1775550003.0590,41,44,45,41,42,42,43,46,45,42,43,43
1775550003.2593,41,44,45,41,42,42,43,46,45,42,43,43
1775550003.4601,41,44,45,41,42,42,43,46,45,42,43,43
1775550003.6604,41,44,45,41,42,42,43,46,45,42,43,43
1775550003.8608,41,44,45,41,42,42,43,46,45,42,43,43
1775550004.0616,41,44,45,41,42,42,43,46,45,42,43,43
1775550004.2623,41,44,45,41,42,42,43,46,45,42,43,43
1775550004.4627,41,44,45,41,42,42,43,46,45,42,43,43
1775550004.6630,41,44,45,41,42,42,43,46,45,42,43,43
1775550004.8632,41,44,45,41,42,42,43,46,45,42,43,43
1775550005.0635,41,44,45,41,42,42,43,46,45,42,43,43
1775550005.2638,41,44,45,41,42,42,43,46,45,42,43,43
1775550005.4640,41,44,45,41,42,42,43,46,45,42,43,43
1775550005.6643,41,44,45,41,42,42,43,46,45,42,43,43
1775550005.8646,41,44,45,41,42,42,43,46,45,42,43,43
1775550006.0650,41,44,45,41,42,42,43,46,45,42,43,43
1775550006.2652,41,44,45,41,42,42,43,46,45,42,43,43
1775550006.4655,41,44,45,41,42,42,43,46,45,42,43,43
1775550006.6658,41,44,45,41,42,42,43,46,45,42,43,43
1775550006.8660,41,44,45,41,42,42,43,46,45,42,43,43
1775550007.0663,41,44,45,41,42,42,43,46,45,42,43,43
1775550007.2666,41,44,45,41,42,42,43,46,45,42,43,43
1775550007.4668,41,44,45,41,42,42,43,46,45,42,43,43
1775550007.6671,41,44,45,41,42,42,43,46,45,42,43,43
1775550007.8674,41,44,45,41,42,42,43,46,45,42,43,43
1775550008.0676,41,44,45,41,42,42,43,46,45,42,43,43
1775550008.2679,41,44,45,41,42,42,43,46,45,42,43,43
1775550008.4681,41,44,45,41,42,42,43,46,45,42,43,43
1775550008.6684,41,44,45,41,42,42,43,46,45,42,43,43
1775550008.8687,41,44,45,41,42,42,43,46,45,42,43,43
1775550009.0689,41,44,45,41,42,42,43,46,45,42,43,43
1775550009.2692,41,44,45,41,42,42,43,46,45,42,43,43
1775550009.4696,41,44,45,41,42,42,43,46,45,42,43,43
1775550009.6698,41,44,45,41,42,42,43,46,45,42,43,43
1775550009.8703,41,44,45,41,42,42,43,46,45,42,43,43
1775550010.0706,41,44,45,41,42,42,43,46,45,42,43,43
1775550010.2708,41,44,45,41,42,42,43,46,45,42,43,43
1775550010.4711,41,44,45,41,42,42,43,46,45,42,43,43
1775550010.6715,41,44,45,41,42,42,43,46,45,42,43,43
1775550010.8717,41,44,45,41,42,42,43,46,45,42,43,43
1775550011.0720,41,44,45,41,42,42,43,46,45,42,43,43
1775550011.2723,41,44,45,41,42,42,43,46,45,42,43,43
1775550011.4726,41,44,45,41,42,42,43,46,45,42,43,43
1775550011.6728,41,44,45,41,42,42,43,46,45,42,43,43
1775550011.8731,41,44,45,41,42,42,43,46,45,42,43,43
1775550012.0735,41,44,45,41,42,42,43,46,45,42,43,43
1775550012.2738,41,44,45,41,42,42,43,46,45,42,43,43
1775550012.4741,41,44,45,41,42,42,43,46,45,42,43,43
1775550012.6744,41,44,45,41,42,42,43,46,45,42,43,43
1775550012.8755,41,44,45,41,42,42,43,46,45,42,43,43
1775550013.0761,41,44,45,41,42,42,43,46,45,42,43,43
1775550013.2765,41,44,45,41,42,42,43,46,45,42,43,43
1775550013.4767,41,44,45,41,42,42,43,46,45,42,43,43
1775550013.6782,41,44,45,41,42,42,43,46,45,42,43,43
1775550013.8785,42,44,45,41,42,42,43,46,45,42,43,43
1775550014.0791,41,44,45,41,42,42,43,46,45,42,43,43
1775550014.2796,41,44,45,41,42,42,43,46,45,42,43,43
1775550014.4805,41,44,45,41,42,42,43,46,45,42,43,43
1775550014.6808,41,44,45,41,42,42,43,46,45,42,43,43
1775550014.8811,41,44,45,41,42,42,43,46,45,42,43,43
1775550015.0829,41,44,45,41,42,42,43,46,45,42,43,43
1775550015.2842,41,44,45,41,42,42,43,46,45,42,43,43
1775550015.4844,41,44,45,41,42,42,43,46,45,42,43,43
1775550015.6847,41,44,45,41,42,42,43,46,45,42,43,43
1775550015.8849,41,44,45,41,42,42,43,46,45,42,43,43
1775550016.0853,41,44,45,41,42,42,43,46,45,42,43,43
1775550016.2858,41,44,45,41,42,42,43,46,45,42,43,43
1775550016.4861,41,44,45,41,42,42,43,46,45,42,43,43
1775550016.6869,41,44,45,41,42,42,43,46,45,42,43,43
1775550016.8875,41,44,45,41,42,42,43,46,45,42,43,43
1775550017.0878,41,44,45,41,42,42,43,46,45,42,43,43
1775550017.2880,41,44,45,41,42,42,43,46,45,42,43,43
1775550017.4883,41,44,45,41,42,42,43,46,45,42,43,43
1775550017.6886,41,44,45,41,42,42,43,46,45,42,43,43
1775550017.8888,41,44,45,41,42,42,43,46,45,42,43,43
1775550018.0891,41,44,45,41,42,42,43,46,45,42,43,43
1775550018.2895,41,44,45,41,42,42,43,46,45,42,43,43
1775550018.4901,41,44,45,41,42,42,43,46,45,42,43,43
1775550018.6903,41,44,45,41,42,42,43,46,45,42,43,43
1775550018.8906,41,44,45,41,42,42,43,46,45,42,43,43
1775550019.0909,41,44,45,41,42,42,43,46,45,42,43,43
1775550019.2912,41,44,45,41,42,42,43,46,45,42,43,43
1775550019.4916,41,44,45,41,42,42,43,46,45,42,43,43
1775550019.6920,41,44,45,41,42,42,43,46,45,42,43,43
1775550019.8922,41,44,45,41,42,42,43,46,45,42,43,43
1775550020.0925,41,44,45,41,42,42,43,46,45,42,43,43
1775550020.2928,41,44,45,41,42,42,43,46,45,42,43,43
1775550020.4930,41,44,45,41,42,42,43,46,45,42,43,43
1775550020.6933,41,44,45,41,42,42,43,46,45,42,43,43
1775550020.8936,41,44,45,41,42,42,43,46,45,42,43,43
1775550021.0938,41,44,45,41,42,42,43,46,45,42,43,43
1775550021.2950,41,44,45,41,42,42,43,46,45,42,43,43
1775550021.4953,41,44,45,41,42,42,43,46,45,42,43,43
1775550021.6958,41,44,45,41,42,42,43,46,45,42,43,43
1775550021.8965,41,44,45,41,42,42,43,46,45,42,43,43
1775550022.0970,41,44,45,41,42,42,43,46,45,42,43,43
1775550022.2975,41,44,45,41,42,42,43,46,45,42,43,43
1775550022.4977,41,44,45,41,42,42,43,46,45,42,43,43
1775550022.6980,41,44,45,41,42,42,43,46,45,42,43,43
1775550022.8983,41,44,45,41,42,42,43,46,45,42,43,43
1775550023.0987,41,44,45,41,42,42,43,46,45,42,43,43
1775550023.2992,41,44,45,41,42,42,43,46,45,42,43,43
1775550023.4994,41,44,45,41,42,42,43,46,45,42,43,43
1775550023.7001,41,44,45,41,42,42,43,46,45,42,43,43
1775550023.9004,41,44,45,41,42,42,43,46,45,42,43,43
1775550024.1006,41,44,45,41,42,42,43,46,45,42,43,43
1775550024.3009,41,44,45,41,42,42,43,46,45,42,43,43
1775550024.5013,41,44,45,41,42,42,43,46,45,42,43,43
1775550024.7018,41,44,45,41,42,42,43,46,45,42,43,43
1775550024.9021,41,44,45,41,42,42,43,46,45,42,43,43
1775550025.1024,41,44,45,41,42,42,43,46,45,42,43,43
1775550025.3028,41,44,45,41,42,42,43,46,45,42,43,43
1775550025.5031,41,44,45,41,42,42,43,46,45,42,43,43
1775550025.7033,41,44,45,41,42,42,43,46,45,42,43,43
1775550025.9036,41,44,45,41,42,42,43,46,45,42,43,43
1775550026.1039,41,44,45,41,42,42,43,46,45,42,43,43
1775550026.3041,41,44,45,41,42,42,43,46,45,42,43,43
1775550026.5044,41,44,45,41,42,42,43,46,45,42,43,43
1775550026.7047,41,44,45,41,42,42,43,46,45,42,43,43
1775550026.9053,41,44,45,41,42,42,43,46,45,42,43,43
1775550027.1059,41,44,45,41,42,42,43,46,45,42,43,43
1775550027.3061,41,44,45,41,42,42,43,46,45,42,43,43
1775550027.5064,41,44,45,41,42,42,43,46,45,42,43,43
1775550027.7066,41,44,45,41,42,42,43,46,45,42,43,43
1775550027.9070,41,44,45,41,42,42,43,46,45,42,43,43
1775550028.1073,41,44,45,41,42,42,43,46,45,42,43,43
1775550028.3076,41,44,45,41,42,42,43,46,45,42,43,43
1775550028.5079,41,44,45,41,42,42,43,46,45,42,43,43
1775550028.7081,41,44,45,41,42,42,43,46,45,42,43,43
1775550028.9084,41,44,45,41,42,42,43,46,45,42,43,43
1775550029.1086,41,44,45,41,42,42,43,46,45,42,43,43
1775550029.3089,41,44,45,41,42,42,43,46,45,42,43,43
1775550029.5093,41,44,45,41,42,42,43,46,45,42,43,43
1775550029.7096,41,44,45,41,42,42,43,46,45,42,43,43
1775550029.9099,41,44,45,41,42,42,43,46,45,42,43,43
1775550030.1102,41,44,45,41,42,42,43,46,45,42,43,43
1775550030.3106,41,44,45,41,42,42,43,46,45,42,43,43
1775550030.5110,41,44,45,41,42,42,43,46,45,42,43,43
1775550030.7113,41,44,45,41,42,42,43,46,45,42,43,43
1775550030.9116,41,44,45,41,42,42,43,46,45,42,43,43
1775550031.1118,41,44,45,41,42,42,43,46,45,42,43,43
1775550031.3124,41,44,45,41,42,42,43,46,45,42,43,43
1775550031.5126,41,44,45,41,42,42,43,46,45,42,43,43
1775550031.7130,41,44,45,41,42,42,43,46,45,42,43,43
1775550031.9132,41,44,45,41,42,42,43,46,45,42,43,43
1775550032.1135,41,44,45,41,42,42,43,46,45,42,43,43
1775550032.3146,41,44,45,41,42,42,43,46,45,42,43,43
1775550032.5149,41,44,45,41,42,42,43,46,45,42,43,43
1775550032.7153,41,44,45,41,42,42,43,46,45,42,43,43
1775550032.9159,41,44,45,41,42,42,43,46,45,42,43,43
1775550033.1178,41,44,45,41,42,42,43,46,45,42,43,43
1775550033.3182,41,44,45,41,42,42,43,46,45,42,43,43
1775550033.5186,41,44,45,41,42,42,43,46,45,42,43,43
1775550033.7190,41,44,45,41,42,42,43,46,45,42,43,43
1775550033.9195,41,44,45,41,42,42,43,46,45,42,43,43
1775550034.1201,41,44,45,41,42,42,43,46,45,42,43,43
1775550034.3204,42,44,45,41,42,42,43,46,45,42,43,43
1775550034.5210,41,44,45,41,42,42,43,46,45,42,43,43
1775550034.7212,41,44,45,41,42,42,43,46,45,42,43,43
1775550034.9215,41,44,45,41,42,42,43,46,45,42,43,43
1775550035.1218,42,44,45,41,42,42,43,46,45,42,43,43
1775550035.3221,41,44,45,41,42,42,43,46,45,42,43,43
1775550035.5223,41,44,45,41,42,42,43,46,45,42,43,43
1775550035.7226,41,44,45,41,42,42,43,46,45,42,43,43
1775550035.9228,41,44,45,41,42,42,43,46,45,42,43,43
1775550036.1231,41,44,45,41,42,42,43,46,45,42,43,43
1775550036.3234,41,44,45,41,42,42,43,46,45,42,43,43
1775550036.5236,41,44,45,41,42,42,43,46,45,42,43,43
1775550036.7239,41,44,45,41,42,42,43,46,45,42,43,43
1775550036.9242,41,44,45,41,42,42,43,46,45,42,43,43
1775550037.1244,41,44,45,41,42,42,43,46,45,42,43,43
1775550037.3247,41,44,45,41,42,42,43,46,45,42,43,43
1775550037.5250,41,44,45,41,42,42,43,46,45,42,43,43
1775550037.7256,42,44,45,41,42,42,43,46,45,42,43,43
1775550037.9259,41,44,45,41,42,42,43,46,45,42,43,43
1775550038.1260,41,44,45,41,42,42,43,46,45,42,43,43
1775550038.3263,41,44,45,41,42,42,43,46,45,42,43,43
1775550038.5266,41,44,45,41,42,42,43,46,45,42,43,43
1775550038.7268,41,44,45,41,42,42,43,46,45,42,43,43
1775550038.9271,41,44,45,41,42,42,43,46,45,42,43,43
1775550039.1274,41,44,45,41,42,42,43,46,45,42,43,43
1775550039.3276,42,44,45,41,42,42,43,46,45,42,43,43
1775550039.5279,41,44,45,41,42,42,43,46,45,42,43,43
1775550039.7281,42,44,45,41,42,42,43,46,45,42,43,43
1775550039.9284,41,44,45,41,42,42,43,46,45,42,43,43
1775550040.1287,41,44,45,41,42,42,43,46,45,42,43,43
1775550040.3290,41,44,45,41,42,42,43,46,45,42,43,43
1775550040.5293,41,44,45,41,42,42,43,46,45,42,43,43
1775550040.7296,41,44,45,41,42,42,43,46,45,42,43,43
1775550040.9298,41,44,45,41,42,42,43,46,45,42,43,43
1775550041.1300,41,44,45,41,42,42,43,46,45,42,43,43
1775550041.3305,41,44,45,41,42,42,43,46,45,42,43,43
1775550041.5309,41,44,45,41,42,42,43,46,45,42,43,43
1775550041.7311,41,44,45,41,42,42,43,46,45,42,43,43
1775550041.9314,41,44,45,41,42,42,43,46,45,42,43,43
1775550042.1319,41,44,45,41,42,42,43,46,45,42,43,43
1775550042.3322,41,44,45,41,42,42,43,46,45,42,43,43
1775550042.5325,41,44,45,41,42,42,43,46,45,42,43,43
1775550042.7328,41,44,45,41,42,42,43,46,45,42,43,43
1775550042.9335,41,44,45,41,42,42,43,46,45,42,43,43
1775550043.1340,41,44,45,41,42,42,43,46,45,42,43,43
1775550043.3347,41,44,45,41,42,42,43,46,45,42,43,43
1775550043.5355,41,44,45,41,42,42,43,46,45,42,43,43
1775550043.7358,41,44,45,41,42,42,43,46,45,42,43,43
1775550043.9365,41,44,45,41,42,42,43,46,45,42,43,43
1775550044.1369,41,44,45,41,42,42,43,46,45,42,43,43
1775550044.3372,41,44,45,41,42,42,43,46,45,42,43,43
1775550044.5375,41,44,45,41,42,42,43,46,45,42,43,43
1775550044.7384,41,44,45,41,42,42,43,46,45,42,43,43
1775550044.9387,41,44,45,41,42,42,43,46,45,42,43,43
1775550045.1412,41,44,45,41,42,42,43,46,45,42,43,43
1775550045.3418,41,44,45,41,42,42,43,46,45,42,43,43
1775550045.5427,41,44,45,41,42,42,43,46,45,42,43,43
1775550045.7429,41,44,45,41,42,42,43,46,45,42,43,43
1775550045.9432,41,44,45,41,42,42,43,46,45,42,43,43
1775550046.1434,41,44,45,41,42,42,43,46,45,42,43,43
1775550046.3437,41,44,45,41,42,42,43,46,45,42,43,43
1775550046.5440,41,44,45,41,42,42,43,46,45,42,43,43
1775550046.7443,41,44,45,41,42,42,43,46,45,42,43,43
1775550046.9446,41,44,45,41,42,42,43,46,45,42,43,43
1775550047.1448,41,44,45,41,42,42,43,46,45,42,43,43
1775550047.3451,41,44,45,41,42,42,43,46,45,42,43,43
1775550047.5453,41,44,45,41,42,42,43,46,45,42,43,43
1775550047.7457,41,44,45,41,42,42,43,46,45,42,43,43
1775550047.9460,41,44,45,41,42,42,43,46,45,42,43,43
1775550048.1464,41,44,45,41,42,42,43,46,45,42,43,43
1775550048.3466,41,44,45,41,42,42,43,46,45,42,43,43
1775550048.5469,41,44,45,41,42,42,43,46,45,42,43,43
1775550048.7472,41,44,45,41,42,42,43,46,45,42,43,43
1775550048.9475,41,44,45,41,42,42,43,46,45,42,43,43
1775550049.1477,41,44,45,41,42,42,43,46,45,42,43,43
1775550049.3479,41,44,45,41,42,42,43,46,45,42,43,43
1775550049.5482,41,44,45,41,42,42,43,46,45,42,43,43
1775550049.7485,41,44,45,41,42,42,43,46,45,42,43,43
1775550049.9487,41,44,45,41,42,42,43,46,45,42,43,43
1775550050.1489,41,44,45,41,42,42,43,46,45,42,43,43
1775550050.3492,41,44,45,41,42,42,43,46,45,42,43,43
1775550050.5495,41,44,45,41,42,42,43,46,45,42,43,43
1775550050.7499,41,44,45,41,42,42,43,46,45,42,43,43
1775550050.9502,41,44,45,41,42,42,43,46,45,42,43,43
1775550051.1505,41,44,45,41,42,42,43,46,45,42,43,43
1775550051.3507,41,44,45,41,42,42,43,46,45,42,43,43
1775550051.5510,41,44,45,41,42,42,43,46,45,42,43,43
1775550051.7513,41,44,45,41,42,42,43,46,45,42,43,43
1775550051.9517,41,44,45,41,42,42,43,46,45,42,43,43
1775550052.1521,41,44,45,41,42,42,43,46,45,42,43,43
1775550052.3525,41,44,45,41,42,42,43,46,45,42,43,43
1775550052.5533,41,44,45,41,42,42,43,46,45,42,43,43
1775550052.7540,41,44,45,41,42,42,43,46,45,42,43,43
1775550052.9552,41,44,45,41,42,42,43,46,45,42,43,43
1775550053.1555,41,44,45,41,42,42,43,46,45,42,43,43
1775550053.3560,41,44,45,41,42,42,43,46,45,42,43,43
1775550053.5567,41,44,45,41,42,42,43,46,45,42,43,43
1775550053.7576,41,44,45,41,42,42,43,46,45,42,43,43
1775550053.9580,41,44,45,41,42,42,43,46,45,42,43,43
1775550054.1584,41,44,45,41,42,42,43,46,45,42,43,43
1775550054.3587,42,44,45,41,42,42,43,46,45,42,43,43
1775550054.5592,42,44,45,41,42,42,43,46,45,42,43,43
1775550054.7595,41,44,45,41,42,42,43,46,45,42,43,43
1775550054.9597,41,44,45,41,42,42,43,46,45,42,43,43
1775550055.1603,41,44,45,41,42,42,43,46,45,42,43,43
1775550055.3605,41,44,45,41,42,42,43,46,45,42,43,43
1775550055.5610,41,44,45,41,42,42,43,46,45,42,43,43
1775550055.7612,41,44,45,41,42,42,43,46,45,42,43,43
1775550055.9615,41,44,45,41,42,42,43,46,45,42,43,43
1775550056.1618,41,44,45,41,42,42,43,46,45,42,43,43
1775550056.3620,41,44,45,41,42,42,43,46,45,42,43,43
1775550056.5623,41,44,45,41,42,42,43,46,45,42,43,43
1775550056.7625,41,44,45,41,42,42,43,46,45,42,43,43
1775550056.9628,41,44,45,41,42,42,43,46,45,42,43,43
1775550057.1631,41,44,45,41,42,42,43,46,45,42,43,43
1775550057.3635,41,44,45,41,42,42,43,46,45,42,43,43
1775550057.5638,41,44,45,41,42,42,43,46,45,42,43,43
1775550057.7641,41,44,45,41,42,42,43,46,45,42,43,43
1775550057.9643,41,44,45,41,42,42,43,46,45,42,43,43
1775550058.1646,41,44,45,41,42,42,43,46,45,42,43,43
1775550058.3649,41,44,45,41,42,42,43,46,45,42,43,43
1775550058.5652,41,44,45,41,42,42,43,46,45,42,43,43
1775550058.7654,41,44,45,41,42,42,43,46,45,42,43,43
1775550058.9658,41,44,45,41,42,42,43,46,45,42,43,43
1775550059.1661,41,44,45,41,42,42,43,46,45,42,43,43
1775550059.3663,41,44,45,41,42,42,43,46,45,42,43,43
1775550059.5666,41,44,45,41,42,42,43,46,45,42,43,43
1775550059.7669,41,44,45,41,42,42,43,46,45,42,43,43
1775550059.9674,41,44,45,41,42,42,43,46,45,42,43,43
1775550060.1677,41,44,45,41,42,42,43,46,45,42,43,43
1775550060.3680,41,44,45,41,42,42,43,46,45,42,43,43
1775550060.5682,41,44,45,41,42,42,43,46,45,42,43,43
1775550060.7685,41,44,45,41,42,42,43,46,45,42,43,43
1775550060.9688,41,44,45,41,42,42,43,46,45,42,43,43
1775550061.1693,41,44,45,41,42,42,43,46,45,42,43,43
1775550061.3695,41,44,45,41,42,42,43,46,45,42,43,43
1775550061.5698,41,44,45,41,42,42,43,46,45,42,43,43
1775550061.7700,41,44,45,41,42,42,43,46,45,42,43,43
1775550061.9704,41,44,45,41,42,42,43,46,45,42,43,43
1775550062.1706,41,44,45,41,42,42,43,46,45,42,43,43
1775550062.3709,41,44,45,41,42,42,43,46,45,42,43,43
1775550062.5711,41,44,45,41,42,42,43,46,45,42,43,43
1775550062.7713,41,44,45,41,42,42,43,46,45,42,43,43
1775550062.9716,41,44,45,41,42,42,43,46,45,42,43,43
1775550063.1719,41,44,45,41,42,42,43,46,45,42,43,43
1775550063.3722,41,44,45,41,42,42,43,46,45,42,43,43
1775550063.5727,41,44,45,41,42,42,43,46,45,42,43,43
1775550063.7752,41,44,45,41,42,42,43,46,45,42,43,43
1775550063.9757,41,44,45,41,42,42,43,46,45,42,43,43
1775550064.1763,41,44,45,41,42,42,43,46,45,42,43,43
1775550064.3767,41,44,45,41,42,42,43,46,45,42,43,43
1775550064.5770,41,44,45,41,42,42,43,46,45,42,43,43
1775550064.7775,41,44,45,41,42,42,43,46,45,42,43,43
1775550064.9783,41,44,45,41,42,42,43,46,45,42,43,43
1775550065.1786,41,44,45,41,42,42,43,46,45,42,43,43
1775550065.3789,41,44,45,41,42,42,43,46,45,42,43,43
1775550065.5797,42,44,45,41,42,42,43,46,45,42,43,43
1775550065.7800,41,44,45,41,42,42,43,46,45,42,43,43
1775550065.9802,41,44,45,41,42,42,43,46,45,42,43,43
1775550066.1805,41,44,45,41,42,42,43,46,45,42,43,43
1775550066.3808,41,44,45,41,42,42,43,46,45,42,43,43
1775550066.5811,41,44,45,41,42,42,43,46,45,42,43,43
1775550066.7813,41,44,45,41,42,42,43,46,45,42,43,43
1775550066.9818,41,44,45,41,42,42,43,46,45,42,43,43
1775550067.1820,41,44,45,41,42,42,43,46,45,42,43,43
1775550067.3823,41,44,45,41,42,42,43,46,45,42,43,43
1775550067.5826,41,44,45,41,42,42,43,46,45,42,43,43
1775550067.7828,41,44,45,41,42,42,43,46,45,42,43,43
1775550067.9831,41,44,45,41,42,42,43,46,45,42,43,43
1775550068.1834,41,44,45,41,42,42,43,46,45,42,43,43
1775550068.3836,41,44,45,41,42,42,43,46,45,42,43,43
1775550068.5839,41,44,45,41,42,42,43,46,45,42,43,43
1775550068.7842,41,44,45,41,42,42,43,46,45,42,43,43
1775550068.9844,41,44,45,41,42,42,43,46,45,42,43,43
1775550069.1847,41,44,45,41,42,42,43,46,45,42,43,43
1775550069.3850,41,44,45,41,42,42,43,46,45,42,43,43
1775550069.5852,41,44,45,41,42,42,43,46,45,42,43,43
1775550069.7855,41,44,45,41,42,42,43,46,45,42,43,43
1775550069.9858,41,44,45,41,42,42,43,46,45,42,43,43
1775550070.1862,41,44,45,41,42,42,43,46,45,42,43,43
1775550070.3865,41,44,45,41,42,42,43,46,45,42,43,43
1775550070.5867,41,44,45,41,42,42,43,46,45,42,43,43
1775550070.7870,41,44,45,41,42,42,43,46,45,42,43,43
1775550070.9873,41,44,45,41,42,42,43,46,45,42,43,43
1775550071.1875,41,44,45,41,42,42,43,46,45,42,43,43
1775550071.3878,41,44,45,41,42,42,43,46,45,42,43,43
1775550071.5881,41,44,45,41,42,42,43,46,45,42,43,43
1775550071.7883,41,44,45,41,42,42,43,46,45,42,43,43
1775550071.9886,41,44,45,41,42,42,43,46,45,42,43,43
1775550072.1889,41,44,45,41,42,42,43,46,45,42,43,43
1775550072.3892,41,44,45,41,42,42,43,46,45,42,43,43
1775550072.5894,41,44,45,41,42,42,43,46,45,42,43,43
1775550072.7897,41,44,45,41,42,42,43,46,45,42,43,43
1775550072.9902,41,44,45,41,42,42,43,46,45,42,43,43
1775550073.1907,41,44,45,41,42,42,43,46,45,42,43,43
1775550073.3910,41,44,45,41,42,42,43,46,45,42,43,43
1775550073.5912,41,44,45,41,42,42,43,46,45,42,43,43
1775550073.7915,41,44,45,41,42,42,43,46,45,42,43,43
1775550073.9918,41,44,45,41,42,42,43,46,45,42,43,43
1775550074.1929,41,44,45,41,42,42,43,46,45,42,43,43
1775550074.3935,41,44,45,41,42,42,43,46,45,42,43,43
1775550074.5948,41,44,45,41,42,42,43,46,45,42,43,43
1775550074.7953,41,44,45,41,42,42,43,46,45,42,43,43
1775550074.9958,41,44,45,41,42,42,43,46,45,42,43,43
1775550075.1962,41,44,45,41,42,42,43,46,45,42,43,43
1775550075.3965,41,44,45,41,42,42,43,46,45,42,43,43
1775550075.5968,41,44,45,41,42,42,43,46,45,42,43,43
1775550075.7971,41,44,45,41,42,42,43,46,45,42,43,43
1775550075.9974,41,44,45,41,42,42,43,46,45,42,43,43
1775550076.1977,41,44,45,41,42,42,43,46,45,42,43,43
1775550076.3981,41,44,45,41,42,42,43,46,45,42,43,43
1775550076.5986,41,44,45,41,42,42,43,46,45,42,43,43
1775550076.7989,41,44,45,41,42,42,43,46,45,42,43,43
1775550076.9993,41,44,45,41,42,42,43,46,45,42,43,43
1775550077.2001,41,44,45,41,42,42,43,46,45,42,43,43
1775550077.4004,41,44,45,41,42,42,43,46,45,42,43,43
1775550077.6006,41,44,45,41,42,42,43,46,45,42,43,43
1775550077.8013,41,44,45,41,42,42,43,46,45,42,43,43
1775550078.0015,41,44,45,41,42,42,43,46,45,42,43,43
1775550078.2018,41,44,45,41,42,42,43,46,45,42,43,43
1775550078.4020,41,44,45,41,42,42,43,46,45,42,43,43
1775550078.6026,41,44,45,41,42,42,43,46,45,42,43,43
1775550078.8028,41,44,45,41,42,42,43,46,45,42,43,43
1775550079.0031,41,44,45,41,42,42,43,46,45,42,43,43
1775550079.2033,41,44,45,41,42,42,43,46,45,42,43,43
1775550079.4036,41,44,45,41,42,42,43,46,45,42,43,43
1775550079.6039,41,44,45,41,42,42,43,46,45,42,43,43
1775550079.8041,42,44,45,41,42,42,43,46,45,42,43,43
1775550080.0044,41,44,45,41,42,42,43,46,45,42,43,43
1775550080.2048,41,44,45,41,42,42,43,46,45,42,43,43
1775550080.4051,41,44,45,41,42,42,43,46,45,42,43,43
1775550080.6054,41,44,45,41,42,42,43,46,45,42,43,43
1775550080.8058,41,44,45,41,42,42,43,46,45,42,43,43
1775550081.0062,41,44,45,41,42,42,43,46,45,42,43,43
1775550081.2065,41,44,45,41,42,42,43,46,45,42,43,43
1775550081.4068,41,44,45,41,42,42,43,46,45,42,43,43
1775550081.6070,41,44,45,41,42,42,43,46,45,42,43,43
1775550081.8073,41,44,45,41,42,42,43,46,45,42,43,43
1775550082.0076,41,44,45,41,42,42,43,46,45,42,43,43
1775550082.2078,41,44,45,41,42,42,43,46,45,42,43,43
1775550082.4081,41,44,45,41,42,42,43,46,45,42,43,43
1775550082.6085,41,44,45,41,42,42,43,46,45,42,43,43
1775550082.8088,41,44,45,41,42,42,43,46,45,42,43,43
1775550083.0091,41,44,45,41,42,42,43,46,45,42,43,43
1775550083.2094,41,44,45,41,42,42,43,46,45,42,43,43
1775550083.4097,41,44,45,41,42,42,43,46,45,42,43,43
1775550083.6099,41,44,45,41,42,42,43,46,45,42,43,43
1775550083.8101,41,44,45,41,42,42,43,46,45,42,43,43
1775550084.0103,41,44,45,41,42,42,43,46,45,42,43,43
1775550084.2106,41,44,45,41,42,42,43,46,45,42,43,43
1775550084.4109,41,44,45,41,42,42,43,46,45,42,43,43
1775550084.6112,41,44,45,41,42,42,43,46,45,42,43,43
1775550084.8114,41,44,45,41,42,42,43,46,45,42,43,43
1775550085.0119,41,44,45,41,42,42,43,46,45,42,43,43
1775550085.2125,42,44,45,41,42,42,43,46,45,42,43,43
1775550085.4128,41,44,45,41,42,42,43,46,45,42,43,43
1775550085.6140,41,44,45,41,42,42,43,46,45,42,43,43
1775550085.8141,41,44,45,41,42,42,43,46,45,42,43,43
1775550086.0145,41,44,45,41,42,42,43,46,45,42,43,43
1775550086.2147,41,44,45,41,42,42,43,46,45,42,43,43
1775550086.4158,41,44,45,41,42,42,43,46,45,42,43,43
1775550086.6164,41,44,45,41,42,42,43,46,45,42,43,43
1775550086.8171,41,44,45,41,42,42,43,46,45,42,43,43
1775550087.0175,41,44,45,41,42,42,43,46,45,42,43,43
1775550087.2185,41,44,45,41,42,42,43,46,45,42,43,43
1775550087.4189,41,44,45,41,42,42,43,46,45,42,43,43
1775550087.6192,41,44,45,41,42,42,43,46,45,42,43,43
1775550087.8195,41,44,45,41,42,42,43,46,45,42,43,43
1775550088.0197,41,44,45,41,42,42,43,46,45,42,43,43
1775550088.2201,41,44,45,41,42,42,43,46,45,42,43,43
1775550088.4205,41,44,45,41,42,42,43,46,45,42,43,43
1775550088.6208,41,44,45,41,42,42,43,46,45,42,43,43
1775550088.8210,41,44,45,41,42,42,43,46,45,42,43,43
1775550089.0213,41,44,45,41,42,42,43,46,45,42,43,43
1775550089.2216,41,44,45,41,42,42,43,46,45,42,43,43
1775550089.4218,42,44,45,41,42,42,43,46,45,42,43,43
1775550089.6221,41,44,45,41,42,42,43,46,45,42,43,43
1775550089.8223,41,44,45,41,42,42,43,46,45,42,43,43
1775550090.0226,41,44,45,41,42,42,43,46,45,42,43,43
1775550090.2229,41,44,45,41,42,42,43,46,45,42,43,43
1775550090.4233,41,44,45,41,42,42,43,46,45,42,43,43
1775550090.6235,41,44,45,41,42,42,43,46,45,42,43,43
1775550090.8238,41,44,45,41,42,42,43,46,45,42,43,43
1775550091.0240,41,44,45,41,42,42,43,46,45,42,43,43
1775550091.2245,41,44,45,41,42,42,43,46,45,42,43,43
1775550091.4248,41,44,45,41,42,42,43,46,45,42,43,43
1775550091.6251,41,44,45,41,42,42,43,46,45,42,43,43
1775550091.8254,41,44,45,41,42,42,43,46,45,42,43,43
1775550092.0257,41,44,45,41,42,42,43,46,45,42,43,43
1775550092.2260,41,44,45,41,42,42,43,46,45,42,43,43
1775550092.4262,41,44,45,41,42,42,43,46,45,42,43,43
1775550092.6266,42,44,45,41,42,42,43,46,45,42,43,43
1775550092.8269,41,44,45,41,42,42,43,46,45,42,43,43
1775550093.0271,41,44,45,41,42,42,43,46,45,42,43,43
1775550093.2274,41,44,45,41,42,42,43,46,45,42,43,43
1775550093.4276,41,44,45,41,42,42,43,46,45,42,43,43
1775550093.6280,41,44,45,41,42,42,43,46,45,42,43,43
1775550093.8283,41,44,45,41,42,42,43,46,45,42,43,43
1775550094.0286,41,44,45,41,42,42,43,46,45,42,43,43
1775550094.2289,41,44,45,41,42,42,43,46,45,42,43,43
1775550094.4292,41,44,45,41,42,42,43,46,45,42,43,43
1775550094.6295,41,44,45,41,42,42,43,46,45,42,43,43
1775550094.8299,41,44,45,41,42,42,43,46,45,42,43,43
1775550095.0302,41,44,45,41,42,42,43,46,45,42,43,43
1775550095.2306,41,44,45,41,42,42,43,46,45,42,43,43
1775550095.4310,41,44,45,41,42,42,43,46,45,42,43,43
1775550095.6331,41,44,45,41,42,42,43,46,45,42,43,43
1775550095.8334,41,44,45,41,42,42,43,46,45,42,43,43
1775550096.0340,41,44,45,41,42,42,43,46,45,42,43,43
1775550096.2345,41,44,45,41,42,42,43,46,45,42,43,43
1775550096.4348,41,44,45,41,42,42,43,46,45,42,43,43
1775550096.6358,41,44,45,41,42,42,43,46,45,42,43,43
1775550096.8362,41,44,45,41,42,42,43,46,45,42,43,43
1775550097.0368,41,44,45,41,42,42,43,46,45,42,43,43
1775550097.2372,42,44,45,41,42,42,43,46,45,42,43,43
1775550097.4377,42,44,45,41,42,42,43,46,45,42,43,43
1775550097.6380,41,44,45,41,42,42,43,46,45,42,43,43
1775550097.8385,41,44,45,41,42,42,43,46,45,42,43,43
1775550098.0388,41,44,45,41,42,42,43,46,45,42,43,43
1775550098.2390,41,44,45,41,42,42,43,46,45,42,43,43
1775550098.4395,41,44,45,41,42,42,43,46,45,42,43,43
1775550098.6405,41,44,45,41,42,42,43,46,45,42,43,43
1775550098.8409,41,44,45,41,42,42,43,46,45,42,43,43
1775550099.0411,41,44,45,41,42,42,43,46,45,42,43,43
1775550099.2414,41,44,45,41,42,42,43,46,45,42,43,43
1775550099.4416,41,44,45,41,42,42,43,46,45,42,43,43
1775550099.6419,41,44,45,41,42,42,43,46,45,42,43,43
1775550099.8426,41,44,45,41,42,42,43,46,45,42,43,43
1775550100.0430,41,44,45,41,42,42,43,46,45,42,43,43
1775550100.2461,41,44,45,41,42,42,43,46,45,42,43,43
1775550100.4465,41,44,45,41,42,42,43,46,45,42,43,43
1775550100.6467,41,44,45,41,42,42,43,46,45,42,43,43
1775550100.8470,41,44,45,41,42,42,43,46,45,42,43,43
1775550101.0473,41,44,45,41,42,42,43,46,45,42,43,43
1775550101.2475,41,44,45,41,42,42,43,46,45,42,43,43
1775550101.4478,41,44,45,41,42,42,43,46,45,42,43,43
1775550101.6482,41,44,45,41,42,42,43,46,45,42,43,43
1775550101.8484,41,44,45,41,42,42,43,46,45,42,43,43
1775550102.0487,41,44,45,41,42,42,43,46,45,42,43,43
1775550102.2491,41,44,45,41,42,42,43,46,45,42,43,43
1775550102.4493,41,44,45,41,42,42,43,46,45,42,43,43
1775550102.6496,41,44,45,41,42,42,43,46,45,42,43,43
1775550102.8500,41,44,45,41,42,42,43,46,45,42,43,43
1775550103.0503,41,44,45,41,42,42,43,46,45,42,43,43
1775550103.2506,41,44,45,41,42,42,43,46,45,42,43,43
1775550103.4508,41,44,45,41,42,42,43,46,45,42,43,43
1775550103.6513,41,44,45,41,42,42,43,46,45,42,43,43
1775550103.8517,41,44,45,41,42,42,43,46,45,42,43,43
1775550104.0533,41,44,45,41,42,42,43,46,45,42,43,43
1775550104.2538,41,44,45,41,42,42,43,46,45,42,43,43
1775550104.4554,41,44,45,41,42,42,43,46,45,42,43,43
1775550104.6561,41,44,45,41,42,42,43,46,45,42,43,43
1775550104.8565,41,44,45,41,42,42,43,46,45,42,43,43
1775550105.0572,41,44,45,41,42,42,43,46,45,42,43,43
1775550105.2580,41,44,45,41,42,42,43,46,45,42,43,43
1775550105.4583,41,44,45,41,42,42,43,46,45,42,43,43
1775550105.6586,41,44,45,41,42,42,43,46,45,42,43,43
1775550105.8589,41,44,45,41,42,42,43,46,45,42,43,43
1775550106.0592,41,44,45,41,42,42,43,46,45,42,43,43
1775550106.2595,41,44,45,41,42,42,43,46,45,42,43,43
1775550106.4597,41,44,45,41,42,42,43,46,45,42,43,43
1775550106.6600,41,44,45,41,42,42,43,46,45,42,43,43
1775550106.8603,41,44,45,41,42,42,43,46,45,42,43,43
1775550107.0606,41,44,45,41,42,42,43,46,45,42,43,43
1775550107.2608,41,44,45,41,42,42,43,46,45,42,43,43
1775550107.4611,41,44,45,41,42,42,43,46,45,42,43,43
1775550107.6613,41,44,45,41,42,42,43,46,45,42,43,43
1775550107.8616,41,44,45,41,42,42,43,46,45,42,43,43
1775550108.0619,41,44,45,41,42,42,43,46,45,42,43,43
1775550108.2621,41,44,45,41,42,42,43,46,45,42,43,43
1775550108.4624,41,44,45,41,42,42,43,46,45,42,43,43
1775550108.6627,41,44,45,41,42,42,43,46,45,42,43,43
1775550108.8629,41,44,45,41,42,42,43,46,45,42,43,43
1775550109.0632,41,44,45,41,42,42,43,46,45,42,43,43
1775550109.2635,41,44,45,41,42,42,43,46,45,42,43,43
1775550109.4638,41,44,45,41,42,42,43,46,45,42,43,43
1775550109.6642,41,44,45,41,42,42,43,46,45,42,43,43
1775550109.8644,41,44,45,41,42,42,43,46,45,42,43,43
1775550110.0648,41,44,45,41,42,42,43,46,45,42,43,43
1775550110.2650,41,44,45,41,42,42,43,46,45,42,43,43
1775550110.4653,41,44,45,41,42,42,43,46,45,42,43,43
1775550110.6655,41,44,45,41,42,42,43,46,45,42,43,43
1775550110.8658,41,44,45,41,42,42,43,46,45,42,43,43
1775550111.0661,41,44,45,41,42,42,43,46,45,42,43,43
1775550111.2664,42,44,45,41,42,42,43,46,45,42,43,43
1775550111.4667,41,44,45,41,42,42,43,46,45,42,43,43
1775550111.6669,41,44,45,41,42,42,43,46,45,42,43,43
1775550111.8672,41,44,45,41,42,42,43,46,45,42,43,43
1775550112.0674,41,44,45,41,42,42,43,46,45,42,43,43
1775550112.2678,41,44,45,41,42,42,43,46,45,42,43,43
1775550112.4681,41,44,45,41,42,42,43,46,45,42,43,43
1775550112.6683,41,44,45,41,42,42,43,46,45,42,43,43
1775550112.8686,41,44,45,41,42,42,43,46,45,42,43,43
1775550113.0689,41,44,45,41,42,42,43,46,45,42,43,43
1775550113.2691,41,44,45,41,42,42,43,46,45,42,43,43
1775550113.4694,41,44,45,41,42,42,43,46,45,42,43,43
1775550113.6700,41,44,45,41,42,42,43,46,45,42,43,43
1775550113.8702,41,44,45,41,42,42,43,46,45,42,43,43
1775550114.0705,41,44,45,41,42,42,43,46,45,42,43,43
1775550114.2708,41,44,45,41,42,42,43,46,45,42,43,43
1775550114.4710,41,44,45,41,42,42,43,46,45,42,43,43
1775550114.6715,41,44,45,41,42,42,43,46,45,42,43,43
1775550114.8720,41,44,45,41,42,42,43,46,45,42,43,43
1775550115.0723,41,44,45,41,42,42,43,46,45,42,43,43
1775550115.2729,41,44,45,41,42,42,43,46,45,42,43,43
1775550115.4732,41,44,45,41,42,42,43,46,45,42,43,43
1775550115.6735,41,44,45,41,42,42,43,46,45,42,43,43
1775550115.8741,41,44,45,41,42,42,43,46,45,42,43,43
1775550116.0747,41,44,45,41,42,42,43,46,45,42,43,43
1775550116.2756,41,44,45,41,42,42,43,46,45,42,43,43
1775550116.4759,42,44,45,41,42,42,43,46,45,42,43,43
1775550116.6767,41,44,45,41,42,42,43,46,45,42,43,43
1775550116.8769,41,44,45,41,42,42,43,46,45,42,43,43
1775550117.0777,41,44,45,41,42,42,43,46,45,42,43,43
1775550117.2780,41,44,45,41,42,42,43,46,45,42,43,43
1775550117.4784,41,44,45,41,42,42,43,46,45,42,43,43
1775550117.6787,41,44,45,41,42,42,43,46,45,42,43,43
1775550117.8790,41,44,45,41,42,42,43,46,45,42,43,43
1775550118.0792,41,44,45,41,42,42,43,46,45,42,43,43
1775550118.2801,41,44,45,41,42,42,43,46,45,42,43,43
1775550118.4836,41,44,45,41,42,42,43,46,45,42,43,43
1775550118.6847,42,44,45,41,42,42,43,46,45,42,43,43
1775550118.8849,41,44,45,41,42,42,43,46,45,42,43,43
1775550119.0856,41,44,45,41,42,42,43,46,45,42,43,43
1775550119.2860,41,44,45,41,42,42,43,46,45,42,43,43
1775550119.4864,41,44,45,41,42,42,43,46,45,42,43,43
1775550119.6867,41,44,45,41,42,42,43,46,45,42,43,43
1775550119.8869,41,44,45,41,42,42,43,46,45,42,43,43
1775550120.0874,41,44,45,41,42,42,43,46,45,42,43,43
1775550120.2876,41,44,45,41,42,42,43,46,45,42,43,43
1775550120.4879,41,44,45,41,42,42,43,46,45,42,43,43
1775550120.6882,41,44,45,41,42,42,43,46,45,42,43,43
1775550120.8885,41,44,45,41,42,42,43,46,45,42,43,43
1775550121.0890,41,44,45,41,42,42,43,46,45,42,43,43
1775550121.2892,41,44,45,41,42,42,43,46,45,42,43,43
1775550121.4895,41,44,45,41,42,42,43,46,45,42,43,43
1775550121.6898,41,44,45,41,42,42,43,46,45,42,43,43
1775550121.8900,41,44,45,41,42,42,43,46,45,42,43,43
1775550122.0903,41,44,45,41,42,42,43,46,45,42,43,43
1775550122.2907,41,44,45,41,42,42,43,46,45,42,43,43
1775550122.4916,41,44,45,41,42,42,43,46,45,42,43,43
1775550122.6932,41,44,45,41,42,42,43,46,45,42,43,43
1775550122.8934,41,44,45,41,42,42,43,46,45,42,43,43
1775550123.0939,41,44,45,41,42,42,43,46,45,42,43,43
1775550123.2943,41,44,45,41,42,42,43,46,45,42,43,43
1775550123.4953,41,44,45,41,42,42,43,46,45,42,43,43
1775550123.6956,41,44,45,41,42,42,43,46,45,42,43,43
1775550123.8959,41,44,45,41,42,42,43,46,45,42,43,43
1775550124.0963,41,44,45,41,42,42,43,46,45,42,43,43
1775550124.2968,41,44,45,41,42,42,43,46,45,42,43,43
1775550124.4976,41,44,45,41,42,42,43,46,45,42,43,43
1775550124.6979,41,44,45,41,42,42,43,46,45,42,43,43
1775550124.8982,41,44,45,41,42,42,43,46,45,42,43,43
1775550125.0985,41,44,45,41,42,42,43,46,45,42,43,43
1775550125.2987,41,44,45,41,42,42,43,46,45,42,43,43
1775550125.4992,41,44,45,41,42,42,43,46,45,42,43,43
1775550125.6995,41,44,45,41,42,42,43,46,45,42,43,43
1775550125.8997,41,44,45,41,42,42,43,46,45,42,43,43
1775550126.1000,41,44,45,41,42,42,43,46,45,42,43,43
1775550126.3004,41,44,45,41,42,42,43,46,45,42,43,43
1775550126.5007,41,44,45,41,42,42,43,46,45,42,43,43
1775550126.7010,41,44,45,41,42,42,43,46,45,42,43,43
1775550126.9012,41,44,45,41,42,42,43,46,45,42,43,43
1775550127.1015,41,44,45,41,42,42,43,46,45,42,43,43
1775550127.3018,41,44,45,41,42,42,43,46,45,42,43,43
1775550127.5021,41,44,45,41,42,42,43,46,45,42,43,43
1775550127.7024,41,44,45,41,42,42,43,46,45,42,43,43
1775550127.9026,41,44,45,41,42,42,43,46,45,42,43,43
1775550128.1061,41,44,45,41,42,42,43,46,45,42,43,43
1775550128.3063,41,44,45,41,42,42,43,46,45,42,43,43
1775550128.5066,41,44,45,41,42,42,43,46,45,42,43,43
1775550128.7069,41,44,45,41,42,42,43,46,45,42,43,43
1775550128.9071,41,44,45,41,42,42,43,46,45,42,43,43
1775550129.1074,41,44,45,41,42,42,43,46,45,42,43,43
1775550129.3085,41,44,45,41,42,42,43,46,45,42,43,43
1775550129.5088,41,44,45,41,42,42,43,46,45,42,43,43
1775550129.7092,41,44,45,41,42,42,43,46,45,42,43,43
1775550129.9095,41,44,45,41,42,42,43,46,45,42,43,43
1775550130.1100,41,44,45,41,42,42,43,46,45,42,43,43
1775550130.3103,41,44,45,41,42,42,43,46,45,42,43,43
1775550130.5106,41,44,45,41,42,42,43,46,45,42,43,43
1775550130.7109,41,44,45,41,42,42,43,46,45,42,43,43
1775550130.9114,41,44,45,41,42,42,43,46,45,42,43,43
1775550131.1119,41,44,45,41,42,42,43,46,45,42,43,43
1775550131.3124,42,44,45,41,42,42,43,46,45,42,43,43
1775550131.5176,41,44,45,41,42,42,43,46,45,42,43,43
1775550131.7180,41,44,45,41,42,42,43,46,45,42,43,43
1775550131.9181,41,44,45,41,42,42,43,46,45,42,43,43
1775550132.1185,41,44,45,41,42,42,43,46,45,42,43,43
1775550132.3188,41,44,45,41,42,42,43,46,45,42,43,43
1775550132.5193,41,44,45,41,42,42,43,46,45,42,43,43
1775550132.7198,41,44,45,41,42,42,43,46,45,42,43,43
1775550132.9202,41,44,45,41,42,42,43,46,45,42,43,43
1775550133.1218,41,44,45,41,42,42,43,46,45,42,43,43
1775550133.3221,41,44,45,41,42,42,43,46,45,42,43,43
1775550133.5227,41,44,45,41,42,42,43,46,45,42,43,43
1775550133.7231,41,44,45,41,42,42,43,46,45,42,43,43
1775550133.9234,41,44,45,41,42,42,43,46,45,42,43,43
1775550134.1237,41,44,45,41,42,42,43,46,45,42,43,43
1775550134.3245,41,44,45,41,42,42,43,46,45,42,43,43
1775550134.5248,41,44,45,41,42,42,43,46,45,42,43,43
1775550134.7255,41,44,45,41,42,42,43,46,45,42,43,43
1775550134.9264,41,44,45,41,42,42,43,46,45,42,43,43
1775550135.1270,41,44,45,41,42,42,43,46,45,42,43,43
1775550135.3274,41,44,45,41,42,42,43,46,45,42,43,43
1775550135.5287,41,44,45,41,42,42,43,46,45,42,43,43
1775550135.7290,41,44,45,41,42,42,43,46,45,42,43,43
1775550135.9294,41,44,45,41,42,42,43,46,45,42,43,43
1775550136.1297,41,44,45,41,42,42,43,46,45,42,43,43
1775550136.3301,41,44,45,41,42,42,43,46,45,42,43,43
1775550136.5304,41,44,45,41,42,42,43,46,45,42,43,43
1775550136.7308,41,44,45,41,42,42,43,46,45,42,43,43
1775550136.9312,41,44,45,41,42,42,43,46,45,42,43,43
1775550137.1317,41,44,45,41,42,42,43,46,45,42,43,43
1775550137.3319,41,44,45,41,42,42,43,46,45,42,43,43
1775550137.5333,41,44,45,41,42,42,43,46,45,42,43,43
1775550137.7343,41,44,45,41,42,42,43,46,45,42,43,43
1775550137.9346,41,44,45,41,42,42,43,46,45,42,43,43
1775550138.1355,41,44,45,41,42,42,43,46,45,42,43,43
1775550138.3358,41,44,45,41,42,42,43,46,45,42,43,43
1775550138.5360,42,44,45,41,42,42,43,46,45,42,43,43
1775550138.7366,41,44,45,41,42,42,43,46,45,42,43,43
1775550138.9369,42,44,45,41,42,42,43,46,45,42,43,43
1775550139.1371,41,44,45,41,42,42,43,46,45,42,43,43
1775550139.3381,41,44,45,41,42,42,43,46,45,42,43,43
1775550139.5384,41,44,45,41,42,42,43,46,45,42,43,43
1775550139.7386,41,44,45,41,42,42,43,46,45,42,43,43
1775550139.9389,41,44,45,41,42,42,43,46,45,42,43,43
1775550140.1391,41,44,45,41,42,42,43,46,45,42,43,43
1775550140.3394,41,44,45,41,42,42,43,46,45,42,43,43
1775550140.5396,41,44,45,41,42,42,43,46,45,42,43,43
1775550140.7399,41,44,45,41,42,42,43,46,45,42,43,43
1775550140.9410,42,44,45,41,42,42,43,46,45,42,43,43
1775550141.1416,41,44,45,41,42,42,43,46,45,42,43,43
1775550141.3422,41,44,45,41,42,42,43,46,45,42,43,43
1775550141.5461,41,44,45,41,42,42,43,46,45,42,43,43
1775550141.7467,41,44,45,41,42,42,43,46,45,42,43,43
1775550141.9472,41,44,45,41,42,42,43,46,45,42,43,43
1775550142.1479,41,44,45,41,42,42,43,46,45,42,43,43
1775550142.3482,41,44,45,41,42,42,43,46,45,42,43,43
1775550142.5489,41,44,45,41,42,42,43,46,45,42,43,43
1775550142.7492,41,44,45,41,42,42,43,46,45,42,43,43
1775550142.9495,41,44,45,41,42,42,43,46,45,42,43,43
1775550143.1497,41,44,45,41,42,42,43,46,45,42,43,43
1775550143.3504,41,44,45,41,42,42,43,46,45,42,43,43
1775550143.5507,41,44,45,41,42,42,43,46,45,42,43,43
1775550143.7510,41,44,45,41,42,42,43,46,45,42,43,43
1775550143.9512,41,44,45,41,42,42,43,46,45,42,43,43
1775550144.1515,41,44,45,41,42,42,43,46,45,42,43,43
1775550144.3517,41,44,45,41,42,42,43,46,45,42,43,43
1775550144.5520,41,44,45,41,42,42,43,46,45,42,43,43
1775550144.7523,41,44,45,41,42,42,43,46,45,42,43,43
1775550144.9526,41,44,45,41,42,42,43,46,45,42,43,43
1775550145.1530,41,44,45,41,42,42,43,46,45,42,43,43
1775550145.3533,41,44,45,41,42,42,43,46,45,42,43,43
1775550145.5535,41,44,45,41,42,42,43,46,45,42,43,43
1775550145.7538,41,44,45,41,42,42,43,46,45,42,43,43
1775550145.9541,41,44,45,41,42,42,43,46,45,42,43,43
1775550146.1546,41,44,45,41,42,42,43,46,45,42,43,43
1775550146.3550,41,44,45,41,42,42,43,46,45,42,43,43
1775550146.5553,41,44,45,41,42,42,43,46,45,42,43,43
1775550146.7557,41,44,45,41,42,42,43,46,45,42,43,43
1775550146.9560,41,44,45,41,42,42,43,46,45,42,43,43
1775550147.1568,41,44,45,41,42,42,43,46,45,42,43,43
1775550147.3570,41,44,45,41,42,42,43,46,45,42,43,43
1775550147.5573,41,44,45,41,42,42,43,46,45,42,43,43
1775550147.7576,41,44,45,41,42,42,43,46,45,42,43,43
1775550147.9578,41,44,45,41,42,42,43,46,45,42,43,43
1775550148.1581,41,44,45,41,42,42,43,46,45,42,43,43
1775550148.3583,41,44,45,41,42,42,43,46,45,42,43,43
1775550148.5588,41,44,45,41,42,42,43,46,45,42,43,43
1775550148.7590,41,44,45,41,42,42,43,46,45,42,43,43
1775550148.9593,41,44,45,41,42,42,43,46,45,42,43,43
1775550149.1596,41,44,45,41,42,42,43,46,45,42,43,43
1775550149.3598,41,44,45,41,42,42,43,46,45,42,43,43
1775550149.5615,42,44,45,41,42,42,43,46,45,42,43,43
1775550149.7619,41,44,45,41,42,42,43,46,45,42,43,43
1775550149.9621,41,44,45,41,42,42,43,46,45,42,43,43
1775550150.1624,41,44,45,41,42,42,43,46,45,42,43,43
1775550150.3626,41,44,45,41,42,42,43,46,45,42,43,43
1775550150.5629,41,44,45,41,42,42,43,46,45,42,43,43
1775550150.7637,41,44,45,41,42,42,43,46,45,42,43,43
1775550150.9640,41,44,45,41,42,42,43,46,45,42,43,43
1775550151.1643,41,44,45,41,42,42,43,46,45,42,43,43
1775550151.3645,41,44,45,41,42,42,43,46,45,42,43,43
1775550151.5648,41,44,45,41,42,42,43,46,45,42,43,43
1775550151.7650,41,44,45,41,42,42,43,46,45,42,43,43
1775550151.9653,41,44,45,41,42,42,43,46,45,42,43,43
1775550152.1657,41,44,45,41,42,42,43,46,45,42,43,43
1775550152.3660,42,44,45,41,42,42,43,46,45,42,43,43
1775550152.5663,42,44,45,41,42,42,43,46,45,42,43,43
1775550152.7665,41,44,45,41,42,42,43,46,45,42,43,43
1775550152.9668,41,44,45,41,42,42,43,46,45,42,43,43
1775550153.1671,41,44,45,41,42,42,43,46,45,42,43,43
1775550153.3674,41,44,45,41,42,42,43,46,45,42,43,43
1775550153.5677,41,44,45,41,42,42,43,46,45,42,43,43
1775550153.7680,41,44,45,41,42,42,43,46,45,42,43,43
1775550153.9683,41,44,45,41,42,42,43,46,45,42,43,43
1775550154.1686,41,44,45,41,42,42,43,46,45,42,43,43
1775550154.3689,42,44,45,41,42,42,43,46,45,42,43,43
1775550154.5691,41,44,45,41,42,42,43,46,45,42,43,43
1775550154.7696,41,44,45,41,42,42,43,46,45,42,43,43
1775550154.9698,41,44,45,41,42,42,43,46,45,42,43,43
1775550155.1702,41,44,45,41,42,42,43,46,45,42,43,43
1775550155.3705,41,44,45,41,42,42,43,46,45,42,43,43
1775550155.5707,41,44,45,41,42,42,43,46,45,42,43,43
1775550155.7710,41,44,45,41,42,42,43,46,45,42,43,43
1775550155.9713,41,44,45,41,42,42,43,46,45,42,43,43
1775550156.1717,41,44,45,41,42,42,43,46,45,42,43,43
1775550156.3720,41,44,45,41,42,42,43,46,45,42,43,43
1775550156.5726,41,44,45,41,42,42,43,46,45,42,43,43
1775550156.7728,42,44,45,41,42,42,43,46,45,42,43,43
1775550156.9735,41,44,45,41,42,42,43,46,45,42,43,43
1775550157.1738,41,44,45,41,42,42,43,46,45,42,43,43
1775550157.3741,41,44,45,41,42,42,43,46,45,42,43,43
1775550157.5746,41,44,45,41,42,42,43,46,45,42,43,43
1775550157.7751,41,44,45,41,42,42,43,46,45,42,43,43
1775550157.9753,41,44,45,41,42,42,43,46,45,42,43,43
1775550158.1758,41,44,45,41,42,42,43,46,45,42,43,43
1775550158.3769,41,44,45,41,42,42,43,46,45,42,43,43
1775550158.5772,41,44,45,41,42,42,43,46,45,42,43,43
1775550158.7776,41,44,45,41,42,42,43,46,45,42,43,43
1775550158.9783,42,44,45,41,42,42,43,46,45,42,43,43
1775550159.1789,41,44,45,41,42,42,43,46,45,42,43,43
1775550159.3792,41,44,45,41,42,42,43,46,45,42,43,43
1775550159.5795,41,44,45,41,42,42,43,46,45,42,43,43
1775550159.7797,41,44,45,41,42,42,43,46,45,42,43,43
1775550159.9800,41,44,45,41,42,42,43,46,45,42,43,43
1775550160.1803,41,44,45,41,42,42,43,46,45,42,43,43
1775550160.3805,42,44,45,41,42,42,43,46,45,42,43,43
1775550160.5808,41,44,45,41,42,42,43,46,45,42,43,43
1775550160.7814,41,44,45,41,42,42,43,46,45,42,43,43
1775550160.9817,41,44,45,41,42,42,43,46,45,42,43,43
1775550161.1819,41,44,45,41,42,42,43,46,45,42,43,43
1775550161.3822,41,44,45,41,42,42,43,46,45,42,43,43
1775550161.5826,41,44,45,41,42,42,43,46,45,42,43,43
1775550161.7829,41,44,45,41,42,42,43,46,45,42,43,43
1775550161.9832,41,44,45,41,42,42,43,46,45,42,43,43
1775550162.1834,41,44,45,41,42,42,43,46,45,42,43,43
1775550162.3837,41,44,45,41,42,42,43,46,45,42,43,43
1775550162.5839,41,44,45,41,42,42,43,46,45,42,43,43
1775550162.7844,41,44,45,41,42,42,43,46,45,42,43,43
1775550162.9850,41,44,45,41,42,42,43,46,45,42,43,43
1775550163.1854,41,44,45,41,42,42,43,46,45,42,43,43
1775550163.3857,41,44,45,41,42,42,43,46,45,42,43,43
1775550163.5860,41,44,45,41,42,42,43,46,45,42,43,43
1775550163.7862,41,44,45,41,42,42,43,46,45,42,43,43
1775550163.9866,41,44,45,41,42,42,43,46,45,42,43,43
1775550164.1868,41,44,45,41,42,42,43,46,45,42,43,43
1775550164.3871,41,44,45,41,42,42,43,46,45,42,43,43
1775550164.5874,41,44,45,41,42,42,43,46,45,42,43,43
1775550164.7876,41,44,45,41,42,42,43,46,45,42,43,43
1775550164.9964,41,44,45,41,42,42,43,46,45,42,43,43
1775550165.1971,41,44,45,41,42,42,43,46,45,42,43,43
1775550165.3976,41,44,45,41,42,42,43,46,45,42,43,43
1775550165.5978,41,44,45,41,42,42,43,46,45,42,43,43
1775550165.7987,41,44,45,41,42,42,43,46,45,42,43,43
1775550165.9989,41,44,45,41,42,42,43,46,45,42,43,43
1775550166.1995,41,44,45,41,42,42,43,46,45,42,43,43
1775550166.4006,41,44,45,41,42,42,43,46,45,42,43,43
1775550166.6009,41,44,45,41,42,42,43,46,45,42,43,43
1775550166.8015,41,44,45,41,42,42,43,46,45,42,43,43
1775550167.0018,41,44,45,41,42,42,43,46,45,42,43,43
1775550167.2023,41,44,45,41,42,42,43,46,45,42,43,43
1775550167.4026,41,44,45,41,42,42,43,46,45,42,43,43
1775550167.6029,41,44,45,41,42,42,43,46,45,42,43,43
1775550167.8031,41,44,45,41,42,42,43,46,45,42,43,43
1775550168.0034,41,44,45,41,42,42,43,46,45,42,43,43
1775550168.2036,41,44,45,41,42,42,43,46,45,42,43,43
1775550168.4042,41,44,45,41,42,42,43,46,45,42,43,43
1775550168.6047,41,44,45,41,42,42,43,46,45,42,43,43
1775550168.8049,41,44,45,41,42,42,43,46,45,42,43,43
1775550169.0052,41,44,45,41,42,42,43,46,45,42,43,43
1775550169.2054,41,44,45,41,42,42,43,46,45,42,43,43
1775550169.4057,41,44,45,41,42,42,43,46,45,42,43,43
1775550169.6060,41,44,45,41,42,42,43,46,45,42,43,43
1775550169.8063,41,44,45,41,42,42,43,46,45,42,43,43
1775550170.0066,41,44,45,41,42,42,43,46,45,42,43,43
1775550170.2071,41,44,45,41,42,42,43,46,45,42,43,43
1775550170.4074,41,44,45,41,42,42,43,46,45,42,43,43
1775550170.6077,41,44,45,41,42,42,43,46,45,42,43,43
1775550170.8080,41,44,45,41,42,42,43,46,45,42,43,43
1775550171.0082,41,44,45,41,42,42,43,46,45,42,43,43
1775550171.2085,41,44,45,41,42,42,43,46,45,42,43,43
1775550171.4087,41,44,45,41,42,42,43,46,45,42,43,43
1775550171.6091,42,44,45,41,42,42,43,46,45,42,43,43
1775550171.8095,41,44,45,41,42,42,43,46,45,42,43,43
1775550172.0099,41,44,45,41,42,42,43,46,45,42,43,43
1775550172.2103,41,44,45,41,42,42,43,46,45,42,43,43
1775550172.4106,41,44,45,41,42,42,43,46,45,42,43,43
1775550172.6108,41,44,45,41,42,42,43,46,45,42,43,43
1775550172.8111,41,44,45,41,42,42,43,46,45,43,43,43
1775550173.0113,41,44,45,41,42,42,43,46,45,42,43,43
1775550173.2117,41,44,45,41,42,42,43,46,45,42,43,43
1775550173.4120,41,44,45,41,42,42,43,46,45,42,43,43
1775550173.6122,41,44,45,41,42,42,43,46,45,42,43,43
1775550173.8125,41,44,45,41,42,42,43,46,45,42,43,43
1775550174.0128,41,44,45,41,42,42,43,46,45,42,43,43
1775550174.2130,41,44,45,41,42,42,43,46,45,42,43,43
1775550174.4133,41,44,45,41,42,42,43,46,45,42,43,43
1775550174.6135,41,44,45,41,42,42,43,46,45,42,43,43
1775550174.8138,41,44,45,41,42,42,43,46,45,42,43,43
1775550175.0141,41,44,45,41,42,42,43,46,45,42,43,43
1775550175.2143,41,44,45,41,42,42,43,46,45,42,43,43
1775550175.4147,41,44,45,41,42,42,43,46,45,42,43,43
1775550175.6150,41,44,45,41,42,42,43,46,45,42,43,43
1775550175.8155,41,44,45,41,42,42,43,46,45,42,43,43
1775550176.0159,41,44,45,41,42,42,43,46,45,42,43,43
1775550176.2163,41,44,45,41,42,42,43,46,45,42,43,43
1775550176.4169,42,44,45,41,42,42,43,46,45,42,43,43
1775550176.6171,41,44,45,41,42,42,43,46,45,42,43,43
1775550176.8177,41,44,44,41,42,42,43,46,45,42,43,43
1775550177.0181,42,44,45,41,42,42,43,46,45,42,43,43
1775550177.2184,42,44,45,41,42,42,43,46,45,42,43,43
1775550177.4187,41,44,45,41,42,42,43,46,45,42,43,43
1775550177.6189,41,44,45,41,42,42,43,46,45,42,43,43
1775550177.8192,41,44,45,41,42,42,43,46,45,42,43,43
1775550178.0196,41,44,45,41,42,42,43,46,45,42,43,43
1775550178.2199,42,44,45,41,42,42,43,46,45,42,43,43
1775550178.4202,41,44,44,41,42,42,43,46,45,42,43,43
1775550178.6205,41,44,45,41,42,42,43,46,45,42,43,43
1775550178.8208,41,44,45,41,42,42,43,46,45,42,43,43
1775550179.0211,41,44,45,41,42,42,43,46,45,42,43,43
1775550179.2216,41,44,45,41,42,42,43,46,45,42,43,43
1775550179.4218,41,44,45,41,42,42,43,46,45,42,43,43
1775550179.6221,41,44,45,41,42,42,43,46,45,42,43,43
1775550179.8225,41,44,45,41,42,42,43,46,45,42,43,43
1775550180.0228,41,44,45,41,42,42,43,46,45,42,43,43
1775550180.2230,41,44,45,41,42,42,43,46,45,42,43,43
1775550180.4234,41,44,45,41,42,42,43,46,45,42,43,43
1775550180.6238,41,44,45,41,42,42,43,46,45,42,43,43
1775550180.8241,41,44,44,41,42,42,43,46,45,42,43,43
1775550181.0243,41,44,45,41,42,42,43,46,45,42,43,43
1775550181.2250,41,44,45,41,42,42,43,46,45,42,43,43
1775550181.4253,41,44,45,41,42,42,43,46,45,42,43,43
1775550181.6255,41,44,45,41,42,42,43,46,45,42,43,43
1775550181.8258,42,44,45,41,42,42,43,46,45,42,43,43
1775550182.0261,41,44,44,41,42,42,43,46,45,42,43,43
1775550182.2264,41,44,45,41,42,42,43,46,45,42,43,43
1775550182.4267,41,44,45,41,42,42,43,46,45,42,43,43
1775550182.6270,41,44,45,41,42,42,43,46,45,42,43,43
1775550182.8272,41,44,45,41,42,42,43,46,45,42,43,43
1775550183.0275,41,44,45,41,42,42,43,46,45,42,43,43
1775550183.2278,41,44,45,41,42,42,43,46,45,42,43,43
1775550183.4280,41,44,45,41,42,42,43,46,45,42,43,43
1775550183.6283,41,44,45,41,42,42,43,46,45,42,43,43
1775550183.8285,41,44,45,41,42,42,43,46,45,42,43,43
1775550184.0288,41,44,45,41,42,42,43,46,45,42,43,43
1775550184.2290,41,44,45,41,42,42,43,46,45,42,43,43
1775550184.4292,41,44,45,41,42,42,43,46,45,42,43,43
1775550184.6295,41,44,45,41,42,42,43,46,45,42,43,43
1775550184.8298,41,44,45,41,42,42,43,46,45,42,43,43
1775550185.0302,41,44,44,41,42,42,43,46,45,42,43,43
1775550185.2305,41,44,45,41,42,42,43,46,45,42,43,43
1775550185.4308,41,44,45,41,42,42,43,46,45,42,43,43
1775550185.6311,41,44,45,41,42,42,43,46,45,42,43,43
1775550185.8314,42,44,45,41,42,42,43,46,45,42,43,43
1775550186.0316,41,44,45,41,42,42,43,46,45,42,43,43
1775550186.2319,41,44,45,41,42,42,43,46,45,42,43,43
1775550186.4327,42,44,44,41,42,42,43,46,45,42,43,43
1775550186.6331,41,44,45,41,42,42,43,46,45,42,43,43
1775550186.8333,41,44,45,41,42,42,43,46,45,42,43,43
1775550187.0336,41,44,45,41,42,42,43,46,45,42,43,43
1775550187.2338,42,44,45,41,42,42,43,46,45,43,43,43
1775550187.4341,41,44,45,41,42,42,43,46,45,42,43,43
1775550187.6344,41,44,44,41,42,42,43,46,45,42,43,43
1775550187.8348,41,44,45,41,42,42,43,46,45,42,43,43
1775550188.0350,41,44,45,41,42,42,43,46,45,43,43,43
1775550188.2353,41,44,44,41,42,42,43,46,45,42,43,43
1775550188.4363,41,44,44,41,42,42,43,46,45,42,43,43
1775550188.6367,41,44,45,41,42,42,43,46,45,42,43,43
1775550188.8370,42,44,45,41,42,42,43,46,45,42,43,43
1775550189.0374,41,44,45,41,42,42,43,46,45,42,43,43
1775550189.2378,41,44,44,41,42,42,43,46,45,42,43,43
1775550189.4386,41,44,44,41,42,42,43,46,45,42,43,43
1775550189.6388,41,44,45,41,42,42,43,46,45,42,43,43
1775550189.8393,41,44,45,41,42,42,43,46,45,42,43,43
1775550190.0396,41,44,45,41,42,42,43,46,45,43,43,43
1775550190.2399,42,44,45,41,42,42,43,46,45,42,43,43
1775550190.4402,41,44,45,41,42,42,43,46,45,42,43,43
1775550190.6407,41,44,44,41,42,42,43,46,45,42,43,43
1775550190.8412,41,44,44,41,42,42,43,46,45,43,43,43
1775550191.0415,41,44,44,41,42,42,43,46,45,42,43,43
1775550191.2418,41,44,44,41,42,42,43,46,45,42,43,43
1775550191.4429,41,44,45,41,42,42,43,46,45,42,43,43
1775550191.6433,41,44,45,41,42,42,43,46,45,42,43,43
1775550191.8436,41,44,45,41,42,42,43,46,45,42,43,43
1775550192.0440,41,44,44,41,42,42,43,46,45,42,43,43
1775550192.2443,41,44,45,41,42,42,43,46,45,42,43,43
1775550192.4446,41,44,45,41,42,42,43,46,45,42,43,43
1775550192.6451,41,44,45,41,42,42,43,46,45,42,43,43
1775550192.8454,41,44,45,41,42,42,43,46,45,42,43,43
1775550193.0456,41,44,45,41,42,42,43,46,44,42,43,43
1775550193.2459,41,44,45,41,42,42,43,46,45,42,43,43
1775550193.4465,41,44,45,41,42,42,43,46,45,42,43,43
1775550193.6468,41,44,45,41,42,42,43,46,45,42,43,43
1775550193.8470,41,44,45,41,42,42,43,46,44,43,43,43
1775550194.0473,41,44,45,41,42,42,43,46,45,42,43,43
1775550194.2475,41,44,45,41,42,42,43,46,45,43,43,43
1775550194.4478,41,44,45,41,42,42,43,46,45,42,43,43
1775550194.6481,41,44,45,41,42,42,43,46,45,42,43,43
1775550194.8485,41,44,45,41,42,42,43,46,45,42,43,43
1775550195.0491,42,44,45,41,42,42,43,46,45,42,43,43
1775550195.2494,42,44,45,41,42,42,43,46,45,42,43,43
1775550195.4496,41,44,45,41,42,42,43,46,45,42,43,43
1775550195.6499,41,44,45,41,42,42,43,46,45,42,43,43
1775550195.8501,41,44,45,41,42,42,43,46,45,42,43,43
1775550196.0503,41,44,45,41,42,42,43,46,45,42,43,43
1775550196.2506,41,44,45,41,42,42,43,46,45,42,43,43
1775550196.4509,41,44,45,41,42,42,43,46,45,42,43,43
1775550196.6511,41,44,45,41,42,42,43,46,44,42,43,43
1775550196.8514,41,44,44,41,42,42,43,46,45,43,43,43
1775550197.0518,42,44,45,41,42,42,43,46,45,42,43,43
1775550197.2523,41,44,44,41,42,42,43,46,45,42,43,43
1775550197.4525,41,44,45,41,42,42,43,46,45,42,43,43
1775550197.6528,41,44,45,41,42,42,43,46,45,42,43,43
1775573859.2046,37,39,38,38,37,37,38,39,38,38,38,38
1775573859.4055,37,39,38,38,37,37,38,39,38,38,38,38
1775573859.6058,38,39,38,38,38,37,38,39,38,38,38,38
1775573859.8063,37,39,38,38,38,37,38,39,38,38,38,38
1775573860.0065,37,39,38,38,38,37,38,39,38,38,38,38
1775573860.2068,37,39,38,38,37,37,38,39,38,38,38,38
1775573860.4074,38,39,38,38,38,37,38,39,38,39,38,38
1775573860.6079,38,39,38,38,38,37,38,39,38,38,38,38
1775573860.8081,38,39,38,38,38,37,38,39,38,38,38,38
1775573861.0084,38,39,38,38,38,37,38,39,38,38,38,38
1775573861.2087,38,39,38,38,37,37,38,39,38,39,38,38
1775573861.4089,38,39,38,38,38,37,38,39,38,38,38,38
1775573861.6093,38,39,38,38,38,37,38,39,38,38,38,38
1775573861.8099,38,39,38,38,38,37,38,39,38,39,38,38
1775573862.0103,38,39,38,38,38,37,38,39,38,39,38,38
1775573862.2106,38,39,38,38,38,37,38,39,38,38,38,38
1775573862.4109,38,39,38,38,38,37,38,39,38,39,38,38
1775573862.6119,38,39,38,38,38,37,38,39,38,39,38,38
1775573862.8125,38,39,38,38,38,37,38,39,38,38,39,38
1775573863.0136,38,39,38,38,38,37,38,39,38,39,38,38
1775573863.2143,38,39,38,38,38,37,38,39,38,39,38,38
1775573863.4151,38,39,38,38,38,37,38,39,38,39,38,38
1775573863.6155,38,39,38,38,38,37,38,39,38,39,38,38
1775573863.8162,38,39,38,38,38,37,38,39,38,39,39,38
1775573864.0168,38,39,38,38,38,37,38,39,38,39,38,38
1775573864.2171,38,39,38,38,38,37,38,39,38,39,38,38
1775573864.4181,38,39,38,38,38,37,38,39,38,39,38,38
1775573864.6184,38,39,38,38,38,37,38,39,38,39,38,38
1775573864.8187,38,39,38,38,38,37,38,39,38,39,39,38
1775573865.0189,38,39,38,38,38,37,38,39,38,39,38,38
1775573865.2190,38,39,38,38,38,37,38,39,38,39,39,38
1775573865.4195,38,39,39,38,38,37,38,39,38,39,38,38
1775573865.6197,38,39,38,38,38,37,38,39,38,39,38,39
1775573865.8201,38,39,39,38,38,37,38,39,38,39,39,38
1775573866.0204,38,39,39,38,38,37,38,39,38,39,39,38
1775573866.2206,38,39,38,38,38,37,38,39,38,39,38,38
1775573866.4211,38,39,38,38,38,37,38,39,38,39,39,38
1775573866.6215,38,39,38,38,38,37,38,39,38,39,39,38
1775573866.8218,38,39,38,38,38,37,38,39,38,39,39,38
1775573867.0220,38,39,38,38,38,37,38,39,38,39,39,38
1775573867.2223,38,39,38,38,38,37,38,39,38,39,39,38
1775573867.4228,38,39,38,38,38,37,38,39,38,39,39,39
1775573867.6237,38,39,38,38,38,37,39,39,38,39,39,38
1775573867.8241,38,39,38,38,38,37,38,39,38,39,39,38
1775573868.0269,38,39,38,38,38,37,38,39,38,39,39,38
1775573868.2284,38,39,38,38,38,37,39,39,38,39,39,38
1775573868.4286,38,39,39,38,38,37,38,39,38,39,38,39
1775573868.6292,38,39,38,38,38,37,38,39,38,39,38,38
1775573868.8295,38,39,39,38,38,37,39,39,38,39,39,38
1775573869.0298,38,39,38,38,38,37,39,39,38,39,39,39
1775573869.2306,38,39,39,38,38,37,39,39,38,39,39,38
1775573869.4309,38,39,39,38,37,37,38,39,38,39,39,39
1775573869.6316,38,39,39,38,38,37,39,39,38,39,39,38
1775573869.8321,38,39,38,38,38,37,39,39,38,39,39,39
1775573870.0326,38,39,38,38,38,37,39,39,38,39,39,39
1775573870.2329,38,39,39,38,38,37,38,39,38,39,39,39
1775573870.4332,38,39,39,38,38,37,39,39,38,39,39,39
1775573870.6336,38,39,39,38,38,37,39,39,38,39,39,39
1775573870.8340,38,39,39,38,38,37,39,39,38,39,39,39
1775573871.0348,38,39,39,38,38,37,39,39,38,39,39,39
1775573871.2352,38,39,39,38,38,37,39,39,38,39,39,39
1775573871.4355,38,39,38,38,38,37,39,39,38,39,39,39
1775573871.6358,38,39,39,38,38,37,39,39,38,39,39,38
1775573871.8361,38,39,39,38,38,37,39,39,38,39,39,39
1775573872.0385,38,39,39,38,38,37,38,39,38,39,39,39
1775573872.2396,38,39,39,38,38,37,39,39,38,39,39,39
1775573872.4399,38,39,39,38,38,37,39,39,38,39,39,39
1775573872.6402,38,39,39,38,38,37,39,39,38,39,39,39
1775573872.8404,38,39,39,38,38,37,39,39,38,39,39,39
1775573873.0407,38,39,39,38,38,37,39,39,38,39,39,39
1775573873.2410,38,39,39,38,38,37,39,39,38,39,39,39
1775573873.4413,38,39,39,38,38,37,39,39,38,39,39,39
1775573873.6416,38,39,39,38,38,37,39,39,38,39,39,39
1775573873.8418,38,39,39,38,38,37,39,39,38,39,39,39
1775573874.0421,38,39,39,38,38,37,39,39,38,39,39,39
1775573874.2423,38,39,39,38,38,37,39,39,38,39,39,39
1775573874.4426,38,39,39,38,38,37,39,39,38,39,39,39
1775573874.6431,38,39,39,38,38,37,39,39,38,39,39,39
1775573874.8434,38,39,39,38,38,37,39,39,38,39,39,39
1775573875.0438,38,39,39,38,38,37,39,39,38,39,39,39
1775573875.2443,38,39,39,38,38,37,39,39,38,39,39,39
1775573875.4450,38,39,39,38,38,37,38,39,38,39,39,39
1775573875.6454,38,39,39,38,38,37,38,39,38,39,39,39
1775573875.8456,38,39,39,38,38,37,39,39,38,39,39,39
1775573876.0459,38,39,39,38,38,37,39,39,38,39,39,39
1775573876.2463,38,39,39,38,38,37,39,39,38,39,39,39
1775573876.4467,38,39,39,38,38,37,39,39,38,39,39,39
1775573876.6473,38,39,39,38,38,37,39,39,38,39,39,39
1775573876.8476,38,39,39,38,38,37,39,39,38,39,39,39
1775573877.0479,38,39,39,38,38,37,39,39,38,39,39,39
1775573877.2482,38,39,39,38,38,37,39,39,38,39,39,39
1775573877.4489,38,39,39,38,38,37,39,39,38,39,39,39
1775573877.6491,38,39,39,38,38,37,39,39,38,39,39,39
1775573877.8494,38,39,39,38,38,37,39,39,38,39,39,39
1775573878.0497,38,39,39,38,38,37,39,39,39,39,39,39
1775573878.2499,38,39,39,38,38,37,39,39,38,39,39,39
1775573878.4502,38,39,39,38,38,37,39,39,38,39,39,39
1775573878.6505,38,39,39,38,38,37,39,39,38,39,39,39
1775573878.8507,38,39,39,38,38,37,39,39,38,39,39,39
1775573879.0510,38,39,39,38,38,37,39,39,38,39,39,39
1775573879.2512,38,39,39,38,38,37,39,39,38,39,39,39
1775573879.4516,38,39,39,38,38,37,39,39,38,39,39,39
1775573879.6526,38,39,39,38,38,37,39,39,38,39,39,39
1775573879.8536,38,39,39,38,38,37,39,39,38,39,39,39
1775573880.0539,38,39,39,38,38,37,39,39,38,39,39,39
1775573880.2544,38,39,39,38,38,37,39,39,38,39,39,39
1775573880.4548,38,39,39,38,38,37,39,39,38,39,39,39
1775573880.6553,38,39,39,38,38,37,39,39,38,39,39,39
1775573880.8557,38,39,39,38,38,37,39,39,38,39,39,39
1775573881.0560,38,39,39,38,38,37,39,39,39,39,39,39
1775573881.2568,38,39,39,38,38,37,39,39,38,39,39,39
1775573881.4575,38,39,39,38,38,37,39,39,38,39,39,39
1775573881.6578,38,39,39,38,38,37,39,39,38,39,39,39
1775573881.8581,38,39,39,38,38,37,39,39,38,39,39,39
1775573882.0583,38,39,39,38,38,37,39,39,38,39,39,39
1775573882.2592,38,39,39,38,38,37,39,39,38,39,39,39
1775573882.4595,38,39,39,38,38,37,39,39,38,39,39,39
1775573882.6660,38,39,39,38,38,37,39,39,39,39,39,39
1775573882.8662,38,39,39,38,38,37,39,39,39,39,39,39
1775573883.0668,38,39,39,38,38,37,39,39,38,39,39,39
1775573883.2671,38,39,39,38,38,37,39,39,38,39,39,39
1775573883.4674,38,39,39,38,38,37,39,39,39,39,39,39
1775573883.6676,38,39,39,38,38,37,39,39,38,39,39,39
1775573883.8679,38,39,39,38,38,37,39,39,39,39,39,39
1775573884.0683,38,39,39,38,38,37,39,39,39,39,39,39
1775573884.2687,38,39,39,38,38,37,39,39,39,39,39,39
1775573884.4693,38,39,39,38,38,37,39,39,39,39,39,39
1775573884.6695,38,39,39,38,38,37,39,39,39,39,39,39
1775573884.8698,38,40,39,38,38,37,39,39,39,39,39,39
1775573885.0701,38,39,39,38,38,37,39,39,39,39,39,39
1775573885.2704,38,39,39,38,38,37,39,39,38,39,39,39
1775573885.4711,38,39,39,38,38,37,39,39,38,39,39,39
1775573885.6714,38,39,39,38,38,37,39,39,39,39,39,39
1775573885.8716,38,40,39,38,38,37,39,39,38,39,39,39
1775573886.0719,38,40,39,38,38,37,39,39,39,39,39,39
1775573886.2728,38,40,39,38,38,37,39,39,39,39,39,39
1775573886.4737,38,39,39,38,38,37,39,39,39,39,39,39
1775573886.6740,38,39,39,38,38,37,39,39,39,39,39,39
1775573886.8744,38,40,39,38,38,37,39,39,39,39,39,39
1775573887.0831,38,39,39,38,38,37,39,39,39,39,39,39
1775573887.2834,38,39,39,38,38,37,39,39,39,39,39,39
1775573887.4885,38,40,39,38,38,37,39,39,39,39,39,39
1775573887.6888,39,40,39,38,38,37,39,39,39,39,39,39
1775573887.8891,38,40,39,38,38,37,39,40,39,39,39,39
1775573888.0895,39,40,39,38,38,37,39,39,39,39,39,39
1775573888.2913,39,40,39,38,38,37,39,39,39,39,39,39
1775573888.4916,39,40,39,38,38,37,39,39,39,39,39,39
1775573888.6920,38,40,39,38,38,37,39,39,39,39,39,39
1775573888.8922,38,40,39,38,38,37,39,39,39,39,39,39
1775573889.0925,38,40,39,38,38,37,39,39,39,39,39,39
1775573889.2928,38,40,39,38,38,37,39,39,39,39,39,39
1775573889.4931,38,40,39,38,38,37,39,39,39,39,39,39
1775573889.6933,38,40,39,38,38,37,39,39,39,39,39,39
1775573889.8936,38,40,39,38,38,37,39,39,39,39,39,39
1775573890.0939,38,40,39,38,38,37,39,39,39,39,39,39
1775573890.2948,38,40,39,38,38,37,39,39,39,39,39,39
1775573890.4952,39,40,39,38,38,37,39,40,39,39,39,39
1775573890.6957,38,40,39,38,38,37,39,39,39,39,39,39
1775573890.8959,38,40,39,38,38,37,39,39,39,39,39,39
1775573891.0963,38,40,39,38,38,37,39,39,39,39,39,39
1775573891.2972,38,40,39,38,38,37,39,39,39,39,39,39
1775573891.4975,38,40,39,38,38,37,39,40,39,39,39,39
1775573891.6982,39,40,39,38,38,37,39,40,39,39,39,39
1775573891.8984,38,40,39,38,38,37,39,39,39,39,39,39
1775573892.0989,38,40,39,38,38,37,39,39,39,39,39,39
1775573892.2991,38,40,39,38,38,37,39,40,39,39,39,39
1775573892.4995,38,40,39,38,38,37,39,39,39,39,39,39
1775573892.6998,38,40,39,38,38,38,39,39,39,39,39,39
1775573892.9009,39,40,39,38,38,37,39,39,39,39,39,39
1775573893.1016,38,40,39,38,38,37,39,39,39,39,39,39
1775573893.3018,38,40,39,38,38,37,39,40,39,39,39,39
1775573893.5031,38,40,39,38,38,38,39,40,39,39,39,39
1775573893.7034,39,40,39,38,38,37,39,39,39,39,39,39
1775573893.9036,38,40,39,38,38,37,39,40,39,39,39,39
1775573894.1041,38,40,39,38,38,37,39,40,39,39,39,39
1775573894.3047,38,40,39,38,38,37,39,39,39,39,39,39
1775573894.5052,39,40,39,38,38,38,39,39,39,39,39,39
1775573894.7056,38,40,39,38,38,37,39,39,39,39,39,39
1775573894.9058,38,40,39,38,38,37,39,39,39,39,39,39
1775573895.1062,38,40,39,38,38,37,39,39,39,39,39,39
1775573895.3069,38,40,39,38,38,37,39,39,39,39,39,39
1775573895.5073,38,40,39,38,38,37,39,39,39,39,39,39
1775573895.7075,38,40,39,38,38,37,39,40,39,39,39,39
1775573895.9078,38,40,39,38,38,37,39,40,39,39,39,39
1775573896.1081,39,40,39,38,38,37,39,40,39,39,39,39
1775573896.3083,38,40,39,38,38,37,39,40,39,39,39,39
1775573896.5086,39,40,39,38,38,37,39,40,39,39,39,39
1775573896.7089,38,40,39,38,38,38,39,40,39,39,39,39
1775573896.9091,38,40,39,38,38,38,39,40,39,39,39,39
1775573897.1093,39,40,39,38,38,38,39,39,39,39,39,39
1775573897.3099,38,40,39,38,38,38,39,40,39,39,39,39
1775573897.5102,39,40,39,38,38,37,39,40,39,39,39,39
1775573897.7107,39,40,39,38,38,37,39,40,39,39,39,39
1775573897.9110,38,40,39,38,38,38,39,40,39,39,39,39
1775573898.1114,39,40,39,38,38,38,39,40,39,39,39,39
1775573898.3117,39,40,39,38,38,37,39,40,39,39,39,39
1775573898.5121,39,40,39,38,38,38,39,40,39,39,39,39
1775573898.7126,39,40,39,38,38,38,39,40,39,39,39,39
1775573898.9128,38,40,39,38,38,38,39,40,39,39,39,39
1775573899.1131,38,40,39,38,38,38,39,40,39,39,39,39
1775573899.3133,38,40,39,38,38,38,39,40,39,39,39,39
1775573899.5136,39,40,39,38,38,38,39,40,39,39,39,39
1775573899.7140,39,40,39,38,38,38,39,40,39,39,39,39
1775573899.9145,39,40,39,38,38,38,39,40,39,39,39,39
1775573900.1161,39,40,39,38,38,38,39,40,39,39,39,39
1775573900.3164,39,40,39,38,38,38,39,40,39,39,39,39
1775573900.5171,39,40,39,38,38,38,39,40,39,39,39,39
1775573900.7173,39,40,39,38,38,38,39,40,39,39,39,39
1775573900.9177,39,40,39,38,38,38,39,40,39,39,39,39
1775573901.1185,39,40,39,38,38,38,39,40,39,39,39,39
1775573901.3188,39,40,39,38,38,38,39,40,39,39,39,39
1775573901.5193,39,40,39,38,38,38,39,40,39,39,39,39
1775573901.7197,39,40,39,38,38,38,39,40,39,39,39,39
1775573901.9200,39,40,39,38,38,38,39,40,39,39,39,39
1775573902.1203,39,40,39,38,38,38,39,40,39,39,39,39
1775573902.3205,39,40,39,38,38,38,39,40,39,39,39,39
1775573902.5208,39,40,39,38,38,38,39,40,39,39,39,39
1775573902.7211,39,40,39,38,38,38,39,40,39,39,39,39
1775573902.9213,39,40,39,38,38,38,39,40,39,39,39,39
1775573903.1217,39,40,39,38,38,38,39,40,39,39,39,39
1775573917.3008,38,39,39,38,38,37,39,39,39,39,39,39
1775573917.5013,38,39,39,38,38,37,39,39,38,39,39,39
1775573917.7015,38,39,39,38,38,37,39,39,38,39,39,39
1775573917.9020,38,39,39,38,38,37,39,39,39,39,39,39
1775573918.1024,38,39,39,38,38,37,39,39,38,39,39,39
1775573918.3027,38,39,39,38,38,37,39,39,38,39,39,39
1775573918.5029,38,39,39,38,38,37,39,39,39,39,39,39
1775573918.7032,38,39,39,38,38,37,39,39,38,39,39,39
1775573918.9038,38,39,39,38,38,37,39,39,38,39,39,39
1775573919.1043,38,39,39,38,38,37,39,39,39,39,39,39
1775573919.3046,38,39,39,38,38,37,39,39,38,39,39,39
1775573919.5049,38,39,39,38,38,37,39,39,39,39,39,39
1775573919.7066,38,39,39,38,38,37,39,39,39,39,39,39
1775573919.9090,38,39,39,38,38,37,39,39,38,39,39,39
1775573920.1097,38,39,39,38,38,37,39,39,38,39,39,39
1775573920.3100,38,39,39,38,38,37,39,39,38,39,39,39
1775573920.5103,38,39,39,38,38,37,39,39,38,39,39,39
1775573920.7109,39,39,39,38,38,37,39,39,38,39,39,39
1775573920.9112,38,39,39,38,38,37,39,39,38,39,39,39
1775573921.1119,38,39,39,38,38,37,39,39,38,39,39,39
1775573921.3121,38,39,39,38,38,37,39,39,39,39,39,39
1775573921.5134,38,39,39,38,38,37,39,39,38,39,39,39
1775573921.7151,38,39,39,38,38,37,39,39,38,39,39,39
1775573921.9154,39,39,39,38,38,37,39,39,38,39,39,39
1775573922.1162,38,39,39,38,38,37,39,39,38,39,39,39
1775573922.3170,38,39,39,38,38,37,39,39,38,39,39,39
1775573922.5176,38,39,39,38,38,37,39,39,38,39,39,39
1775573922.7179,38,39,39,38,38,37,39,39,39,39,39,39
1775573922.9185,38,39,39,38,38,37,39,39,38,39,39,39
1775573923.1188,38,39,39,38,38,37,39,39,38,39,39,39
1775573923.3199,38,39,39,38,38,37,39,39,38,39,39,39
1775573923.5212,38,39,39,38,38,37,39,39,39,39,39,39
1775573923.7215,38,39,39,38,38,37,39,39,39,39,39,39
1775573923.9219,38,39,39,38,38,37,39,39,38,39,39,39
1775573924.1222,38,39,39,38,38,37,39,39,39,39,39,39
1775573924.3232,38,39,39,38,38,37,39,39,38,39,39,39
1775573924.5235,38,39,39,38,38,37,39,39,38,39,39,39
1775573924.7237,38,39,39,38,38,37,39,39,38,39,39,39
1775573924.9241,38,39,39,38,38,37,39,39,39,39,39,39
1775573925.1244,38,39,39,38,38,37,39,39,39,39,39,39
1775573925.3246,38,39,39,38,38,37,39,39,39,39,39,39
1775573925.5249,38,39,39,38,38,37,39,39,38,39,39,39
1775573925.7251,38,39,39,38,38,37,39,39,38,39,39,39
1775573925.9256,38,39,39,38,38,37,39,39,38,39,39,39
1775573926.1260,38,39,39,38,38,37,39,39,39,39,39,39
1775573926.3269,38,39,39,38,38,37,39,39,38,39,39,39
1775573926.5274,38,39,39,38,38,37,39,39,38,39,39,39
1775573926.7292,38,39,39,38,38,37,39,39,39,39,39,39
1775573926.9295,39,39,39,38,38,37,39,39,39,39,39,39
1775573927.1301,38,39,39,38,38,37,39,39,38,39,39,39
1775573927.3305,39,39,39,38,38,37,39,39,39,39,39,39
1775573927.5307,38,39,39,38,38,37,39,39,39,39,39,39
1775573927.7314,38,39,39,38,38,37,39,39,39,39,39,39
1775573927.9338,38,39,39,38,38,37,39,39,38,39,39,39
1775573928.1340,38,39,39,38,38,37,38,39,39,39,39,39
1775573928.3348,38,40,39,38,38,37,39,39,38,39,39,39
1775573928.5364,38,39,39,38,38,37,39,39,39,39,39,39
1775573928.7367,38,39,39,38,38,37,39,39,39,39,39,39
1775573928.9369,38,39,39,38,38,37,39,39,39,39,39,39
1775573929.1373,38,40,39,38,38,37,39,39,38,39,39,39
1775573929.3375,38,39,39,38,38,37,39,39,39,39,39,39
1775573929.5380,38,39,39,38,38,37,39,39,39,39,39,39
1775573929.7385,38,39,39,38,38,37,39,39,39,39,39,39
1775573929.9388,38,39,39,38,38,37,39,39,39,39,39,39
1775573930.1393,38,39,39,38,38,37,39,39,39,39,39,39
1775573930.3396,38,39,39,38,38,37,39,39,39,39,39,39
1775573930.5398,38,40,39,38,38,37,39,39,39,39,39,39
1775573930.7401,38,39,39,38,38,37,39,39,39,39,39,39
1775573930.9403,38,39,39,38,38,37,39,39,39,39,39,39
1775573931.1406,38,39,39,38,38,37,39,39,39,39,39,39
1775573931.3410,38,39,39,38,38,37,39,39,39,39,39,39
1775573931.5414,38,40,39,38,38,37,39,39,39,39,39,39
1775573931.7417,38,39,39,38,38,37,39,39,39,39,39,39
1775573931.9423,38,39,39,38,38,37,39,39,39,39,39,39
1775573932.1430,38,40,39,38,38,37,39,39,39,39,39,39
1775573932.3434,39,40,39,38,38,37,39,39,39,39,39,39
1775573932.5436,38,39,39,38,38,37,39,39,39,39,39,39
1775573932.7439,38,39,39,38,38,37,39,39,39,39,39,39
1775573932.9445,38,39,39,38,38,37,39,39,39,39,39,39
1775573933.1450,38,39,39,38,38,37,39,39,39,39,39,39
1775573933.3455,38,39,39,38,38,37,39,39,39,39,39,39
1775573933.5462,38,39,39,38,38,37,39,39,39,39,39,39
1775573933.7474,38,39,39,38,38,37,39,39,39,39,39,39
1775573933.9478,38,39,39,38,38,37,39,40,39,39,39,39
1775573934.1487,38,39,39,38,38,37,39,39,39,39,39,39
1775573934.3506,38,39,39,38,38,37,39,39,39,39,39,39
1775573934.5530,38,39,39,38,38,38,39,39,39,39,39,39
1775573934.7533,38,40,39,38,38,38,39,39,39,39,39,39
1775573934.9539,38,40,39,38,38,37,39,39,39,39,39,39
1775573935.1546,38,39,39,38,38,37,39,39,39,39,39,39
1775573935.3551,38,39,39,38,38,37,39,39,39,39,39,39
1775573935.5560,38,39,39,38,38,37,39,39,39,39,39,39
1775573935.7570,38,39,39,38,38,38,39,39,39,39,39,39
1775573935.9587,38,40,39,38,38,38,39,39,39,39,39,39
1775573936.1609,38,40,39,38,38,37,39,39,39,39,39,39
1775573936.3620,38,39,39,38,38,37,39,39,39,39,39,39
1775573936.5623,38,39,39,38,38,37,39,39,39,39,39,39
1775573936.7650,38,39,39,38,38,37,39,39,39,39,39,39
1775573936.9653,39,40,39,38,38,37,39,39,39,39,39,39
1775573937.1657,38,40,39,38,38,37,39,39,39,39,39,39
1775573937.3672,38,39,39,38,38,38,39,39,39,39,39,39
1775573937.5710,38,40,39,38,38,38,39,39,39,39,39,39
1775573937.7719,38,40,39,38,38,38,39,39,39,39,39,39
1775573937.9722,39,40,39,38,38,38,39,39,39,39,39,39
1775573938.1736,38,39,39,38,38,37,39,39,39,39,39,39
1775573938.3740,38,40,39,38,38,38,39,40,39,39,39,39
1775573938.5749,38,40,39,38,38,38,39,39,39,39,39,39
1775573938.7759,39,40,39,38,38,38,39,39,39,39,39,39
1775573938.9767,39,40,39,38,38,38,39,40,39,39,39,39
1775573939.1775,38,40,39,38,38,38,39,39,39,39,39,39
1775573951.2778,38,39,39,38,38,37,39,39,39,39,39,39
1775573951.4783,38,39,39,38,38,37,39,39,39,39,39,39
1775573951.6788,38,39,39,38,38,37,39,39,39,39,39,39
1775573951.8819,38,39,39,38,38,37,39,39,39,39,39,39
1775573952.0822,38,39,39,38,38,37,39,39,39,39,39,39
1775573952.2828,38,39,39,38,38,37,39,39,39,39,39,39
1775573952.4831,38,39,39,38,38,37,39,39,39,39,39,39
1775573952.6844,38,39,39,38,38,37,39,39,38,39,39,39
1775573952.8860,38,39,39,38,38,37,39,39,39,39,39,39
1775573953.0864,38,39,39,38,38,37,39,39,38,39,39,39
1775573953.2867,38,39,39,38,38,37,39,39,39,39,39,39
1775573953.4871,38,39,39,38,38,37,39,39,38,39,39,39
1775573953.6884,38,39,39,38,38,37,39,39,39,39,39,39
1775573953.8887,38,39,39,38,38,37,39,39,39,39,39,39
1775573954.0892,38,39,39,38,38,37,39,39,39,39,39,39
1775573954.2906,39,39,39,38,38,37,39,39,39,39,39,39
1775573954.4929,38,39,39,38,38,37,39,39,39,39,39,39
1775573954.6934,38,39,39,38,38,37,39,39,39,39,39,39
1775573954.8936,38,39,39,38,38,37,39,39,39,39,39,39
1775573955.0941,38,39,39,38,38,37,39,39,39,39,39,39
1775573955.2945,38,39,39,38,38,37,39,39,38,39,39,39
1775573955.4961,38,39,39,38,38,37,39,39,39,39,39,39
1775573955.6963,38,39,39,38,38,37,39,39,39,39,39,39
1775573955.8968,38,40,39,38,38,37,39,39,39,39,39,39
1775573956.0977,38,39,39,38,38,37,39,39,39,39,39,39
1775573956.2981,38,39,39,38,38,37,39,39,39,39,39,39
1775573956.4985,38,39,39,38,38,37,39,39,39,39,39,39
1775573956.6987,38,39,39,38,38,37,39,39,39,39,39,39
1775573956.8998,38,39,39,38,38,37,39,39,39,39,39,39
1775573957.1005,38,39,39,38,38,37,39,39,39,39,39,39
1775573957.3039,38,39,39,38,38,37,39,39,39,39,39,39
1775573957.5042,38,39,39,38,38,37,39,39,39,39,39,39
1775573957.7045,38,39,39,38,38,37,39,39,39,39,39,39
1775573957.9048,38,39,39,38,38,37,39,39,39,39,39,39
1775573958.1051,38,39,39,38,38,37,39,39,39,39,39,39
1775573958.3057,38,39,39,38,38,37,39,39,39,39,39,39
1775573958.5063,38,40,39,38,38,37,39,39,39,39,39,39
1775573958.7065,38,39,39,38,38,37,39,39,39,39,39,39
1775573958.9068,38,39,39,38,38,37,39,39,39,39,39,39
1775573959.1072,38,39,39,38,38,37,39,39,39,39,39,39
1775573959.3079,39,39,39,38,38,37,39,39,39,39,39,39
1775573959.5082,38,39,39,38,38,37,39,39,39,39,39,39
1775573959.7085,38,39,39,38,38,37,39,39,39,39,39,39
1775573959.9089,38,39,39,38,38,37,39,39,39,39,39,39
1775573960.1092,39,39,39,38,38,37,39,39,39,39,39,39
1775573960.3094,38,39,39,38,38,37,39,39,39,39,39,39
1775573960.5103,38,40,39,38,38,37,39,39,39,39,39,39
1775573960.7108,38,39,39,38,38,37,38,39,39,39,39,39
1775573960.9112,38,39,39,38,38,37,39,39,39,39,39,39
1775573961.1120,38,39,39,38,38,37,39,39,39,39,39,39
1775573961.3126,38,39,39,38,38,37,39,39,39,39,39,39
1775573961.5131,38,39,39,38,38,37,39,39,39,39,39,39
1775573961.7133,38,39,39,38,38,37,39,39,39,39,39,39
1775573961.9137,38,39,39,38,38,37,39,39,39,39,39,39
1775573962.1140,38,40,39,38,38,38,39,39,39,39,39,39
1775573962.3146,38,39,39,38,38,37,39,39,39,39,39,39
1775573962.5151,38,40,39,38,38,37,39,39,39,39,39,39
1775573962.7154,38,39,39,38,38,37,39,39,39,39,39,39
1775573962.9158,38,40,39,38,38,37,39,39,39,39,39,39
1775573963.1162,38,39,39,38,38,37,39,39,39,39,39,39
1775573963.3165,38,39,39,38,38,37,39,39,39,39,39,39
1775573963.5168,38,40,39,38,38,37,39,39,39,39,39,39
1775573963.7170,38,39,39,38,38,38,39,39,39,39,39,39
1775573963.9173,38,40,39,38,38,37,39,39,39,39,39,39
1775573964.1176,38,39,39,38,38,37,39,39,39,39,39,39
1775573964.3178,38,40,39,38,38,37,39,39,39,39,39,39
1775573964.5182,38,39,39,38,38,38,39,39,39,39,39,39
1775573964.7185,38,40,39,38,38,38,39,39,39,39,39,39
1775573964.9191,39,40,39,38,38,38,39,39,39,39,39,39
1775573965.1193,39,39,39,38,38,38,39,39,39,39,39,39
1775573965.3196,38,40,39,38,38,38,39,39,39,39,39,39
1775573965.5200,38,40,39,38,38,37,39,39,39,39,39,39
1775573965.7202,38,40,39,38,38,37,39,39,39,39,39,39
1775573965.9206,38,40,39,38,38,38,39,39,39,39,39,39
1775573966.1209,38,40,39,38,38,38,39,39,39,39,39,39
1775573966.3211,38,40,39,38,38,38,39,39,39,39,39,39
1775573966.5226,38,39,39,38,38,38,39,40,39,39,39,39
1775573966.7229,39,40,39,38,38,38,39,39,39,39,39,39
1775573966.9232,38,40,39,38,38,38,39,40,39,39,39,39
1775573967.1236,38,40,39,38,38,38,39,39,39,39,39,39
1775573967.3239,38,40,39,38,38,38,39,39,39,39,39,39
1775573967.5245,38,40,39,38,38,38,39,39,39,39,39,39
1775573967.7249,39,40,39,38,38,38,39,39,39,39,39,39
1775573967.9251,38,40,39,38,38,38,39,39,39,39,39,39
1775573968.1258,38,40,39,38,38,38,39,39,39,39,39,39
1775573968.3262,38,40,39,38,38,38,39,39,39,39,39,39
1775573968.5267,38,40,39,38,38,38,39,40,39,39,39,39
1775573968.7270,38,40,39,38,38,38,39,39,39,39,39,39
1775573968.9273,39,40,39,38,38,38,39,39,39,39,39,39
1775573969.1277,38,40,39,38,38,38,39,40,39,39,39,39
1775573969.3279,38,40,39,38,38,38,39,40,39,39,39,39
1775573969.5282,38,40,39,38,38,38,39,40,39,39,39,39
1775573969.7287,38,40,39,38,38,38,39,40,39,39,39,39
1775573969.9290,38,40,39,38,38,38,39,40,39,39,39,39
1775573970.1293,38,40,39,38,38,38,39,40,39,39,39,39
1775573970.3296,38,40,39,38,38,38,39,40,39,40,39,39
1775573970.5298,38,40,39,38,38,38,39,39,39,39,39,39
1775573970.7301,38,40,39,38,39,38,39,40,39,39,39,39
1775573970.9308,38,40,39,38,38,38,39,40,39,39,39,39
1775573971.1375,38,40,39,38,38,38,39,40,39,39,39,39
1775573971.3378,38,40,39,38,38,38,39,40,39,39,39,39
1775573971.5380,38,40,39,38,38,38,39,40,39,39,39,39
1775573971.7383,39,40,39,38,38,38,39,40,39,39,39,39
1775573971.9386,39,40,39,38,38,38,39,40,39,39,39,39
1775573972.1388,39,40,39,38,39,38,39,40,39,39,39,39
1775573972.3390,39,40,39,38,38,38,39,40,39,39,39,39
1775573972.5394,39,40,39,38,39,38,39,40,39,39,39,39
1775573972.7398,38,40,39,38,39,38,39,40,39,39,39,39
1775573972.9433,39,40,39,38,38,38,39,40,39,39,39,39
1775573973.1436,38,40,39,38,38,38,39,40,39,39,39,39
1775573973.3442,39,40,39,38,39,38,39,40,39,39,39,39
1775573973.5470,39,40,39,38,39,38,39,40,39,39,39,39
1775573973.7473,39,40,39,38,38,38,39,40,39,40,39,39
1775573973.9477,39,40,39,38,39,38,39,40,39,40,39,39
1775573974.1480,39,40,39,38,38,38,39,40,39,40,39,39
1775573974.3498,39,40,39,38,39,38,39,40,39,39,39,39
1775573974.5507,39,40,39,38,38,38,39,40,39,40,39,39
1775573974.7532,39,40,39,38,39,38,39,40,39,40,39,39
1775573974.9534,39,40,39,38,39,38,39,40,39,40,39,39
1775573975.1540,39,40,39,38,38,38,39,40,39,40,39,39
1775573975.3542,39,40,39,38,39,38,39,40,39,40,39,39
1775573975.5546,39,40,39,38,39,38,39,40,39,40,39,39
1775573975.7549,39,40,39,38,39,38,39,40,39,40,39,39
1775573975.9551,39,40,39,38,39,38,39,40,39,40,39,39
1775573976.1554,39,40,39,38,39,38,39,40,39,40,39,39
1775573976.3557,39,40,39,38,39,38,39,40,39,39,39,39
1775573976.5561,39,40,39,38,39,38,39,40,39,40,39,39
1775573976.7567,39,40,39,38,39,38,39,40,39,40,39,39
1775573976.9572,39,40,39,38,39,38,39,40,39,39,39,39
1775573977.1574,39,40,39,38,39,38,39,40,39,40,39,39
1775573977.3636,39,40,39,38,38,38,39,40,39,40,39,39
1775573977.5638,39,40,39,38,39,38,39,40,39,40,39,39
1775573977.7641,39,40,39,38,39,38,39,40,39,40,39,39
1775573977.9651,39,40,39,38,39,38,39,40,39,40,39,39
1775573978.1658,39,40,39,38,39,38,39,40,39,40,39,39
1775573978.3660,39,40,39,38,39,38,39,40,39,40,39,39
1775573978.5663,39,40,39,38,38,38,39,40,39,40,39,39
1775573978.7666,39,40,39,38,39,38,39,40,39,40,39,39
1775573978.9669,39,40,39,38,38,38,39,40,39,40,39,39
1775573979.1671,39,40,39,38,39,38,39,40,39,40,39,39
1775573979.3704,39,40,39,38,39,38,39,40,39,40,39,39
1775573979.5708,39,40,39,38,39,38,39,40,39,40,40,39
1775573979.7710,39,40,39,38,39,38,39,40,39,40,39,39
1775573979.9751,39,40,39,38,39,38,39,40,39,40,39,39
1775573980.1753,39,40,39,38,39,38,39,40,39,40,39,39
1775573980.3762,39,40,40,38,38,38,39,40,39,40,39,39
1775573980.5769,39,40,39,38,39,38,39,40,39,40,39,39
1775573980.7771,39,40,39,38,39,38,39,40,39,40,39,39
1775573980.9776,39,40,39,38,39,38,39,40,39,40,39,39
1775573981.1782,39,40,40,38,39,38,39,40,39,40,39,39
1775573981.3784,39,40,39,38,39,38,39,40,39,40,39,39
1775573981.5787,39,40,39,38,39,38,39,40,39,40,39,39
1775573981.7791,39,40,39,38,39,38,39,40,39,39,39,39
1775573981.9794,39,40,39,38,39,38,39,40,39,39,39,39
1775573982.1796,39,40,39,38,39,38,39,40,39,40,39,39
1775573982.3799,39,40,40,39,39,38,39,40,39,40,39,39
1775573982.5810,39,40,39,38,39,38,39,40,39,40,39,39
1775573982.7812,39,40,39,38,39,38,39,40,39,40,39,39
1775573982.9817,39,40,39,38,39,38,39,40,39,40,40,39
1775573983.1820,39,40,39,38,39,38,39,40,39,39,39,39
1775573983.3829,39,40,40,38,39,38,39,40,39,40,39,39
1775573983.5834,39,40,40,38,39,38,39,40,39,40,39,39
1775573983.7837,39,40,39,38,39,38,39,40,39,39,39,39
1775573983.9842,39,40,39,38,39,38,39,40,39,40,40,39
1775573984.1845,39,40,39,38,39,38,39,40,39,40,40,39
1775573984.3849,39,40,39,38,38,38,39,40,39,40,39,39
1775573984.5854,39,40,39,39,39,38,39,40,39,40,39,39
1775573984.7856,39,40,39,39,39,38,39,40,39,40,40,39
1775573984.9859,39,40,39,38,39,38,39,40,39,40,40,39
1775573985.1861,39,40,39,39,39,38,39,40,39,39,40,39
1775573985.3867,39,40,39,38,39,38,39,40,39,40,39,39
1775573985.5869,39,40,39,39,39,38,39,40,39,40,40,39
1775573985.7872,39,40,39,38,39,38,39,40,39,40,40,39
1775573985.9875,39,40,39,39,39,38,39,40,39,40,39,39
1775573986.1881,39,40,40,38,39,38,39,40,39,40,39,39
1775573986.3886,39,40,39,38,39,38,39,40,39,40,40,39
1775573986.5920,39,40,40,39,39,38,39,40,39,40,39,39
1775573986.7924,39,40,39,39,39,38,39,40,39,40,40,39
1775573986.9933,39,40,39,39,39,38,39,40,39,40,39,39
1775573987.1940,39,40,39,38,39,38,39,40,39,40,39,39
1775573987.3945,39,40,40,39,39,38,39,40,39,40,40,39
1775573987.5954,39,40,40,39,39,38,39,40,39,40,40,39
1775573987.7959,39,40,39,39,39,38,39,40,39,40,39,39
1775573987.9962,39,40,39,39,39,38,39,40,39,40,39,39
1775573988.1965,39,40,40,39,39,38,39,40,39,40,39,39
1775573988.3967,39,40,40,39,39,38,39,40,39,40,40,39
1775573988.5972,39,40,39,39,39,38,40,40,39,40,39,39
1775573988.7975,39,40,39,39,39,38,40,40,39,40,40,39
1775573988.9978,39,40,39,39,39,38,40,40,39,40,40,39
1775573989.1984,39,40,39,39,39,38,39,40,39,40,40,39
1775573989.3987,39,40,40,39,39,38,40,40,39,40,40,39
1775573989.5993,39,40,39,39,39,38,40,40,39,40,40,39
1775573989.7995,39,40,40,39,39,38,39,40,39,40,40,39
1775573990.0084,39,40,39,39,39,38,40,40,39,40,40,39
1775573990.2092,39,40,40,39,39,38,39,40,39,40,39,39
1775573990.4094,39,40,40,39,39,38,40,40,39,40,40,40
1775573990.6097,39,40,40,39,39,38,40,40,39,40,40,39
1775573990.8104,39,40,40,39,39,38,39,40,39,40,40,39
1775573991.0107,39,40,39,39,39,38,40,40,39,40,40,39
1775573991.2111,39,40,40,39,39,38,40,40,39,40,40,39
1775573991.4127,39,40,39,39,39,38,40,40,39,40,40,39
1775573991.6133,39,40,40,39,39,38,40,40,39,40,40,40
1775573991.8136,39,40,40,39,39,38,40,40,39,40,40,39
1775573992.0139,39,40,40,39,39,38,39,40,39,40,40,39
1775573992.2144,39,40,40,39,39,38,40,40,39,40,40,40
1775573992.4148,39,40,39,39,39,38,39,40,39,40,40,39
1775573992.6154,39,40,40,39,39,38,40,40,39,40,40,39
1775573992.8157,39,40,40,39,39,38,40,40,39,40,40,40
1775573993.0160,39,40,39,39,39,38,40,40,39,40,40,40
1775573993.2165,39,40,40,39,39,38,40,40,39,40,40,40
1775573993.4172,39,40,40,39,39,38,39,40,39,40,40,39
1775573993.6175,39,40,40,39,39,38,40,40,39,40,40,40
1775573993.8178,39,40,40,39,39,38,40,40,39,40,40,40
1775573994.0184,39,40,40,39,39,38,40,40,39,40,40,40
1775573994.2188,39,40,40,39,39,38,40,40,39,40,40,40
1775573994.4191,39,40,40,39,39,38,40,40,39,40,40,40
1775573994.6194,39,40,40,39,39,38,39,40,39,40,40,39
1775573994.8196,39,40,40,39,39,38,40,40,39,40,40,39
1775573995.0199,39,40,40,39,39,38,40,40,39,40,40,40
1775573995.2202,39,40,40,39,39,38,40,40,39,40,40,40
1775573995.4205,39,40,40,39,39,38,39,40,39,40,40,40
1775573995.6210,39,40,40,39,39,38,39,40,39,40,40,40
1775573995.8215,39,40,40,39,39,38,40,40,39,40,40,40
1775573996.0236,39,40,40,39,39,38,40,40,39,40,40,40
1775573996.2239,39,40,40,39,39,38,40,40,39,40,40,40
1775573996.4241,39,40,40,39,39,38,40,40,39,40,40,40
1775573996.6244,39,40,40,39,39,38,40,40,39,40,40,40
1775573996.8247,39,40,40,39,39,38,40,40,39,40,40,40
1775573997.0250,39,40,40,39,39,38,40,40,39,40,40,40
1775573997.2253,39,40,40,39,39,38,39,40,39,40,40,40
1775573997.4257,39,40,40,39,39,38,40,40,39,40,40,40
1775573997.6259,40,40,40,39,39,38,40,40,39,40,40,40
1775573997.8263,39,40,40,39,39,38,40,40,39,40,40,40
1775573998.0266,39,40,40,39,39,38,40,40,39,40,40,40
1775573998.2271,39,40,40,39,39,38,40,40,39,40,40,40
1775573998.4276,39,40,40,39,39,38,39,40,39,40,40,39
1775573998.6283,39,40,40,39,39,38,40,40,39,40,40,40
1775573998.8285,39,40,40,39,39,38,40,40,39,40,40,40
1775573999.0290,39,40,40,39,39,38,40,40,39,40,40,40
1775573999.2296,39,40,40,39,39,38,40,40,39,40,40,40
1775573999.4299,39,40,40,39,39,38,40,40,39,40,40,40
1775573999.6301,39,40,40,39,39,38,40,40,39,40,40,40
1775573999.8305,39,40,40,39,39,38,40,40,39,40,40,40
1775574000.0309,39,40,40,39,39,38,40,40,39,40,40,40
1775574000.2310,40,40,40,39,39,38,40,40,39,40,40,40
1775574000.4315,39,40,40,39,39,38,40,40,39,40,40,40
1775574000.6324,39,40,40,39,39,38,40,40,39,40,40,40
1775574000.8326,39,40,40,39,39,38,40,40,39,40,40,40
1775574001.0332,39,40,40,39,39,38,39,40,39,40,40,40
1775574001.2335,39,40,40,39,39,38,40,40,39,40,40,40
1775574001.4338,39,40,40,39,39,38,40,40,39,40,40,40
1775574001.6350,40,40,40,39,39,38,39,40,39,40,40,40
1775574001.8352,39,40,40,39,39,38,39,40,39,40,40,40
1775574002.0358,39,40,40,39,39,38,40,40,39,40,40,40
1775574002.2365,39,40,40,39,39,38,40,40,39,40,40,40
1775574002.4367,40,40,40,39,39,38,40,40,39,40,40,40
1775574002.6371,39,40,40,39,39,38,39,40,39,40,40,40
1775574002.8375,39,40,40,39,39,38,40,40,39,40,40,40
1775574003.0378,39,40,40,39,39,38,40,40,39,40,40,40
1775574003.2384,40,40,40,39,39,38,40,40,39,40,40,40
1775574003.4387,39,40,40,39,39,38,40,40,39,40,40,40
1775574003.6390,39,40,40,39,39,38,40,40,39,40,40,40
1775574003.8392,39,40,40,39,39,38,39,40,40,40,40,40
1775574004.0395,39,40,40,39,39,38,40,40,39,40,40,40
1775574004.2397,39,40,40,39,39,38,40,40,39,40,40,40
1775574004.4401,39,40,40,39,39,38,40,40,39,40,40,40
1775574004.6404,39,40,40,39,39,38,40,40,39,40,40,40
1775574004.8406,39,40,40,39,39,38,39,40,39,40,40,40
1775574005.0410,40,40,40,39,39,38,40,40,39,40,40,40
1775574005.2413,39,40,40,39,39,38,40,40,39,40,40,40
1775574005.4417,39,40,40,39,39,38,39,40,39,40,40,40
1775574005.6421,39,40,40,39,39,38,40,40,39,40,40,40
1775574005.8424,40,40,40,39,39,38,40,40,39,40,40,40
1775574006.0428,39,40,40,39,39,38,40,40,39,40,40,40
1775574006.2430,39,40,40,39,39,38,40,40,39,40,40,40
1775574006.4433,39,40,40,39,39,38,40,40,39,40,40,40
1775574006.6436,39,40,40,39,39,38,40,40,39,40,40,40
1775574006.8438,39,40,40,39,39,38,40,40,39,40,40,40
1775574007.0443,39,40,40,39,39,38,40,40,39,40,40,40
1775574007.2446,39,40,40,39,39,38,40,40,39,40,40,40
1775574007.4448,39,40,40,39,39,38,40,40,39,40,40,40
1775574007.6455,39,40,40,39,39,38,40,40,39,40,40,40
1775574007.8459,40,40,40,39,39,38,40,40,39,40,40,40
1775574008.0462,39,40,40,39,39,38,40,40,39,40,40,40
1775574008.2473,39,40,40,39,39,38,40,40,40,40,40,40
1775574008.4475,39,40,40,39,39,38,40,40,39,40,40,40
1775574008.6479,39,40,40,39,39,38,40,40,39,40,40,40
1775574008.8483,39,40,40,39,39,38,40,40,39,40,40,40
1775574009.0485,39,40,40,39,39,38,40,40,40,40,40,40
1775574009.2488,39,40,40,39,39,38,40,40,39,40,40,40
1775574009.4490,39,40,40,39,39,38,40,40,39,40,40,40
1775574009.6493,39,40,40,39,39,38,40,40,39,40,40,40
1775574009.8497,39,40,40,39,39,38,40,40,39,40,40,40
1775574010.0499,39,40,40,39,39,38,40,40,39,40,40,40
1775574010.2503,39,40,40,39,39,38,40,40,39,40,40,40
1775574010.4507,39,40,40,39,39,38,40,40,40,40,40,40
1775574010.6509,39,40,40,39,39,38,40,40,39,40,40,40
1775574010.8512,39,40,40,39,39,38,40,40,39,40,40,40
1775574011.0515,39,40,40,39,39,38,40,40,39,40,40,40
1775574011.2538,39,40,40,39,39,38,40,40,39,40,40,40
1775574011.4542,39,40,40,39,39,38,40,40,40,40,40,40
1775574011.6545,40,40,40,39,39,38,40,40,39,40,40,40
1775574011.8548,39,40,40,39,39,38,40,40,39,40,40,40
1775574012.0552,39,40,40,39,39,38,40,40,40,40,40,40
1775574012.2564,39,40,40,39,39,38,40,40,39,40,40,40
1775574012.4567,39,40,40,39,39,38,40,40,39,40,40,40
1775574012.6569,39,40,40,39,39,38,40,40,40,40,40,40
1775574012.8572,39,40,40,39,39,38,40,40,39,40,40,40
1775574013.0574,39,40,40,39,39,38,40,40,39,40,40,40
1775574013.2577,40,40,40,39,39,38,40,40,39,40,40,40
1775574013.4582,39,40,40,39,39,38,40,40,40,40,40,40
1775574013.6586,39,40,40,39,39,38,40,40,39,40,40,40
1775574013.8590,40,40,40,39,39,38,40,40,39,40,40,40
1775574014.0595,39,40,40,39,39,38,40,40,39,40,40,40
1775574014.2597,39,40,40,39,39,38,40,40,39,40,40,40
1775574014.4600,39,40,40,39,39,38,40,40,39,40,40,40
1775574014.6611,39,40,40,39,39,38,40,40,39,40,40,40
1775574014.8614,39,40,40,39,39,38,40,40,40,40,40,40
1775574015.0617,39,40,40,39,39,38,40,40,39,40,40,40
1775574015.2620,39,40,40,39,39,38,40,40,39,40,40,40
1775574015.4624,39,40,40,39,39,38,40,40,39,40,40,40
1775574015.6627,40,40,40,39,39,38,40,40,39,40,40,40
1775574015.8630,39,40,40,39,39,38,40,40,39,40,40,40
1775574016.0633,39,40,40,39,39,38,40,40,39,40,40,40
1775574016.2635,39,40,40,39,39,38,40,40,39,40,40,40
1775574016.4639,39,40,40,39,39,38,40,40,39,40,40,40
1775574016.6641,40,40,40,39,39,38,40,40,39,40,40,40
1775574016.8644,39,41,40,39,39,39,40,40,40,40,40,40
1775574017.0647,39,40,40,39,39,38,40,40,39,40,40,40
1775574017.2650,39,40,40,39,39,38,40,40,39,40,40,40
1775574017.4652,39,40,40,39,39,38,40,40,39,40,40,40
1775574017.6656,39,40,40,39,39,38,40,40,39,40,40,40
1775574017.8660,39,40,40,39,39,38,40,40,39,40,40,40
1775574018.0664,39,40,40,39,39,38,40,40,39,40,40,40
1775574018.2667,39,40,40,39,39,38,40,40,40,40,40,40
1775574018.4670,39,40,40,39,39,38,40,40,39,40,40,40
1775574018.6673,39,40,40,39,39,38,40,40,39,40,40,40
1775574018.8676,39,41,40,39,39,38,40,40,39,40,40,40
1775574019.0679,40,41,40,39,39,38,40,40,39,40,40,40
1775574019.2682,40,40,40,39,39,38,40,40,39,40,40,40
1775574019.4687,39,40,40,39,39,38,40,40,39,40,40,40
1775574019.6690,39,40,40,39,39,38,40,40,39,40,40,40
1775574019.8692,39,40,40,39,39,38,40,40,39,40,40,40
1775574020.0695,39,40,40,39,39,38,40,40,39,40,40,40
1775574020.2697,39,41,40,39,39,38,40,40,40,40,40,40
1775574020.4700,39,40,40,39,39,38,40,40,39,40,40,40
1775574020.6703,39,40,40,39,39,39,40,40,40,40,40,40
1775574020.8706,39,40,40,39,39,38,40,40,39,40,40,40
1775574021.0711,39,40,40,39,39,39,40,40,39,40,40,40
1775574021.2715,40,40,40,39,39,38,40,40,40,40,40,40
1775574021.4718,39,40,40,39,39,38,40,40,40,40,40,40
1775574021.6720,39,40,40,39,39,38,40,40,39,40,40,40
1775574021.8723,39,40,40,39,39,38,40,40,40,40,40,40
1775574022.0729,40,40,40,39,39,38,40,40,39,40,40,40
1775574022.2735,39,41,40,39,39,38,40,40,39,40,40,40
1775574022.4738,40,40,40,39,39,38,40,40,39,40,40,40
1775574022.6744,39,40,40,39,39,38,40,40,40,40,40,40
1775574022.8749,39,40,40,39,39,38,40,40,39,40,40,40
1775574023.0753,39,41,40,39,39,38,40,40,40,40,40,40
1775574023.2762,39,41,40,39,39,39,40,40,39,40,40,40
1775574023.4767,40,40,40,39,39,38,40,40,40,40,40,40
1775574023.6771,39,41,40,39,39,39,40,40,40,40,40,40
1775574023.8776,40,40,40,39,39,39,40,40,39,40,40,40
1775574024.0779,40,40,40,39,39,38,40,40,39,40,40,40
1775574024.2782,39,40,40,39,39,39,40,40,40,40,40,40
1775574024.4786,39,40,40,39,39,39,40,40,40,40,40,40
1775574024.6793,39,41,40,39,39,39,40,40,40,40,40,40
1775574024.8797,39,41,40,39,39,38,40,40,40,40,40,40
1775574025.0800,39,41,40,39,39,39,40,40,40,40,40,40
1775574025.2803,39,40,40,39,39,39,40,40,40,40,40,40
1775574025.4806,39,41,40,39,39,38,40,40,39,40,40,40
1775574025.6808,39,41,40,39,39,39,40,40,40,40,40,40
1775574025.8811,39,41,40,39,39,38,40,40,39,40,40,40
1775574026.0814,39,40,40,39,39,38,40,40,40,40,40,40
1775574026.2816,39,41,40,39,39,39,40,40,40,40,40,40
1775574026.4819,40,40,40,39,39,39,40,40,40,40,40,40
1775574026.6822,39,41,40,39,39,39,40,40,39,40,40,40
1775574026.8824,39,41,40,39,39,38,40,40,40,40,40,40
1775574027.0829,39,41,40,39,39,38,40,40,39,40,40,40
1775574027.2831,39,41,40,39,39,38,40,40,39,40,40,40
1775574027.4837,39,41,40,39,39,39,40,40,39,40,40,40
1775574027.6840,39,41,40,39,39,39,40,40,40,40,40,40
1775574027.8842,39,41,40,39,39,39,40,41,39,40,40,40
1775574028.0846,39,40,40,39,39,38,40,40,40,40,40,40
1775574028.2850,39,41,40,39,39,39,40,40,40,40,40,40
1775574028.4853,39,41,40,39,39,38,40,40,40,40,40,40
1775574028.6858,39,41,40,39,39,39,40,41,40,40,40,40
1775574028.8867,40,41,40,39,39,39,40,40,40,40,40,40
1775574029.0874,40,41,40,39,39,39,40,41,39,40,40,40
1775574029.2877,39,41,40,39,39,39,40,40,39,40,40,40
1775574029.4879,39,41,40,39,39,39,40,40,40,40,40,40
1775574029.6882,39,41,40,39,39,38,40,41,40,40,40,40
1775574029.8887,39,41,40,39,39,39,40,40,40,40,40,40
1775574030.0892,39,41,40,39,39,39,40,41,39,40,40,40
1775574030.2902,40,41,40,39,39,39,40,40,40,40,40,40
1775574030.4918,39,41,40,39,39,38,40,41,39,40,40,40
1775574030.6924,39,41,40,39,39,39,40,41,40,40,40,40
1775574030.8926,39,41,40,39,39,39,40,41,40,40,40,40
1775574031.0929,39,41,40,39,39,39,40,40,40,40,40,40
1775574031.2934,40,41,40,39,39,39,40,40,40,40,40,40
1775574031.4940,39,41,40,39,39,39,40,40,40,40,40,40
1775574031.6942,39,41,40,39,39,39,40,41,40,40,40,40
1775574031.8945,40,41,40,39,39,39,40,40,40,40,40,40
1775574032.0948,39,41,40,39,39,39,40,40,40,40,40,40
1775574032.2951,39,41,40,39,39,39,40,40,40,40,40,40
1775574032.4956,39,41,40,39,39,39,40,40,40,40,40,40
1775574032.6960,39,41,40,39,39,39,40,41,40,40,40,40
1775574032.8962,40,41,40,39,39,39,40,40,40,40,40,40
1775574033.0965,39,41,40,39,39,39,40,40,40,40,40,40
1775574033.2967,39,41,40,39,39,39,40,41,40,40,40,40
1775574033.4970,39,41,40,39,39,39,40,40,39,40,40,40
1775574033.6973,40,41,40,39,39,39,40,41,40,40,40,40
1775574033.8977,39,41,40,39,39,39,40,41,40,40,40,40
1775574034.0980,39,41,40,39,39,39,40,41,40,40,40,40
1775574034.2982,39,41,40,39,39,39,40,41,40,40,40,40
1775574034.4985,39,41,40,39,39,39,40,40,40,40,40,40
1775574034.6988,39,41,40,39,39,39,40,41,40,40,40,40
1775574034.8990,39,41,40,39,39,39,40,41,40,40,40,40
1775574035.0993,39,41,40,39,39,39,40,41,40,40,40,40
1775574035.2995,39,41,40,39,39,39,40,40,40,40,40,40
1775574035.4998,39,41,40,39,39,39,40,40,39,40,40,40
1775574035.7001,39,41,40,39,39,39,40,40,40,40,40,40
1775574035.9003,39,41,40,39,39,39,40,41,40,40,40,40
1775574036.1008,39,41,40,39,39,39,40,41,40,40,40,40
1775574036.3011,39,41,40,39,39,39,40,41,40,40,40,40
1775574036.5013,39,41,40,39,39,39,40,41,40,40,40,40
1775574036.7016,39,41,40,39,39,39,40,41,40,40,40,40
1775574036.9018,40,41,40,39,39,39,40,41,40,40,40,40
1775574037.1021,40,41,40,39,39,39,40,41,40,40,40,40
1775574037.3029,40,41,40,39,39,39,40,41,40,40,40,40
1775574037.5031,39,41,40,39,39,39,40,40,40,40,40,40
1775574037.7034,40,41,40,39,39,39,40,41,40,40,40,40
1775574037.9115,39,41,40,39,39,39,40,41,40,40,40,40
1775574038.1118,40,41,40,39,39,39,40,41,40,40,40,40
1775574038.3129,39,41,40,39,39,39,40,41,40,40,40,40
1775574038.5132,39,41,40,39,39,39,40,41,40,40,40,40
1775574038.7138,39,41,40,39,39,39,40,40,40,40,40,40
1775574038.9141,39,41,40,39,39,39,40,41,40,40,40,40
1775574039.1145,39,41,40,39,39,39,40,41,40,40,40,40
1775574039.3147,39,41,40,39,39,39,40,41,40,40,40,40
1775574039.5151,40,41,40,39,39,39,40,41,40,40,40,40
1775574039.7154,40,41,40,39,39,39,40,41,40,40,40,40
1775574039.9162,39,41,40,39,39,39,40,41,40,40,40,40
1775574040.1165,39,41,40,39,39,39,40,41,40,40,40,40
1775574040.3167,40,41,40,39,39,39,40,41,40,40,40,40
1775574040.5171,40,41,40,39,39,39,40,41,40,40,40,40
1775574040.7173,40,41,40,39,39,39,40,41,40,40,40,40
1775574040.9176,39,41,40,39,39,39,40,40,40,40,40,40
1775574041.1182,40,41,40,39,39,39,40,41,40,40,40,40
1775574041.3188,40,41,40,39,39,39,40,41,40,40,40,40
1775574041.5197,39,41,40,39,39,39,40,41,40,40,40,40
1775574041.7205,40,41,40,39,39,39,40,41,40,40,40,40
1775574041.9208,39,41,40,39,39,39,40,41,40,40,40,40
1775574042.1216,40,41,40,39,39,39,40,41,40,40,40,40
1775574042.3218,39,41,40,39,39,39,40,41,40,40,40,40
1775574042.5222,40,41,40,39,39,39,40,41,40,40,40,40
1775574042.7225,40,41,40,39,39,39,40,41,40,40,40,40
1775574042.9230,40,41,40,39,39,39,40,41,40,40,40,40
1775574043.1242,40,41,40,39,39,39,40,41,40,40,40,40
1775574043.3250,40,41,40,39,39,39,40,41,40,40,40,40
1775574043.5253,40,41,40,39,39,39,40,41,40,40,40,40
1775574043.7257,40,41,40,39,39,39,40,41,40,40,40,40
1775574043.9263,40,41,40,39,39,39,40,41,40,40,40,40
1775574044.1268,40,41,40,39,39,39,40,41,40,40,40,40
1775574044.3277,40,41,40,39,39,39,40,41,40,40,40,40
1775574044.5286,40,41,40,39,39,39,40,41,40,40,40,40
1775574044.7291,40,41,40,39,39,39,40,41,40,40,40,40
1775574044.9299,40,41,40,39,39,39,40,41,40,40,40,40
1775574045.1309,39,41,40,39,39,39,40,41,40,40,40,40
1775574045.3326,40,41,40,39,39,39,40,41,40,40,40,40
1775574045.5335,40,41,40,39,39,39,40,41,40,40,40,40
1775574045.7338,40,41,40,39,39,39,40,41,40,40,40,40
1775574045.9341,40,41,40,39,39,39,40,41,40,40,40,40
1775574046.1346,40,41,40,39,39,39,40,41,40,40,40,40
1775574046.3350,40,41,40,39,39,39,40,41,40,40,40,40
1775574046.5355,40,41,40,39,39,39,40,41,40,40,40,40
1775574046.7362,40,41,40,39,39,39,40,41,40,40,40,40
1775574046.9369,40,41,40,39,39,39,40,41,40,40,40,40
1775574047.1372,40,41,40,39,39,39,40,41,40,40,40,40
1775574047.3376,40,41,40,39,39,39,40,41,40,40,40,40
1775574047.5379,40,41,40,39,39,39,40,41,40,40,40,40
1775574047.7381,40,41,40,39,39,39,40,41,40,40,40,40
1775574047.9384,40,41,40,39,39,39,40,41,40,40,40,40
1775574048.1386,40,41,40,39,39,39,40,41,40,40,40,40
1775574048.3394,40,41,40,39,39,39,40,41,40,40,40,40
1775574048.5402,40,41,40,39,39,39,40,41,40,40,40,40
1775574048.7405,40,41,40,39,39,39,40,41,40,40,40,40
1775574048.9408,40,41,40,39,39,39,40,41,40,40,40,40
1775574049.1411,40,41,40,39,39,39,40,41,40,40,40,40
1775574049.3414,40,41,40,39,39,39,40,41,40,40,40,40
1775574049.5416,40,41,40,39,39,39,40,41,40,40,40,40
1775574049.7419,40,41,40,39,39,39,40,41,40,40,40,40
1775574049.9422,40,41,40,39,39,39,40,41,40,40,40,40
1775574050.1425,40,41,40,39,39,39,40,41,40,40,40,40
1775574050.3427,40,41,40,39,39,39,40,41,40,41,40,40
1775574050.5430,40,41,40,39,39,39,40,41,40,40,40,40
1775574050.7433,40,41,40,39,39,39,40,41,40,40,40,40
1775574050.9436,40,41,40,39,39,39,40,41,40,40,40,40
1775574051.1471,39,41,40,39,39,39,40,41,40,40,40,40
1775574051.3473,40,41,40,39,39,39,40,41,40,40,40,40
1775574051.5487,40,41,40,39,39,39,40,41,40,40,40,40
1775574051.7490,40,41,40,39,39,39,40,41,40,40,40,40
1775574051.9493,40,41,40,39,39,39,40,41,40,40,40,40
1775574052.1497,40,41,40,39,39,39,40,41,40,40,40,40
1775574052.3500,40,41,40,39,39,39,40,41,40,40,40,40
1775574052.5503,40,41,40,39,39,39,40,41,40,40,40,40
1775574052.7505,40,41,40,39,39,39,40,41,40,40,40,40
1775574052.9509,40,41,40,39,39,39,40,41,40,40,40,40
1775574053.1510,40,41,40,39,39,39,40,41,40,40,40,40
1775574053.3515,39,41,40,39,39,39,40,41,40,40,40,40
1775574053.5518,40,41,40,39,39,39,40,41,40,40,40,40
1775574053.7520,40,41,40,39,39,39,40,41,40,40,40,40
1775574053.9523,40,41,40,39,39,39,40,41,40,40,40,40
1775574054.1526,40,41,40,39,39,39,40,41,40,40,40,40
1775574054.3528,40,41,40,39,39,39,40,41,40,40,40,40
1775574054.5532,40,41,40,39,39,39,40,41,40,40,40,40
1775574054.7534,40,41,40,39,39,39,40,41,40,40,40,40
1775574054.9537,40,41,40,39,39,39,40,41,40,40,40,40
1775574055.1540,40,41,40,39,39,39,40,41,40,40,40,40
1775574055.3544,40,41,40,39,39,39,40,41,40,40,40,40
1775574055.5548,40,41,40,39,39,39,40,41,40,40,40,40
1775574055.7557,40,41,40,39,39,39,40,41,40,40,40,40
1775574055.9563,40,41,40,39,39,39,40,41,40,40,40,40
1775574056.1567,40,41,40,39,39,39,40,41,40,40,40,40
1775574056.3571,40,41,40,39,39,39,40,41,40,40,40,40
1775574056.5574,40,41,40,39,39,39,40,41,40,40,40,40
1775574056.7577,40,41,40,39,39,39,40,41,40,40,40,40
1775574056.9579,40,41,40,39,39,39,40,41,40,40,40,40
1775574057.1587,40,41,40,39,39,39,40,41,40,40,40,40
1775574057.3590,40,41,40,39,39,39,40,41,40,40,40,40
1775574057.5593,40,41,40,39,39,39,40,41,40,40,40,40
1775574057.7596,40,41,40,39,39,39,40,41,40,40,40,40
1775574057.9629,40,41,41,39,39,39,40,41,40,40,40,40
1775574058.1631,40,41,40,39,39,39,40,41,40,40,40,40
1775574058.3634,40,41,40,39,39,39,40,41,40,40,40,40
1775574058.5655,40,41,41,39,39,39,40,41,40,40,40,40
1775574058.7658,40,41,41,39,39,39,40,41,40,40,40,40
1775574058.9662,40,41,41,39,39,39,40,41,40,40,40,40
1775574059.1666,40,41,41,39,39,39,40,41,40,40,40,40
1775574059.3668,39,41,41,39,39,39,40,41,40,40,40,40
1775574059.5671,40,41,41,39,39,39,40,41,40,40,40,40
1775574059.7673,40,41,41,39,39,39,40,41,40,40,40,40
1775574059.9680,40,41,41,39,39,39,40,41,40,40,40,40
1775574060.1683,40,41,41,39,39,39,40,41,40,40,40,40
1775574060.3691,40,41,41,39,39,39,40,41,40,41,40,40
1775574060.5694,40,41,41,39,39,39,40,41,40,40,40,40
1775574060.7697,40,41,41,39,39,39,40,41,40,40,40,40
1775574060.9702,40,41,41,39,39,39,40,41,40,41,40,40
1775574061.1704,39,41,41,39,39,39,40,41,40,40,40,40
1775574061.3724,40,41,41,39,39,39,40,41,40,40,40,40
1775574061.5728,40,41,41,39,39,39,40,41,40,40,40,40
1775574061.7733,40,41,41,39,39,39,40,41,41,40,40,40
1775574061.9742,40,41,41,39,39,39,40,41,40,40,40,40
1775574062.1744,40,41,41,39,39,39,40,41,40,40,40,40
1775574062.3748,40,41,41,39,39,39,40,41,40,40,40,40
1775574062.5750,40,41,41,39,39,39,40,41,40,41,40,40
1775574062.7756,40,41,41,39,39,39,40,41,40,40,40,40
1775574062.9760,40,41,41,39,39,39,40,41,41,40,40,40
1775574063.1763,40,41,41,39,39,39,40,41,41,41,40,40
1775574063.3769,40,41,41,39,39,39,40,41,41,40,40,40
1775574063.5773,40,41,41,39,40,39,40,41,41,40,40,40
1775574063.7775,40,41,41,39,39,39,40,41,41,40,40,40
1775574063.9779,40,41,41,39,40,39,40,41,41,40,40,40
1775574064.1786,40,41,41,39,40,39,40,41,41,40,40,40
1775574064.3789,40,41,41,39,40,39,40,41,41,40,40,40
1775574064.5795,40,41,41,39,40,39,40,41,41,40,40,40
1775574064.7798,40,41,41,39,40,39,40,41,41,40,40,40
1775574064.9800,40,41,41,39,39,39,40,41,41,40,40,40
1775574065.1803,40,41,41,39,39,39,40,41,41,40,40,40
1775574065.3806,40,41,41,39,39,39,40,41,41,40,40,40
1775574065.5809,40,41,41,39,40,40,40,41,41,41,40,40
1775574065.7811,40,41,41,39,39,39,40,41,41,40,40,40
1775574065.9814,40,41,41,39,39,39,40,41,41,40,40,40
1775574066.1819,40,41,41,39,40,39,40,41,41,40,40,40
1775574066.3821,40,41,41,39,39,39,41,41,41,41,40,40
1775574066.5824,40,41,41,39,40,39,40,41,41,40,40,40
1775574066.7826,40,41,41,39,40,39,40,41,41,40,40,40
1775574066.9829,40,41,42,39,39,39,40,41,41,40,40,40
1775574067.1902,40,41,41,39,40,39,40,41,41,40,40,40
1775574067.3904,40,41,42,39,39,39,40,41,41,41,40,40
1775574067.5909,40,41,41,39,39,39,40,41,41,41,40,40
1775574067.7913,40,41,41,39,39,39,40,41,41,40,40,40
1775574067.9915,39,41,41,39,40,39,40,41,41,41,40,40
1775574068.1918,40,41,42,39,40,39,40,41,41,40,40,40
1775574068.3920,40,41,42,39,40,39,41,41,41,40,40,40
1775574068.5924,40,41,42,39,39,39,40,41,41,40,40,40
1775574068.7934,40,41,42,39,39,39,40,41,41,40,40,40
1775574068.9937,40,41,42,39,40,39,40,41,41,40,40,40
1775574069.1939,40,41,42,39,39,39,40,41,41,41,40,40
1775574069.3942,40,41,42,39,39,39,40,41,41,41,40,40
1775574069.5946,40,41,42,39,40,39,41,42,41,40,40,40
1775574069.7949,40,41,42,39,40,39,40,41,41,40,40,40
1775574069.9950,40,41,42,39,39,39,41,41,41,40,40,40
1775574070.1956,40,41,42,39,40,39,40,41,41,40,40,40
1775574070.3959,40,41,42,39,40,39,40,41,41,40,40,40
1775574070.5967,40,41,42,39,40,39,40,41,41,40,40,40
1775574070.7970,39,41,42,39,40,39,40,41,41,40,40,40
1775574070.9974,40,41,42,39,40,39,40,41,41,40,40,40
1775574071.1976,40,41,42,39,40,39,40,41,41,40,40,40
1775574071.3979,40,41,42,39,40,39,40,41,41,40,40,40
1775574071.5987,40,41,42,39,40,39,40,41,42,40,40,40
1775574071.7990,40,41,42,39,40,39,41,42,42,40,40,41
1775574071.9994,40,41,42,39,40,39,41,41,42,40,40,40
1775574072.1996,40,41,42,39,40,39,41,41,42,40,40,40
1775574072.3999,40,41,42,39,39,39,41,41,42,40,40,41
1775574072.6004,40,41,42,39,40,39,41,41,42,40,40,41
1775574072.8026,40,41,42,39,40,39,41,41,42,40,40,41
1775574073.0028,40,41,42,39,40,39,41,41,42,40,40,41
1775574073.2031,40,41,42,39,40,39,41,42,42,40,40,41
1775574073.4034,40,41,42,40,39,39,41,42,42,40,40,41
1775574073.6047,40,41,42,39,40,39,41,42,42,40,40,41
1775574073.8054,40,41,42,40,40,39,41,42,42,40,40,41
1775574074.0057,40,41,42,39,39,39,40,42,42,40,40,41
1775574074.2067,40,41,42,39,39,39,40,42,42,40,40,41
1775574074.4095,40,41,42,39,40,39,41,42,42,40,40,41
1775574074.6102,40,41,42,39,40,40,40,42,42,40,40,41
1775574074.8107,40,41,42,39,40,40,41,42,42,40,40,41
1775574075.0113,40,41,42,39,40,40,41,42,42,40,40,41
1775574075.2124,40,41,42,39,40,40,41,42,42,40,40,41
1775574075.4129,40,41,42,39,40,40,41,42,42,40,40,41
1775574075.6131,40,41,42,39,40,40,41,42,42,40,40,41
1775574075.8134,40,41,42,39,39,40,41,42,42,40,40,41
1775574076.0138,40,41,42,39,40,40,40,42,42,40,40,41
1775574076.2142,40,41,42,39,40,40,40,42,42,40,40,41
1775574076.4145,40,41,42,39,40,40,41,42,42,40,40,41
1775574076.6148,39,41,42,39,40,40,41,42,42,40,40,41
1775574076.8155,40,41,42,39,40,40,41,42,42,40,40,41
1775574077.0166,40,41,42,39,40,40,41,42,42,40,40,41
1775574077.2178,40,41,42,39,39,40,41,42,42,41,40,41
1775574077.4230,40,41,42,39,40,40,41,42,42,40,40,41
1775574077.6234,40,41,42,39,40,40,40,42,42,40,40,41
1775574077.8238,40,41,42,39,40,40,41,42,42,40,40,41
1775574078.0245,40,41,42,39,40,40,41,42,42,40,40,41
1775574078.2248,40,41,42,39,40,40,41,42,42,40,40,41
1775574078.4251,39,41,42,39,40,40,41,42,42,40,40,41
1775574078.6258,40,41,43,39,40,40,41,42,42,40,40,41
1775574078.8261,40,41,42,39,40,40,41,42,42,40,40,41
1775574079.0264,40,41,43,39,40,40,41,42,42,40,40,41
1775574079.2266,40,41,43,39,40,40,41,42,42,40,40,41
1775574079.4269,40,41,43,39,40,40,41,42,42,40,40,41
1775574079.6272,39,41,43,39,40,40,41,42,42,40,40,41
1775574079.8274,40,41,43,39,40,40,41,42,42,40,40,41
1775574080.0277,39,41,43,39,40,40,41,42,42,40,40,41
1775574080.2281,40,41,43,39,40,40,41,42,42,40,40,41
1775574080.4284,40,41,43,39,40,40,41,42,42,40,40,41
1775574080.6286,40,41,43,39,40,40,41,42,42,40,40,41
1775574080.8294,40,41,43,39,40,40,41,42,42,40,40,41
1775574081.0298,40,41,43,39,40,40,40,42,42,41,40,41
1775574081.2301,39,41,43,39,40,40,41,42,42,40,40,41
1775574081.4304,40,41,43,39,40,40,41,42,42,40,40,41
1775574081.6309,40,41,43,39,40,40,40,42,42,40,40,41
1775574081.8311,40,41,43,39,40,40,40,42,42,40,40,41
1775574082.0314,40,41,43,39,40,40,40,42,42,40,40,41
1775574082.2322,40,41,43,39,40,40,40,42,42,40,40,41
1775574082.4325,40,41,43,39,40,40,41,42,42,40,40,41
1775574082.6328,40,41,43,39,40,40,41,42,42,40,40,41
1775574082.8330,40,41,43,39,40,40,41,42,42,40,40,41
1775574083.0334,40,41,43,39,40,40,40,42,42,40,40,41
1775574083.2339,40,41,43,39,40,40,41,42,42,40,40,41
1775574083.4341,40,41,43,39,40,40,41,42,42,40,40,41
1775574083.6357,40,41,43,39,40,40,41,42,42,40,40,41
1775574083.8361,40,41,43,40,40,40,41,42,42,40,40,41
1775574084.0368,39,41,43,39,40,40,40,42,42,40,40,41
1775574084.2371,40,41,43,39,40,40,41,42,42,40,40,41
1775574084.4375,40,41,43,39,40,40,41,42,42,40,40,41
1775574084.6382,40,41,43,39,40,40,41,42,42,40,40,41
1775574084.8384,40,41,43,39,40,40,41,42,42,40,40,41
1775574085.0387,40,41,43,39,40,40,41,42,42,40,40,41
1775574085.2391,40,41,43,39,40,40,41,42,43,40,40,41
1775574085.4394,39,41,43,39,40,40,41,42,42,40,40,41
1775574085.6402,40,41,43,39,40,40,41,42,42,40,40,41
1775574085.8414,40,41,43,39,40,40,41,42,42,40,40,41
1775574086.0436,40,41,43,39,40,40,41,42,42,40,40,41
1775574086.2438,40,41,43,39,40,40,41,42,42,40,40,41
1775574086.4443,40,41,43,39,40,40,41,42,42,40,40,41
1775574086.6454,40,41,43,39,40,40,41,42,42,41,40,41
1775574086.8456,39,41,43,39,40,40,41,42,42,40,40,41
1775574087.0460,40,41,43,39,40,40,41,42,42,40,40,41
1775574087.2463,40,41,43,39,40,40,41,42,42,40,40,41
1775574087.4465,40,41,43,39,40,40,41,42,42,40,40,41
1775574087.6468,40,41,43,39,40,40,41,42,42,40,40,41
1775574087.8476,40,41,43,39,40,40,41,42,42,41,40,41
1775574088.0479,39,41,43,39,40,40,41,42,42,40,40,41
1775574088.2481,40,41,43,39,40,40,41,42,42,40,40,41
1775574088.4484,40,41,43,39,40,40,41,42,42,40,40,41
1775574088.6490,39,41,43,39,40,40,41,42,42,40,40,41
1775574088.8492,40,41,43,40,40,40,40,42,42,40,40,41
1775574089.0499,40,41,43,39,40,40,41,42,42,40,40,41
1775574089.2506,39,41,43,39,40,40,41,42,42,40,40,41
1775574089.4513,40,41,43,39,40,40,41,42,42,41,40,41
1775574089.6540,39,41,43,39,40,40,41,43,42,40,40,41
1775574089.8545,39,41,43,39,40,40,41,43,43,40,40,41
1775574090.0552,40,41,43,39,40,40,41,42,42,40,40,41
1775574090.2554,40,41,43,39,40,40,41,42,42,41,40,41
1775574090.4558,40,41,43,39,40,40,41,42,42,41,40,41
1775574090.6562,40,41,43,39,40,40,41,42,42,40,40,41
1775574090.8570,40,41,43,39,40,40,41,42,43,40,40,41
1775574091.0576,40,41,43,39,40,40,41,43,42,40,40,41
1775574091.2578,40,41,43,39,40,40,41,43,43,40,40,41
1775574091.4582,40,41,43,39,40,40,41,43,42,40,40,41
1775574091.6585,40,41,43,39,40,40,41,43,43,40,40,41
1775574091.8589,40,41,43,40,40,40,41,43,43,41,40,41
1775574092.0598,40,41,43,39,40,40,41,43,43,40,40,41
1775574092.2605,40,41,43,39,40,40,41,43,43,41,40,41
1775574092.4610,40,41,43,39,40,40,41,43,43,41,40,41
1775574092.6632,40,41,43,39,40,40,41,43,43,41,40,41
1775574092.8639,40,41,43,39,40,40,41,43,43,41,40,41
1775574093.0645,40,41,43,39,39,40,41,43,43,41,40,41
1775574093.2648,39,41,43,39,40,40,41,43,43,40,40,41
1775574093.4651,40,41,43,39,40,40,41,43,43,40,40,41
1775574093.6656,40,41,43,39,40,40,41,43,43,40,40,41
1775574093.8659,40,41,43,40,40,40,41,43,43,41,40,41
1775574094.0662,40,41,43,39,40,40,41,43,43,40,40,41
1775574094.2664,40,41,43,40,40,40,41,43,43,40,40,41
1775574094.4667,40,41,43,39,40,40,41,43,43,40,40,41
1775574094.6669,40,41,43,39,40,40,41,43,43,41,40,41
1775574094.8671,39,41,43,40,40,40,41,43,43,41,40,41
1775574095.0673,39,41,43,40,40,40,41,43,43,40,40,41
1775574095.2676,39,41,43,40,40,40,41,43,43,40,40,41
1775574095.4679,40,41,43,40,40,40,41,43,43,40,40,41
1775574095.6682,40,41,43,39,40,40,41,43,43,40,40,41
1775574095.8686,40,41,43,39,40,40,41,43,43,40,40,41
1775574096.0689,40,41,43,39,40,40,41,43,43,41,40,41
1775574096.2692,40,41,43,39,40,40,41,43,43,40,40,41
1775574096.4695,40,41,43,40,40,40,41,43,43,40,40,41
1775574096.6698,39,41,43,40,40,40,41,43,43,40,40,41
1775574096.8700,39,41,43,40,40,40,41,43,43,40,40,41
1775574097.0704,40,41,43,39,40,40,41,43,43,41,40,41
1775574097.2707,40,41,43,39,40,40,41,43,43,40,40,41
1775574097.4712,40,41,43,39,39,40,41,43,43,40,40,41
1775574097.6715,40,41,43,40,40,40,41,43,43,41,40,41
1775574097.8718,40,41,43,39,40,40,41,43,43,40,40,41
1775574098.0734,40,41,43,40,40,40,41,43,43,41,40,41
1775574098.2736,40,41,43,40,40,40,41,43,43,41,40,41
1775574098.4751,40,41,43,40,40,40,41,43,43,40,40,41
1775574098.6753,40,41,43,40,40,40,41,43,43,40,40,41
1775574098.8756,40,41,43,40,40,40,41,43,43,41,40,41
1775574099.0814,40,41,43,40,40,40,41,43,43,41,40,41
1775574099.2826,39,41,43,39,40,40,41,43,43,40,40,41
1775574099.4852,40,41,43,39,40,41,41,43,43,40,40,41
1775574099.6907,40,41,43,39,40,41,41,43,43,40,40,41
1775574099.8931,40,41,43,39,40,40,41,43,43,41,40,41
1775574100.0934,39,41,43,40,40,41,41,43,43,40,40,41
1775574100.2937,40,41,43,40,40,41,41,43,43,40,40,41
1775574100.4939,39,41,43,40,40,41,41,43,43,40,40,41
1775574100.6943,40,41,43,40,40,41,41,43,43,41,40,41
1775574100.8947,40,41,43,40,40,41,41,43,43,40,40,41
1775574101.0950,40,41,43,40,40,41,41,43,43,40,40,41
1775574101.2955,40,41,43,40,39,41,41,43,43,40,40,41
1775574101.4957,40,41,43,40,40,41,41,43,43,40,40,41
1775574101.6960,40,41,43,40,40,41,41,43,43,40,40,41
1775574101.8963,39,41,43,40,40,41,41,43,43,41,40,41
1775574102.0965,40,41,43,39,40,41,41,43,43,41,40,41
1775574102.2968,40,41,43,40,40,41,41,43,43,40,40,41
1775574102.4970,40,41,43,40,40,41,41,43,43,41,40,41
1775574102.6973,40,41,43,40,40,41,41,43,43,40,40,41
1775574102.8977,40,41,43,40,40,41,41,43,43,40,40,41
1775574103.0983,40,41,43,39,40,41,41,43,43,41,40,41
1775574103.2987,39,41,43,40,40,41,41,43,43,41,40,41
1775574103.4993,40,41,43,40,40,41,41,43,43,40,40,41
1775574103.6997,39,41,43,40,40,41,41,43,43,40,40,41
1775574103.9018,40,41,43,40,40,41,41,43,43,40,40,41
1775574104.1023,40,41,43,40,40,41,41,43,43,40,40,41
1775574104.3025,40,41,43,40,40,41,41,43,43,40,40,41
1775574104.5031,40,41,43,40,40,41,41,43,43,40,40,41
1775574104.7039,40,41,43,40,40,41,41,43,43,40,40,41
1775574104.9053,39,41,43,40,40,41,41,43,43,40,40,41
1775574105.1055,40,41,43,39,40,41,41,43,43,40,40,41
1775574105.3058,40,41,43,40,40,41,41,43,43,40,40,41
1775574105.5066,40,41,43,40,40,41,41,43,43,40,40,41
1775574105.7074,40,42,43,40,40,41,41,44,43,40,40,41
1775574105.9086,40,42,43,40,40,41,41,44,43,40,40,41
1775574106.1089,39,42,43,39,40,41,41,44,43,40,40,41
1775574106.3091,40,42,43,39,40,41,41,44,43,40,40,41
1775574106.5097,39,42,43,39,40,41,41,44,43,40,40,41
1775574106.7101,40,42,43,40,40,41,41,44,43,40,40,41
1775574106.9105,40,42,43,40,40,41,41,44,43,40,40,41
1775574107.1113,40,42,43,40,40,41,41,44,43,40,40,41
1775574107.3118,40,42,43,39,40,41,41,44,43,40,40,41
1775574107.5121,40,42,43,40,40,41,41,44,43,40,40,41
1775574107.7125,40,42,43,39,40,41,41,44,43,40,40,41
1775574107.9130,40,42,43,40,40,41,41,44,43,40,40,41
1775574108.1133,40,42,43,40,40,41,41,44,43,40,40,41
1775574108.3136,40,42,43,39,40,41,41,44,43,41,40,41
1775574108.5139,40,42,43,40,40,41,41,44,43,41,40,41
1775574108.7142,40,42,43,40,40,41,41,44,43,40,40,41
1775574108.9146,40,42,43,39,40,41,41,44,43,40,40,41
1775574109.1156,40,42,43,40,40,41,41,44,43,40,40,41
1775574109.3171,40,42,43,39,40,41,41,44,43,40,40,41
1775574109.5175,40,42,43,39,40,41,41,44,43,40,40,41
1775574109.7178,40,42,43,40,40,41,41,44,43,40,40,41
1775574109.9180,40,42,43,40,40,41,41,44,43,40,40,41
1775574110.1183,40,42,43,40,40,41,41,44,43,40,40,41
1775574110.3186,40,42,43,40,40,41,41,44,43,40,40,41
1775574110.5189,40,42,43,40,40,41,41,44,43,40,40,41
1775574110.7191,40,42,43,39,40,41,41,44,43,40,40,41
1775574110.9194,40,42,44,40,40,41,41,44,43,40,40,41
1775574111.1202,40,42,43,40,40,41,41,44,43,40,40,41
1775574111.3214,40,42,43,39,40,41,41,44,43,40,40,41
1775574111.5216,40,42,43,40,40,41,41,45,43,40,40,41
1775574111.7220,40,42,44,40,40,41,41,44,43,40,40,41
1775574111.9225,40,42,44,39,40,41,41,45,43,40,40,41
1775574112.1228,40,42,44,39,40,41,41,45,43,40,40,41
1775574112.3230,40,42,44,39,40,41,41,45,43,40,40,41
1775574112.5234,40,42,44,40,40,41,41,45,43,40,40,41
1775574112.7237,39,42,44,39,40,41,41,45,43,41,40,41
1775574112.9240,40,42,44,40,40,41,41,45,43,40,40,41
1775574113.1256,40,42,43,40,40,41,41,45,43,40,40,41
1775574113.3263,40,42,44,40,40,41,41,45,43,40,40,41
1775574113.5265,40,42,44,40,40,41,41,45,43,40,40,41
1775574113.7268,40,42,44,39,40,41,41,45,43,40,40,41
1775574113.9271,40,42,44,40,40,41,41,45,43,40,40,41
1775574114.1274,40,42,44,39,40,41,41,45,43,41,40,41
1775574114.3277,40,42,44,39,40,41,41,45,43,41,40,41
1775574114.5280,40,42,44,40,40,41,41,45,43,41,40,41
1775574114.7284,39,43,44,40,40,41,41,45,43,41,40,41
1775574114.9287,40,42,44,40,40,41,41,45,43,41,40,41
1775574115.1290,40,42,44,39,40,41,41,45,43,40,40,41
1775574115.3292,40,42,44,40,40,41,41,45,43,40,40,41
1775574115.5295,40,43,44,40,40,41,41,45,43,40,40,41
1775574115.7298,39,43,44,40,40,41,41,45,43,40,40,41
1775574115.9302,40,42,44,40,40,41,41,45,43,40,40,41
1775574116.1305,40,43,44,40,40,41,41,45,43,41,40,41
1775574116.3308,40,42,44,40,40,41,41,45,43,40,40,41
1775574116.5315,40,43,44,40,40,41,41,45,43,41,40,41
1775574116.7317,40,43,44,40,40,41,41,45,43,40,40,41
1775574116.9320,40,43,44,39,40,41,41,45,43,41,40,41
1775574117.1323,40,43,44,40,40,41,41,45,43,40,40,41
1775574117.3328,40,43,44,40,40,41,41,45,43,41,40,41
1775574117.5332,40,43,44,40,40,41,41,45,43,40,40,41
1775574117.7336,40,43,44,39,40,41,41,45,43,40,40,41
1775574117.9340,40,43,44,40,40,41,41,45,43,40,40,41
1775574118.1342,40,42,44,39,40,41,41,45,43,40,40,41
1775574118.3345,40,43,44,40,40,41,41,45,43,40,40,41
1775574118.5349,40,43,44,40,40,41,41,45,43,40,40,41
1775574118.7350,40,43,44,40,40,41,41,45,43,40,40,41
1775574118.9353,40,43,44,39,40,41,41,45,43,40,40,41
1775574119.1355,40,43,44,39,40,41,41,45,43,41,40,41
1775574119.3358,40,42,44,39,40,41,41,45,43,40,40,41
1775574119.5363,40,43,44,39,40,41,41,45,43,40,40,41
1775574119.7365,40,43,44,40,40,41,41,45,43,41,40,41
1775574119.9368,40,43,44,40,40,41,41,45,43,40,40,41
1775574120.1370,40,43,44,40,40,41,41,45,43,40,40,41
1775574120.3375,40,43,44,40,40,41,41,45,43,40,40,41
1775574120.5377,40,43,44,39,40,41,41,45,43,40,40,41
1775574120.7380,40,43,44,39,40,41,41,45,43,41,40,41
1775574120.9386,40,43,44,40,40,41,41,45,43,41,40,41
1775574121.1389,40,42,44,40,40,41,41,45,43,40,40,41
1775574121.3392,40,43,44,39,40,41,41,45,43,40,40,41
1775574121.5395,40,43,44,39,40,41,41,45,43,40,40,41
1775574121.7400,40,42,44,40,40,41,41,45,43,40,40,41
1775574121.9403,40,43,44,39,40,41,41,45,43,40,40,41
1775574122.1407,40,43,44,39,40,41,41,45,43,41,40,41
1775574122.3409,40,43,44,39,40,41,41,45,43,40,40,41
1775574122.5414,40,43,44,39,40,41,41,45,43,41,40,41
1775574122.7418,40,42,44,39,40,41,41,45,43,41,40,41
1775574122.9420,40,42,44,39,40,41,41,45,43,41,41,41
1775574123.1423,40,43,44,40,40,41,41,45,43,41,40,41
1775574123.3425,40,43,44,39,40,41,41,45,43,40,40,41
1775574123.5430,40,43,44,39,40,41,41,45,43,40,40,41
1775574123.7434,40,42,44,39,40,41,41,45,44,40,41,41
1775574123.9436,40,43,44,39,40,41,41,45,43,41,40,41
1775574124.1439,40,43,44,39,40,41,41,45,43,41,40,41
1775574124.3441,40,43,44,40,40,41,41,45,43,40,40,41
1775574124.5445,40,42,44,40,40,41,41,45,43,40,40,41
1775574124.7448,40,42,44,39,40,41,41,45,43,41,40,41
1775574124.9453,40,42,44,39,40,41,41,45,43,40,40,41
1775574125.1458,40,42,44,39,40,41,41,45,43,41,40,41
1775574125.3460,40,42,44,39,40,41,41,45,43,40,40,41
1775574125.5463,40,43,44,39,40,41,41,45,43,41,40,41
1775574125.7467,40,42,44,39,40,41,41,45,43,41,40,41
1775574125.9492,40,42,44,39,40,41,41,45,43,41,40,41
1775574126.1497,40,43,44,39,40,41,41,45,43,41,40,41
1775574126.3499,40,42,44,39,40,41,41,45,43,40,40,41
1775574126.5516,40,43,44,39,40,41,41,45,43,40,40,41
1775574126.7520,40,43,44,40,40,41,41,45,44,40,40,41
1775574126.9531,40,42,44,39,40,41,41,45,43,41,40,41
1775574127.1534,40,42,44,39,40,41,41,45,43,40,40,41
1775574127.3536,40,43,44,39,40,41,41,45,44,41,40,41
1775574127.5539,40,42,44,39,40,41,41,45,43,40,41,41
1775574127.7543,40,42,44,39,40,41,41,45,44,40,40,41
1775574127.9547,40,42,44,39,40,41,41,45,44,41,40,41
1775574128.1556,40,42,44,39,40,41,41,45,44,40,40,41
1775574128.3560,40,42,44,40,40,41,41,45,44,40,40,41
1775574128.5563,40,42,44,39,40,41,41,45,44,40,40,41
1775574128.7566,40,42,44,39,40,41,41,45,44,41,40,41
1775574128.9572,40,42,44,39,40,41,41,45,43,41,40,41
1775574129.1576,40,42,44,40,40,41,41,45,44,41,40,41
1775574129.3642,40,42,44,39,40,41,41,45,44,41,40,41
1775574129.5647,40,42,44,39,40,41,41,45,44,41,40,41
1775574129.7655,40,42,44,39,40,41,41,45,44,41,40,41
1775574129.9657,40,42,44,39,40,41,41,45,44,40,40,41
1775574130.1661,40,42,44,39,40,41,41,45,44,40,40,41
1775574130.3665,40,42,44,39,40,41,41,45,44,41,40,41
1775574130.5671,40,42,44,39,40,41,41,45,44,41,40,41
1775574130.7674,40,42,44,39,40,41,41,45,44,40,40,41
1775574130.9678,40,42,44,39,40,41,41,45,44,40,40,41
1775574131.1684,40,42,44,39,40,41,41,45,44,40,40,41
1775574131.3687,40,42,44,39,40,41,41,45,44,41,41,41
1775574131.5689,40,42,44,39,40,41,41,45,44,40,40,41
1775574131.7695,40,42,44,39,40,41,41,45,44,41,40,41
1775574131.9698,40,42,44,39,40,42,41,45,44,41,40,41
1775574132.1702,40,42,44,39,40,41,41,45,44,41,40,41
1775574132.3705,40,42,44,39,40,41,41,45,44,41,40,41
1775574132.5708,40,42,44,39,40,41,41,45,44,40,40,41
1775574132.7713,40,42,44,39,40,41,41,45,44,41,40,41
1775574132.9717,40,42,44,40,40,41,41,45,44,41,40,41
1775574133.1720,40,42,44,39,40,41,41,45,44,41,40,41
1775574133.3723,40,42,44,39,40,41,41,45,44,40,40,41
1775574133.5726,40,42,44,39,40,42,41,45,44,41,40,41
1775574133.7729,40,42,44,39,40,41,41,45,44,40,40,41
1775574133.9734,40,42,44,39,40,42,41,45,44,40,41,41
1775574134.1737,40,42,44,39,40,42,41,45,44,40,40,41
1775574134.3740,40,42,44,39,40,41,41,45,44,41,41,41
1775574134.5743,40,42,44,39,40,41,41,45,44,41,40,41
1775574134.7746,40,42,44,39,40,41,41,45,44,40,40,41
1775574134.9749,40,42,44,39,40,42,41,45,44,40,40,41
1775574135.1754,40,42,44,39,40,41,41,45,44,41,41,41
1775574135.3757,40,42,44,39,40,41,41,45,44,40,40,41
1775574135.5766,40,42,44,39,40,41,41,45,44,41,40,41
1775574135.7771,40,42,44,39,40,41,41,45,44,40,40,41
1775574135.9774,40,42,44,39,40,42,41,45,44,41,40,41
1775574136.1777,40,42,44,39,40,41,41,45,44,41,40,41
1775574136.3780,40,42,44,39,40,41,41,45,44,41,40,41
1775574136.5794,40,42,44,39,40,42,41,45,44,41,40,41
1775574136.7795,40,42,44,39,40,42,41,45,44,41,40,41
1775574136.9798,40,42,44,39,40,42,41,45,44,40,40,41
1775574137.1806,40,42,44,39,40,41,41,45,44,41,41,41
1775574137.3810,40,42,44,39,40,41,41,45,44,41,40,41
1775574137.5813,40,42,44,39,40,41,41,45,44,41,40,41
1775574137.7818,40,42,44,40,40,41,41,45,44,41,40,41
1775574137.9824,40,42,44,39,40,41,41,45,44,41,41,41
1775574138.1827,40,42,44,39,40,41,41,45,44,41,41,41
1775574138.3829,40,42,44,39,40,41,41,45,44,41,40,41
1775574138.5830,40,42,44,39,40,41,41,45,44,41,40,41
1775574138.7833,40,42,44,39,40,41,41,45,44,41,40,41
1775574138.9838,40,42,44,39,40,41,41,45,44,41,40,41
1775574139.1841,40,42,44,39,40,42,41,45,44,41,41,41
1775574139.3843,40,42,44,39,40,41,41,45,43,41,40,41
1775574139.5846,40,42,44,39,40,41,41,45,44,41,40,41
1775574139.7848,40,42,44,40,40,41,41,45,43,41,40,41
1775574139.9851,40,42,44,39,40,41,41,45,43,40,40,41
1775574140.1853,40,42,44,39,40,41,41,45,44,41,41,41
1775574140.3856,40,42,44,39,40,41,41,45,44,41,41,41
1775574140.5865,40,42,44,39,40,41,41,45,43,41,40,41
1775574140.7867,40,42,44,39,40,41,41,45,44,40,40,41
1775574140.9870,40,42,44,39,40,41,41,45,43,41,41,41
1775574141.1874,40,42,44,39,40,41,41,45,43,41,41,41
1775574141.3876,40,42,43,39,40,41,41,45,44,41,41,41
1775574141.5879,40,42,44,39,40,41,41,45,43,41,41,41
1775574141.7883,40,42,44,39,40,41,41,45,44,41,40,41
1775574141.9886,40,42,43,39,40,41,41,45,44,41,40,41
1775574142.1890,40,42,44,39,40,41,41,45,43,41,40,41
1775574142.3894,40,42,44,39,40,41,41,45,43,41,40,41
1775574142.5897,40,42,43,39,40,41,41,45,43,41,41,41
1775574142.7900,40,42,43,39,40,41,41,45,43,41,40,41
1775574142.9909,40,42,43,39,40,41,41,45,43,41,41,41
1775574143.1910,40,42,44,39,40,41,41,45,43,41,40,41
1775574143.3913,40,42,44,39,40,41,41,45,43,41,40,41
1775574143.5915,40,42,44,39,40,41,41,45,43,41,40,41
1775574143.7918,40,42,43,39,40,41,41,45,43,41,40,41
1775574143.9921,40,42,43,40,40,41,41,45,43,41,40,41
1775574144.1923,40,42,44,39,40,41,41,45,44,41,40,41
1775574144.3926,40,42,43,39,40,41,41,45,44,41,41,41
1775574144.5929,40,42,44,39,40,41,41,45,43,41,41,41
1775574144.7937,40,42,43,39,40,41,41,45,44,40,41,41
1775574144.9939,40,42,43,39,40,41,41,45,43,41,41,41
1775574145.1942,40,42,43,39,40,41,41,45,43,41,41,41
1775574145.3944,40,42,44,39,40,41,41,45,43,41,41,41
1775574145.5947,40,42,43,39,40,41,41,45,43,40,41,41
1775574145.7951,40,42,43,39,40,41,41,45,43,41,41,41
1775574145.9954,40,42,43,39,40,41,41,45,43,41,40,41
1775574146.1962,40,42,43,39,40,41,41,45,43,41,41,41
1775574146.3968,40,42,43,39,40,41,41,45,43,41,41,41
1775574146.5972,40,42,43,39,40,41,41,45,43,41,41,41
1775574146.7975,40,42,43,39,40,41,41,45,43,40,41,41
1775574146.9979,40,42,43,39,40,41,41,45,43,41,41,41
1775574147.1983,40,42,43,39,40,41,41,45,43,41,41,41
1775574147.3986,40,42,43,39,40,41,41,45,43,41,41,41
1775574147.6005,40,42,43,39,40,41,41,45,43,41,41,41
1775574147.8010,40,42,43,39,40,41,41,45,43,41,40,41
1775574148.0013,40,42,43,39,40,41,41,45,43,41,40,41
1775574148.2016,40,42,43,39,40,41,41,45,43,41,41,41
1775574148.4019,40,42,43,39,40,41,41,45,43,41,41,41
1775574148.6034,40,42,43,39,40,41,41,45,43,41,41,41
1775574148.8038,40,42,43,39,40,41,41,45,43,41,41,41
1775574149.0042,40,42,43,39,40,41,41,45,43,41,41,41
1775574149.2051,40,42,43,39,40,41,41,45,43,41,40,41
1775574149.4057,40,42,43,39,40,41,41,45,43,41,41,41
1775574149.6063,40,42,43,39,40,41,41,45,43,41,41,41
1775574149.8074,40,42,43,39,40,41,41,45,43,41,41,41
1775574150.0080,40,42,43,39,40,41,41,45,43,41,41,41
1775574150.2083,40,42,43,39,40,41,41,45,43,41,41,41
1775574150.4086,40,42,43,39,40,41,41,45,43,41,41,41
1775574150.6089,40,42,43,39,40,41,41,45,43,41,41,41
1775574150.8092,40,42,43,39,40,41,41,45,43,41,40,41
1775574151.0095,40,42,43,39,40,41,41,45,43,41,41,41
1775574151.2097,40,42,43,39,40,41,41,45,43,41,41,41
1775574151.4100,40,42,43,39,40,41,41,45,43,41,41,41
1775574151.6102,40,42,43,39,40,41,41,45,43,41,41,41
1775574151.8107,40,42,43,39,40,41,41,45,43,41,40,41
1775574152.0109,40,42,43,39,40,41,41,45,43,41,41,41
1775574152.2114,40,42,43,39,40,41,41,45,43,41,41,41
1775574152.4116,40,42,43,39,40,41,41,45,43,41,40,41
1775574152.6119,40,42,43,40,40,41,41,45,43,41,41,41
1775574152.8123,40,42,43,40,40,41,41,45,43,41,41,41
1775574153.0131,40,42,43,40,40,41,41,45,43,41,41,41
1775574153.2133,40,42,43,39,40,41,41,45,43,41,41,41
1775574153.4156,40,42,43,40,40,41,41,45,43,41,41,41
1775574153.6159,40,42,43,39,40,41,41,45,43,41,41,41
1775574153.8162,40,42,43,39,40,41,41,45,43,41,41,41
1775574154.0168,40,42,43,39,40,41,41,45,43,41,41,41
1775574154.2215,40,42,43,39,40,41,41,45,43,41,41,41
1775574154.4219,40,42,43,39,40,41,41,45,43,41,41,41
1775574154.6229,40,42,43,39,40,41,41,45,43,41,41,41
1775574154.8234,40,42,43,39,40,41,41,45,43,41,41,41
1775574155.0242,40,42,43,39,40,41,41,45,43,41,41,41
1775574155.2245,40,42,43,39,40,41,41,45,43,41,41,41
1775574155.4247,40,42,43,39,40,41,41,45,43,41,41,41
1775574155.6250,40,42,43,39,40,41,41,45,43,41,41,41
1775574155.8253,40,42,43,39,40,41,41,45,43,40,41,41
1775574156.0255,40,42,43,39,40,41,41,45,43,41,41,41
1775574156.2258,40,42,43,39,40,41,41,45,43,41,41,41
1775574156.4261,40,42,43,39,40,41,41,45,43,41,41,41
1775574156.6263,40,42,43,39,40,41,41,45,43,41,41,41
1775574156.8268,40,42,43,39,40,41,41,45,43,41,41,41
1775574157.0271,40,42,43,39,40,41,41,45,43,41,41,41
1775574157.2280,40,42,43,39,40,41,41,45,43,41,41,41
1775574157.4283,40,42,43,39,40,41,41,45,43,41,41,41
1775574157.6285,40,42,43,39,40,41,41,45,43,40,41,41
1775574157.8295,40,42,43,39,40,41,41,45,43,41,41,41
1775574158.0298,40,42,43,39,40,41,41,45,43,41,41,41
1775574158.2302,40,42,43,39,40,41,41,45,43,41,41,41
1775574158.4307,40,42,43,40,40,41,41,45,43,41,41,41
1775574158.6311,40,42,43,39,40,41,41,45,43,41,41,41
1775574158.8314,40,42,43,39,40,41,41,45,43,41,41,41
1775574159.0316,40,42,43,39,40,41,41,45,43,41,41,41
1775574159.2319,40,42,43,39,40,41,41,45,43,41,41,41
1775574159.4321,40,42,43,39,40,41,41,45,43,41,41,41
1775574159.6325,40,42,43,39,40,41,41,45,43,41,41,41
1775574159.8333,40,42,43,40,40,41,41,45,43,41,41,41
1775574160.0336,40,42,43,39,40,41,41,45,43,41,41,41
1775574160.2339,40,42,43,39,40,41,41,45,43,41,41,41
1775574160.4342,40,42,43,39,40,41,41,45,43,41,41,41
1775574160.6344,40,42,43,39,40,41,41,45,43,41,41,41
1775574160.8347,40,42,43,39,40,41,41,45,43,41,41,41
1775574161.0349,40,42,44,40,40,41,41,45,43,41,41,41
1775574161.2352,40,42,43,39,40,41,41,45,43,41,41,41
1775574161.4355,40,42,43,39,40,41,41,45,43,41,41,41
1775574161.6362,40,42,43,39,40,41,41,45,44,40,41,41
1775574161.8367,40,42,44,39,40,41,41,45,43,41,41,41
1775574162.0371,40,42,43,39,40,41,41,45,43,41,41,41
1775574162.2376,40,42,43,39,40,41,41,45,43,41,41,41
1775574162.4379,40,42,44,39,40,41,41,45,43,41,41,41
1775574162.6382,40,42,44,39,40,41,41,45,43,40,41,41
1775574162.8388,40,42,44,40,40,41,41,45,43,41,41,41
1775574163.0391,40,42,44,39,40,41,41,45,43,41,41,41
1775574163.2396,40,42,44,39,40,41,41,45,43,41,41,41
1775574163.4420,40,42,43,39,40,41,41,45,44,41,41,41
1775574163.6434,40,42,44,39,40,41,41,45,43,41,41,41
1775574163.8439,40,42,44,39,40,41,41,45,43,41,41,41
1775574164.0442,40,42,44,39,40,41,41,45,44,41,41,41
1775574164.2445,40,42,44,39,40,41,41,45,44,41,41,41
1775574164.4480,40,42,44,39,40,41,41,45,44,41,41,41
1775574164.6483,40,42,44,40,40,41,41,45,43,41,41,41
1775574164.8491,40,42,44,39,40,41,41,45,44,41,41,41
1775574165.0494,40,42,44,39,40,41,41,45,44,41,41,41
1775574165.2498,40,42,44,39,40,41,41,45,44,41,41,41
1775574165.4501,40,42,44,39,40,41,41,45,44,41,41,41
1775574165.6509,40,42,44,39,40,41,41,45,43,41,41,41
1775574165.8517,40,42,44,39,40,41,41,45,44,41,41,41
1775574166.0521,40,42,44,39,40,41,41,45,44,41,41,41
1775574166.2523,40,42,44,39,40,41,41,45,44,41,41,41
1775574166.4526,40,42,44,39,40,41,41,45,44,41,41,41
1775574166.6532,40,42,44,40,40,41,41,45,44,41,41,41
1775574166.8534,40,42,44,39,40,41,41,45,44,41,41,41
1775574167.0537,40,42,44,39,40,41,41,45,44,40,41,41
1775574167.2540,40,42,44,39,40,41,41,45,44,41,41,41
1775574167.4543,40,42,44,40,40,41,41,45,44,41,41,41
1775574167.6545,40,42,44,39,40,41,41,45,44,41,41,41
1775574167.8549,40,42,44,39,40,41,41,45,44,41,41,41
1775574168.0552,40,42,44,39,40,41,41,45,44,41,41,41
1775574168.2558,40,42,44,39,40,41,41,45,44,41,41,41
1775574168.4561,40,42,44,39,40,41,41,45,44,41,41,41
1775574168.6564,40,42,44,39,40,41,41,45,44,41,41,41
1775574168.8566,40,42,44,39,40,41,41,45,44,40,41,41
1775574169.0569,40,42,44,39,40,41,41,45,44,41,41,41
1775574169.2571,40,42,44,39,40,41,41,45,44,41,41,41
1775574169.4610,40,42,44,39,40,41,41,45,44,41,41,41
1775574169.6619,40,42,44,40,40,41,41,45,44,41,41,41
1775574169.8622,40,42,44,39,40,41,41,45,44,40,41,41
1775574170.0625,40,42,44,39,40,41,41,45,44,41,41,41
1775574170.2627,40,42,44,40,40,41,41,45,44,40,41,41
1775574170.4657,40,42,44,39,40,41,41,45,44,41,41,41
1775574170.6660,40,42,44,39,40,41,41,45,44,41,41,41
1775574170.8663,40,42,44,39,40,41,41,45,44,41,41,41
1775574171.0668,40,42,44,40,40,41,41,45,44,41,41,41
1775574171.2720,40,42,44,39,40,41,41,45,44,41,41,41
1775574171.4723,40,42,44,39,40,41,41,45,44,41,41,41
1775574171.6726,40,42,44,40,40,41,41,45,44,41,41,41
1775574171.8730,40,42,44,39,40,41,41,45,44,41,41,41
1775574172.0740,40,42,44,39,40,41,41,45,44,41,41,41
1775574172.2743,40,42,44,39,40,41,41,45,44,41,41,41
1775574172.4745,40,42,44,39,40,41,41,45,44,41,41,41
1775574172.6748,40,42,44,39,40,41,41,45,44,41,41,41
1775574172.8751,40,42,44,39,40,41,41,45,44,41,41,41
1775574173.0753,40,42,44,39,40,41,41,45,44,41,41,41
1775574173.2766,40,42,44,39,40,41,41,45,44,41,41,41
1775574173.4769,40,42,44,39,40,41,41,45,44,41,41,41
1775574173.6801,40,42,44,40,40,41,41,45,44,41,41,41
1775574173.8804,40,42,44,39,40,41,41,45,44,41,41,41
1775574174.0810,40,42,44,39,40,41,41,45,44,41,41,41
1775574174.2812,40,42,44,39,40,41,41,45,44,41,41,41
1775574174.4816,40,42,44,39,40,41,41,45,44,41,41,41
1775574174.6819,40,42,44,40,40,41,41,45,44,41,41,41
1775574174.8822,40,42,44,40,40,41,41,45,44,41,41,41
1775574175.0824,40,42,44,39,40,41,41,45,44,41,41,41
1775574175.2828,40,42,44,39,40,41,41,45,44,41,41,41
1775574175.4832,40,42,44,39,40,41,41,45,44,41,41,41
1775574175.6838,40,42,44,39,40,41,41,45,44,41,41,41
1775574175.8841,40,42,44,39,40,41,41,45,44,41,41,41
1775574176.0844,40,42,44,39,40,41,41,45,44,41,41,41
1775574176.2853,40,42,44,39,40,41,41,45,44,41,41,41
1775574176.4860,40,42,44,39,40,41,41,45,44,41,41,41
1775574176.6862,40,42,44,39,40,41,41,45,44,41,41,41
1775574176.8865,40,42,44,39,40,41,41,45,44,41,41,41
1775574177.0868,40,42,44,39,40,41,41,45,44,41,41,41
1775574177.2884,40,42,44,39,40,41,41,45,44,41,41,41
1775574177.4887,40,42,44,39,40,41,41,45,44,41,41,41
1775574177.6893,40,42,44,39,40,41,41,45,44,41,41,41
1775574177.8895,40,42,44,40,40,41,41,45,44,41,41,41
1775574178.0900,40,42,44,40,40,41,41,45,44,41,41,41
1775574178.2903,40,42,44,40,40,41,41,45,44,41,41,41
1775574178.4907,40,42,44,39,40,41,41,45,44,41,41,41
1775574178.6911,40,42,44,40,40,41,41,45,44,41,41,41
1775574178.8916,40,42,44,39,40,41,41,45,44,41,41,41
1775574179.0922,40,42,44,40,40,41,41,45,44,41,41,41
1775574179.2925,40,42,44,39,40,41,41,45,44,41,41,41
1775574179.4928,40,42,44,40,40,41,41,45,44,41,41,41
1775574179.6946,40,42,44,40,40,41,41,45,44,41,41,41
1775574179.8949,40,42,44,39,40,41,41,45,44,41,41,41
1775574180.0950,40,42,44,39,40,41,41,45,44,41,41,41
1775574180.2953,40,42,44,39,40,41,41,45,44,41,41,41
1775574180.4956,40,42,44,40,40,41,41,45,44,41,41,41
1775574180.6958,40,42,44,39,40,41,41,45,44,41,41,41
1775574180.8961,40,42,44,39,40,41,41,45,44,41,41,41
1775574181.0963,40,42,44,39,40,41,41,45,44,41,41,41
1775574181.2967,40,42,44,39,40,41,41,45,44,41,41,41
1775574181.4970,40,42,44,39,40,41,41,45,44,41,41,41
1775574181.6973,40,42,44,40,40,41,41,45,44,41,41,41
1775574181.8976,40,42,44,39,40,41,41,45,44,41,41,41
1775574182.0978,40,42,44,39,40,41,42,45,44,41,41,41
1775574182.2983,40,42,44,39,40,41,41,45,44,41,41,41
1775574182.4987,40,42,44,39,40,41,41,45,44,41,41,41
1775574182.6993,40,42,44,39,40,41,42,46,44,41,41,41
1775574182.8995,40,42,44,39,40,41,41,45,44,41,41,41
1775574183.0999,40,42,44,39,40,41,41,45,44,41,41,41
1775574183.3005,40,42,44,39,40,41,41,45,44,41,41,41
1775574183.5007,40,42,44,39,40,41,42,45,44,41,41,41
1775574183.7010,40,42,44,39,40,41,41,45,44,41,41,41
1775574183.9014,40,42,44,39,40,41,41,45,44,41,41,41
1775574184.1018,40,42,44,39,40,41,41,45,44,41,41,41
1775574184.3021,40,42,44,39,40,41,41,45,44,41,41,41
1775574184.5025,40,42,44,39,40,41,41,45,44,41,41,41
1775574184.7044,40,42,44,40,40,41,41,45,44,41,41,41
1775574184.9047,40,42,44,39,40,41,41,45,44,41,41,41
1775574185.1050,40,42,44,40,40,41,41,45,44,41,41,41
1775574185.3058,40,42,44,39,40,41,41,45,44,41,41,41
1775574185.5063,40,42,44,40,40,41,41,46,44,41,41,41
1775574185.7069,40,42,44,40,40,41,41,45,44,41,41,41
1775574185.9071,40,42,44,39,40,41,41,45,44,41,41,41
1775574186.1074,40,42,44,39,40,41,41,45,44,41,41,41
1775574186.3078,40,42,44,40,40,41,42,45,44,40,41,41
1775574186.5081,40,42,44,40,40,41,41,45,44,41,41,41
1775574186.7084,40,42,44,39,40,42,41,45,44,41,41,41
1775574186.9098,40,42,44,39,40,41,41,45,44,40,41,41
1775574187.1102,40,42,44,39,40,41,41,46,44,41,41,41
1775574187.3105,40,42,44,40,40,41,41,46,44,41,41,41
1775574187.5109,40,42,44,39,40,42,41,46,44,41,41,41
1775574187.7111,40,42,44,40,40,41,41,46,44,41,41,41
1775574187.9114,40,42,44,40,40,42,41,46,44,41,41,41
1775574188.1117,40,42,44,39,40,42,41,45,44,41,41,41
1775574188.3121,40,42,44,39,40,42,41,45,44,41,41,41
1775574188.5128,40,42,44,39,40,42,42,46,44,41,41,41
1775574188.7147,40,42,44,39,40,42,41,46,44,41,41,41
1775574188.9153,40,42,44,40,40,42,41,46,44,41,41,41
1775574189.1160,40,42,44,39,40,42,41,46,44,41,41,41
1775574189.3164,40,42,44,40,40,42,41,46,44,41,41,41
1775574189.5166,40,42,44,39,40,42,41,46,44,41,41,41
1775574189.7169,40,42,45,39,40,42,41,46,44,41,41,41
1775574189.9172,40,42,45,39,40,42,41,46,44,41,41,41
1775574190.1174,40,42,44,39,40,42,41,46,45,41,41,41
1775574190.3181,40,42,45,39,40,42,41,46,44,41,41,41
1775574190.5184,40,42,45,39,40,42,41,46,44,41,41,41
1775574190.7188,40,42,45,39,40,42,41,46,44,41,41,41
1775574190.9190,40,42,45,39,40,42,41,46,45,41,41,41
1775574191.1197,40,42,45,39,40,42,41,46,45,41,41,41
1775574191.3199,40,42,44,39,40,42,42,46,44,41,41,41
1775574191.5202,40,42,45,39,40,42,41,46,44,41,41,41
1775574191.7206,40,42,45,39,40,42,41,46,45,41,41,41
1775574191.9210,40,42,45,39,40,42,41,46,45,41,41,41
1775574192.1212,40,42,45,39,40,42,41,46,45,41,41,41
1775574192.3216,40,42,45,40,40,42,41,46,45,41,41,41
1775574192.5218,40,42,45,40,40,42,41,46,44,41,41,41
1775574192.7219,40,42,45,39,40,42,42,46,45,41,41,41
1775574192.9222,40,42,45,39,40,42,42,46,45,41,41,41
1775574193.1224,40,42,45,40,40,42,41,46,45,41,41,41
1775574193.3227,40,42,45,39,40,42,41,46,45,40,41,41
1775574193.5230,40,42,45,39,40,42,42,46,45,41,41,41
1775574193.7235,40,42,45,39,40,42,42,46,45,41,41,41
1775574193.9240,40,42,45,40,40,42,41,46,45,41,41,41
1775574194.1243,40,42,45,39,40,42,41,46,45,41,41,41
1775574194.3285,40,42,45,39,40,42,42,46,45,41,41,41
1775574194.5290,40,42,45,39,40,42,42,46,45,41,41,41
1775574194.7296,40,42,45,39,40,42,41,46,45,41,41,41
1775574194.9298,40,42,45,39,40,42,42,46,45,41,41,41
1775574195.1301,40,42,45,39,40,42,41,46,45,41,41,41
1775574195.3305,40,42,45,39,40,42,41,46,45,41,41,41
1775574195.5308,40,42,45,39,40,42,42,46,45,41,41,41
1775574195.7314,40,42,45,39,40,42,41,46,45,41,41,41
1775574195.9316,40,42,45,39,40,42,41,46,45,41,41,41
1775574196.1320,40,42,45,39,40,42,41,46,45,41,41,41
1775574196.3330,40,42,45,39,40,42,42,46,45,41,41,41
1775574196.5333,40,42,45,39,40,42,41,46,45,41,41,41
1775574196.7340,40,42,45,39,40,42,41,46,45,41,41,41
1775574196.9343,40,42,45,40,40,42,41,46,45,41,41,41
1775574197.1346,40,42,45,39,40,42,41,46,45,41,41,41
1775574197.3354,40,42,45,40,40,42,42,46,45,41,41,41
1775574197.5357,40,42,45,39,40,42,42,46,45,41,41,41
1775574197.7361,40,42,45,39,40,42,42,46,45,41,41,41
1775574197.9364,40,42,45,39,40,42,41,46,45,41,41,41
1775574198.1367,40,42,45,39,40,42,41,46,45,41,41,41
1775574198.3369,40,42,45,39,40,42,42,46,45,41,41,41
1775574198.5377,40,42,45,39,40,42,41,46,45,41,41,41
1775574198.7380,40,42,45,39,40,42,42,46,45,41,41,41
1775574198.9385,40,42,45,39,40,42,41,46,45,40,41,41
1775574199.1390,40,42,45,39,40,42,41,46,45,41,41,41
1775574199.3391,40,42,45,39,40,42,41,46,45,41,41,41
1775574199.5397,40,42,45,39,40,42,41,46,45,41,41,41
1775574199.7401,40,42,45,39,40,42,42,46,45,41,41,41
1775574199.9403,40,42,45,39,40,42,42,46,45,41,41,41
1775574200.1408,40,42,45,39,40,42,41,46,45,41,41,41
1775574200.3418,40,42,45,40,40,42,42,46,45,41,41,41
1775574200.5421,40,42,45,39,40,42,42,46,45,41,41,41
1775574200.7423,40,42,45,39,40,42,42,46,45,41,41,41
1775574200.9426,40,42,45,40,40,42,41,46,45,41,41,41
1775574201.1429,40,42,45,40,40,42,41,46,45,41,41,41
1775574201.3431,40,42,45,39,40,42,42,46,45,41,41,41
1775574201.5434,40,42,45,40,40,42,42,46,45,41,41,41
1775574201.7438,40,42,45,39,40,42,42,46,45,41,41,41
1775574201.9442,40,42,45,39,40,42,42,46,45,41,41,41
1775574202.1450,40,42,45,39,40,42,42,46,45,41,41,41
1775574202.3456,40,42,45,40,40,42,42,46,45,41,41,41
1775574202.5459,40,43,45,39,40,42,41,46,45,41,41,41
1775574202.7464,40,43,45,40,40,42,41,46,45,41,41,41
1775574202.9474,40,42,45,39,40,42,42,47,45,41,41,41
1775574203.1480,40,42,45,40,40,42,42,47,45,41,41,41
1775574203.3484,40,43,45,39,40,42,42,47,45,41,41,41
1775574203.5487,40,43,45,39,40,42,42,47,45,41,41,41
1775574203.7490,40,43,45,39,40,42,42,47,45,41,41,41
1775574203.9493,40,43,45,39,40,42,41,47,45,41,41,41
1775574204.1497,40,43,45,39,40,42,42,47,45,41,41,41
1775574204.3499,40,43,45,39,40,42,42,47,45,41,41,41
1775574204.5502,40,43,45,40,40,42,42,47,45,41,41,41
1775574204.7504,40,43,45,39,40,42,41,47,45,41,41,41
1775574204.9515,40,43,45,39,40,42,41,47,45,41,41,41
1775574205.1518,40,43,45,39,40,42,42,47,45,41,41,41
1775574205.3521,40,43,45,39,40,42,42,47,45,41,41,41
1775574205.5525,40,43,45,39,40,42,42,47,45,41,41,41
1775574205.7531,40,43,45,39,40,42,42,47,45,41,41,41
1775574205.9534,40,43,45,40,40,42,41,47,45,41,41,41
1775574206.1538,40,43,45,39,40,42,42,47,45,41,41,41
1775574206.3544,40,43,45,39,40,42,41,47,45,41,41,41
1775574206.5551,40,43,45,39,40,42,42,47,45,41,41,41
1775574206.7554,40,43,45,39,40,42,41,47,45,41,41,41
1775574206.9567,40,43,45,40,40,42,42,47,45,41,41,41
1775574207.1570,40,43,45,40,40,42,42,47,45,41,41,41
1775574207.3573,40,43,45,40,40,42,41,47,45,41,41,41
1775574207.5580,40,43,45,39,40,42,42,47,45,41,41,41
1775574207.7584,40,43,45,40,40,42,41,47,45,41,41,41
1775574207.9609,40,43,45,40,40,42,41,47,45,41,41,41
1775574208.1612,40,43,45,39,40,42,42,47,45,41,41,41
1775574208.3615,40,43,45,40,40,42,42,47,45,40,41,41
1775574208.5619,40,43,45,40,40,42,42,47,45,41,41,41
1775574208.7622,40,43,45,40,40,42,42,47,45,41,41,41
1775574208.9629,40,43,45,39,40,42,41,47,45,41,41,41
1775574209.1631,40,43,45,40,40,42,42,47,45,41,41,41
1775574209.3635,40,43,45,40,40,42,42,47,45,41,41,41
1775574209.5638,40,43,45,40,40,42,42,47,45,41,41,41
1775574209.7653,40,43,45,40,40,42,42,47,45,41,41,41
1775574209.9656,40,43,45,40,40,42,41,47,45,41,41,41
1775574210.1662,40,43,45,39,40,42,41,47,45,41,41,41
1775574210.3665,40,43,45,40,40,42,42,47,45,41,41,41
1775574210.5672,40,43,45,40,40,42,42,47,45,41,41,41
1775574210.7677,40,43,45,39,40,42,42,48,45,41,41,41
1775574210.9682,40,43,45,40,40,42,42,47,45,41,41,41
1775574211.1687,40,43,45,40,40,42,42,47,45,41,41,41
1775574211.3692,40,43,45,40,40,42,42,48,45,41,41,41
1775574211.5695,40,43,45,40,40,42,42,48,45,41,41,41
1775574211.7697,40,43,45,40,40,42,42,48,45,41,41,41
1775574211.9701,40,43,45,40,40,42,42,48,45,41,41,41
1775574212.1706,40,43,45,40,40,42,42,48,45,41,41,41
1775574212.3711,40,43,45,40,40,42,42,48,45,41,41,41
1775574212.5715,40,43,45,40,40,42,42,48,45,41,41,41
1775574212.7721,40,43,45,40,40,42,42,48,45,41,41,41
1775574212.9726,40,43,45,40,40,42,42,48,45,41,41,41
1775574213.1730,40,43,45,40,40,42,42,48,45,41,41,41
1775574213.3734,40,43,45,40,40,42,42,48,45,41,41,41
1775574213.5738,40,43,45,40,40,42,42,48,45,41,41,41
1775574213.7740,40,43,45,40,40,42,42,48,45,41,41,41
1775574213.9743,40,43,45,40,40,42,42,48,45,41,41,41
1775574214.1756,40,43,45,40,40,42,41,48,45,41,41,41
1775574214.3760,40,43,45,40,40,42,42,48,45,41,41,41
1775574214.5772,40,43,45,39,40,42,42,48,45,41,41,41
1775574214.7775,40,43,45,40,40,42,41,48,45,41,41,41
1775574214.9777,40,43,45,40,40,42,42,48,45,41,41,41
1775574215.1780,40,43,45,40,40,42,41,48,45,41,41,41
1775574215.3783,40,44,45,40,40,42,42,48,45,41,41,41
1775574215.5788,40,44,45,40,40,42,42,48,45,41,41,41
1775574215.7793,40,43,46,40,40,42,41,48,45,41,41,41
1775574215.9796,40,44,46,40,40,42,41,48,45,41,41,41
1775574216.1799,40,44,45,40,40,42,41,48,45,41,41,41
1775574216.3802,40,43,46,40,40,42,42,48,45,41,41,41
1775574216.5808,40,43,45,40,40,42,42,48,45,41,41,41
1775574216.7811,40,44,46,40,40,42,42,48,45,41,41,41
1775574216.9816,40,44,46,40,40,42,42,48,45,41,41,41
1775574217.1818,40,44,45,40,40,42,41,48,45,41,41,41
1775574217.3821,40,44,46,40,40,42,42,48,45,41,41,41
1775574217.5825,40,44,45,39,40,42,42,48,45,41,41,41
1775574217.7830,40,44,46,40,40,42,42,48,45,41,41,42
1775574217.9833,40,44,46,40,40,42,42,48,45,41,41,41
1775574218.1836,40,44,46,40,40,42,42,48,45,41,41,41
1775574218.3838,40,44,46,40,40,42,41,48,45,41,41,42
1775574218.5851,40,44,45,40,40,42,42,48,45,41,41,41
1775574218.7853,40,44,46,40,40,42,42,48,45,41,41,41
1775574218.9856,40,44,46,40,40,42,42,48,45,41,41,41
1775574219.1859,40,44,46,40,40,42,42,48,46,41,41,41
1775574219.3862,40,44,46,40,40,42,41,48,45,41,41,42
1775574219.5867,40,44,46,40,40,42,42,48,45,41,41,41
1775574219.7872,40,44,45,40,40,42,42,48,45,41,41,42
1775574219.9874,40,44,46,40,40,42,42,48,45,41,41,42
1775574220.1877,40,44,46,40,40,43,42,48,46,41,41,41
1775574220.3880,40,44,46,39,41,43,41,48,45,41,41,42
1775574220.5886,40,44,46,40,41,43,42,48,45,41,41,41
1775574220.7894,40,44,46,40,40,43,42,48,45,41,41,41
1775574220.9953,40,44,46,40,40,43,42,48,45,41,41,41
1775574221.1956,40,44,46,40,40,43,42,48,45,41,41,42
1775574221.3993,40,44,46,40,40,43,42,48,45,41,41,42
1775574221.5995,40,44,46,40,41,43,42,48,45,41,41,42
1775574221.7998,40,44,46,40,40,43,42,48,45,41,41,42
1775574222.0001,40,44,46,40,40,43,41,48,45,41,41,42
1775574222.2008,40,44,46,40,40,43,42,48,45,41,41,42
1775574222.4014,40,44,46,40,41,43,42,48,46,41,41,42
1775574222.6016,40,44,46,40,41,43,42,48,45,41,41,42
1775574222.8019,40,44,46,40,40,43,41,48,45,41,41,42
1775574223.0022,40,44,46,40,41,43,41,48,45,41,41,42
1775574223.2025,40,44,46,40,40,43,42,49,45,41,41,42
1775574223.4027,40,44,46,40,41,43,42,48,45,41,41,42
1775574223.6030,40,44,46,40,41,43,42,49,45,41,41,42
1775574223.8033,40,44,46,40,41,43,42,49,45,41,41,42
1775574224.0035,40,44,46,40,41,43,41,49,45,41,41,42
1775574224.2038,40,44,46,40,41,43,42,49,45,41,41,42
1775574224.4041,40,44,46,40,40,43,42,49,45,41,41,42
