timestamp_s,m1_a,m2_a,m3_a,m4_a,m5_a,m6_a,m7_a,m8_a,m9_a,m10_a,m11_a,m12_a
1777887567.4586,0.1,-0.04,-0.02,-0.07,-0.08,-0.03,-0.06,-0.07,-0.09,-0.09,-0.05,0.03
1777887567.6589,1.66,-0.06,0.56,1.78,0.66,1.14,1.51,0.64,0.53,1.68,0.38,0.19
1777887567.8592,3.85,4.05,0.52,2.96,3.34,1.26,3.95,4.04,0.55,3.54,2.84,0.18
1777887568.0599,3.56,2.92,0.62,2.78,3.01,1.26,3.24,3.13,0.52,3.49,3.1,0.2
1777887568.2602,3.45,2.81,0.59,2.8,2.96,1.27,3.28,3.18,0.54,3.67,3.13,0.21
1777887568.4605,3.48,2.83,0.52,2.74,2.93,1.25,3.38,3.26,0.48,3.51,3.13,0.2
1777887568.6607,3.49,2.79,0.59,2.83,3.04,1.23,3.38,3.31,0.51,3.63,3.21,0.2
1777887568.8610,3.5,2.84,0.57,2.74,2.95,1.28,3.35,3.3,0.46,3.6,3.12,0.21
1777887569.0613,3.51,2.79,0.58,2.76,2.92,1.26,3.26,3.34,0.53,3.59,3.13,0.18
1777887569.2615,3.49,2.79,0.53,2.79,2.98,1.27,3.38,3.3,0.54,3.6,3.12,0.2
1777887569.4618,3.55,2.77,0.55,2.84,2.91,1.28,3.32,3.29,0.53,3.75,3.14,0.25
1777887569.6624,3.47,2.8,0.54,2.75,2.92,1.26,3.38,3.17,0.54,3.64,3.15,0.2
1777887569.8626,3.52,2.83,0.57,2.83,2.94,1.23,3.35,3.28,0.55,3.66,3.07,0.25
1777887570.0628,3.55,2.8,0.56,2.83,2.93,1.26,3.36,3.29,0.48,3.68,3.04,0.24
1777887570.2630,3.41,2.81,0.55,2.87,2.93,1.27,3.36,3.42,0.51,3.69,3.08,0.22
1777887570.4633,3.44,2.8,0.53,2.73,2.91,1.29,3.39,3.27,0.47,3.63,3.15,0.22
1777887570.6636,3.56,2.78,0.6,2.68,2.94,1.27,3.33,3.28,0.52,3.73,3.14,0.19
1777887570.8640,3.44,2.82,0.55,2.83,2.94,1.26,3.38,3.28,0.51,3.6,3.15,0.19
1777887571.0643,3.49,2.8,0.54,2.81,2.96,1.25,3.31,3.36,0.51,3.66,3.12,0.18
1777887571.2645,3.52,2.8,0.56,2.8,2.97,1.26,3.34,3.22,0.47,3.62,3.12,0.19
1777887571.4648,3.47,2.82,0.52,2.81,3.04,1.25,3.34,3.41,0.56,3.65,3.12,0.18
1777887571.6654,3.58,2.81,0.54,2.89,2.95,1.24,3.37,3.24,0.48,3.67,3.14,0.19
1777887571.8659,3.54,2.76,0.57,2.79,2.96,1.28,3.32,3.2,0.53,3.53,3.13,0.24
1777887572.0667,3.56,2.77,0.55,2.85,2.9,1.26,3.35,3.4,0.5,3.61,3.08,0.19
1777887572.2674,3.44,2.79,0.52,2.78,2.96,1.27,3.33,3.37,0.51,3.66,3.14,0.16
1777887572.4681,3.5,2.77,0.54,2.79,2.96,1.26,3.41,3.26,0.5,3.73,3.14,0.19
1777887572.6693,3.52,2.79,0.56,2.8,3.07,1.24,3.37,3.37,0.42,3.68,3.08,0.2
1777887572.8700,3.44,2.78,0.58,2.81,2.96,1.25,3.34,3.27,0.47,3.65,3.16,0.23
1777887573.0712,3.47,2.8,0.55,2.79,2.96,1.26,3.33,3.39,0.51,3.66,3.05,0.19
1777887573.2716,3.44,2.8,0.57,2.75,2.96,1.24,3.35,3.31,0.46,3.74,3.11,0.19
1777887573.4718,3.5,2.8,0.57,2.73,2.93,1.23,3.3,3.2,0.48,3.56,3.19,0.24
1777887573.6721,3.47,2.81,0.57,2.81,2.96,1.21,3.32,3.23,-0.6,3.69,3.1,0.25
1777887573.8724,3.42,2.78,0.53,2.86,2.95,1.25,3.37,3.22,0.49,3.69,3.17,0.21
1777887574.0727,3.42,2.8,0.53,2.85,2.96,1.26,3.36,3.34,0.49,3.72,3.08,0.23
1777887574.2729,3.5,2.78,0.54,2.76,2.97,1.23,3.25,3.23,0.56,3.59,3.08,0.19
1777887574.4732,3.35,2.79,0.55,2.76,2.93,1.25,3.37,3.2,0.47,3.64,3.13,0.22
1777887574.6735,3.53,2.79,0.52,2.82,2.93,1.23,3.36,3.33,0.55,3.71,3.06,0.19
1777887574.8737,3.46,2.81,0.54,2.81,2.95,1.23,3.41,3.27,0.5,3.66,3.07,0.2
1777887575.0740,3.51,2.82,0.51,2.75,2.91,1.22,3.31,3.34,0.43,3.74,3.07,0.2
1777887575.2743,3.35,2.83,0.55,2.78,2.93,1.22,3.39,3.3,0.46,3.74,3.15,0.2
1777887575.4746,3.44,2.8,0.56,2.81,2.94,1.22,3.39,3.34,0.49,3.69,3.07,0.19
1777887575.6748,3.42,2.82,0.58,2.85,2.92,1.23,3.37,3.57,0.58,3.63,3.07,0.18
1777887575.8750,3.4,2.77,0.54,2.78,2.95,1.24,3.34,3.25,0.49,3.66,3.03,0.19
1777887576.0753,3.44,2.81,0.56,2.75,3.01,1.28,3.29,3.26,0.48,3.66,3.04,0.21
1777887576.2758,3.52,2.81,0.54,2.84,2.93,1.24,3.27,3.26,0.48,3.69,3.06,0.22
1777887576.4760,3.52,2.79,0.56,2.82,2.96,1.22,3.4,3.34,0.53,3.69,3.01,0.2
1777887576.6763,3.48,2.75,0.59,2.8,2.91,1.22,3.24,3.29,0.52,3.62,3.1,0.21
1777887576.8766,3.42,2.79,0.58,2.74,2.93,1.23,3.3,3.25,0.5,3.5,3.12,0.25
1777887577.0768,3.45,2.81,0.56,2.77,2.95,1.23,3.34,3.32,0.53,3.67,3.01,0.21
1777887577.2771,3.48,2.8,0.55,2.78,2.93,1.21,3.39,3.38,0.55,3.67,3.03,0.18
1777887577.4774,3.51,2.8,0.58,2.76,2.99,1.24,3.36,3.18,0.48,3.61,3.07,0.19
1777887577.6777,3.46,2.81,0.55,2.82,2.94,1.24,3.32,3.37,0.49,3.67,3.09,0.18
1777887577.8782,3.46,2.84,0.56,2.75,2.97,1.25,3.28,3.3,0.5,3.72,3.07,0.21
1777887578.0785,3.4,2.82,0.54,2.72,2.97,1.26,3.42,3.36,0.54,3.65,3.05,0.18
1777887578.2788,3.46,2.82,0.53,2.76,2.98,1.24,3.37,3.36,0.54,3.66,3.07,0.21
1777887578.4791,3.51,2.8,0.54,2.82,2.93,1.27,3.37,3.2,0.57,3.65,3.03,0.24
1777887578.6793,3.45,2.79,0.58,2.8,2.91,1.27,3.32,3.35,0.56,3.58,3.05,0.21
1777887578.8796,3.45,2.83,0.58,2.74,2.95,1.28,3.32,3.28,0.51,3.69,3.08,0.21
1777887579.0799,3.54,2.79,0.54,2.7,2.88,1.23,3.34,3.31,0.51,3.58,3.07,0.23
1777887579.2802,3.55,2.8,0.52,2.8,2.91,1.25,3.39,3.33,0.51,3.67,3.05,0.19
1777887579.4804,3.39,2.77,0.56,2.81,2.92,1.24,3.29,3.33,0.54,3.54,3.06,0.19
1777887579.6808,3.49,2.8,0.57,2.78,2.97,1.25,3.36,3.24,0.54,3.61,3.14,0.19
1777887579.8811,3.43,2.82,0.54,2.83,2.98,1.26,3.34,3.36,0.56,3.43,3.1,0.22
1777887580.0814,3.46,2.82,0.55,2.8,2.97,1.22,3.4,3.14,0.48,3.8,3.08,0.19
1777887580.2817,3.46,2.82,0.57,2.75,2.95,1.22,3.29,3.28,0.53,3.66,3.07,0.18
1777887580.4820,3.55,2.77,0.56,2.74,2.96,1.24,3.36,3.35,0.47,3.59,3.1,0.2
1777887580.6822,3.49,2.78,0.55,2.83,3.01,1.25,3.3,3.33,0.5,3.68,3.11,0.21
1777887580.8825,3.38,2.8,0.58,2.8,2.94,1.24,3.38,3.42,-0.57,3.59,3.03,0.2
1777887581.0828,3.36,2.78,0.55,2.79,2.91,1.26,3.42,3.25,0.48,3.74,2.97,0.23
1777887581.2831,3.52,2.78,0.55,2.83,2.96,1.28,3.34,3.32,0.5,3.68,3.08,0.2
1777887581.4833,3.38,2.79,0.57,2.82,2.95,1.23,3.25,3.42,0.45,3.49,3.11,0.24
1777887581.6836,3.44,2.79,0.54,2.77,2.93,1.25,3.4,3.4,0.53,3.68,3.01,0.2
1777887581.8840,3.45,2.83,0.56,2.72,2.96,1.27,3.29,3.33,0.53,3.61,3.04,0.2
1777887582.0842,3.39,2.79,0.57,2.81,2.97,1.25,3.33,3.22,0.45,3.69,3.06,0.21
1777887582.2855,3.34,2.79,0.54,2.86,2.9,1.26,3.35,3.37,0.49,3.68,3.0,0.18
1777887582.4859,3.46,2.8,0.54,2.83,2.94,1.23,3.41,3.22,0.46,3.67,3.11,0.22
1777887582.6867,3.46,2.83,0.52,2.83,2.96,1.26,3.32,3.31,0.51,3.63,3.09,0.21
1777887582.8871,3.55,2.79,0.52,2.79,2.96,1.23,3.31,3.38,0.44,3.74,3.09,0.2
1777887583.0877,3.39,2.79,0.54,2.75,2.94,1.26,3.33,3.36,0.56,3.64,3.05,0.24
1777887583.2888,3.55,2.84,0.6,2.69,2.93,1.24,3.34,3.4,0.58,3.64,3.03,0.22
1777887583.4894,3.47,2.79,0.56,2.74,2.9,1.25,3.37,3.28,0.43,3.6,3.1,0.19
1777887583.6897,3.39,2.79,0.55,2.81,2.93,1.26,3.35,3.35,0.55,3.61,3.03,0.2
1777887583.8900,3.35,2.8,0.55,2.87,2.99,1.24,3.42,3.37,0.47,3.68,3.08,0.2
1777887584.0904,3.49,2.84,0.58,2.81,2.95,1.28,3.36,3.37,0.5,3.62,3.09,0.18
1777887584.2907,3.4,2.78,0.56,2.81,2.95,1.24,3.36,3.38,0.46,3.62,3.04,0.19
1777887584.4910,3.37,2.77,0.54,2.73,2.96,1.26,3.34,3.33,0.56,3.65,3.06,0.18
1777887584.6913,3.46,2.82,0.56,2.77,2.99,1.26,3.4,3.4,-0.57,3.64,3.03,0.19
1777887584.8921,3.47,2.84,0.58,2.81,2.96,1.23,3.33,3.27,0.52,3.64,3.11,0.24
1777887585.0924,3.51,2.81,0.55,2.82,2.9,1.26,3.33,3.25,0.44,3.63,3.06,0.19
1777887585.2926,3.46,2.8,0.54,2.77,2.96,1.24,3.24,3.32,0.45,3.57,3.08,0.18
1777887585.4929,3.48,2.77,0.55,2.9,2.93,1.23,3.39,3.28,0.48,3.59,3.06,0.19
1777887585.6932,3.47,2.77,0.59,2.85,2.98,1.26,3.34,3.29,0.57,3.68,3.1,0.18
1777887585.8935,3.5,2.79,0.57,2.8,2.9,1.22,3.25,3.23,0.48,3.67,3.1,0.21
1777887586.0938,3.48,2.8,0.57,2.8,3.01,1.24,3.39,3.34,0.53,3.66,3.01,0.21
1777887586.2943,3.53,2.77,0.53,2.79,2.97,1.24,3.35,3.18,0.48,3.51,3.08,0.18
1777887586.4946,3.35,2.84,0.55,2.77,2.94,1.25,3.26,3.39,0.49,3.69,3.05,0.2
1777887586.6948,3.44,2.8,0.55,2.76,2.9,1.27,3.4,3.28,0.53,3.62,3.06,0.17
1777887586.8952,3.51,2.81,0.56,2.78,2.87,1.25,3.36,3.41,0.46,3.64,3.07,0.22
1777887587.0955,3.51,2.79,0.54,2.77,2.93,1.25,3.24,3.42,0.52,3.63,3.11,0.18
1777887587.2958,3.46,2.8,0.55,2.78,2.93,1.25,3.33,3.33,0.52,3.66,3.0,0.2
1777887587.4960,3.54,2.8,0.54,2.87,2.94,1.25,3.35,3.29,0.51,3.66,3.03,-0.26
1777887587.6963,3.47,2.78,0.55,2.95,2.94,1.22,3.35,3.37,0.5,3.59,3.05,0.19
1777887587.8965,3.41,2.8,0.57,2.87,2.96,1.25,3.33,3.43,0.44,3.65,3.02,0.18
1777887588.0968,3.36,2.84,0.58,2.81,2.99,1.24,3.3,3.4,0.48,3.74,2.99,0.19
1777887588.2971,3.51,2.81,0.59,2.77,2.95,1.22,3.24,3.27,0.51,3.7,3.07,0.2
1777887588.4974,3.47,2.78,0.57,2.79,2.97,1.22,3.42,3.37,0.48,3.63,3.05,0.22
1777887588.6976,3.51,2.81,0.55,2.84,2.92,1.27,3.27,3.3,0.52,3.56,3.09,0.23
1777887588.8979,3.49,2.82,0.53,2.74,2.9,1.22,3.31,3.25,0.53,3.69,3.05,0.19
1777887589.0982,3.45,2.8,0.54,2.79,2.94,1.26,3.37,3.36,0.51,3.59,3.11,0.23
1777887589.2985,3.44,2.8,0.56,2.75,2.97,1.24,3.34,3.4,0.47,3.68,3.15,0.26
1777887589.4988,3.56,2.77,0.56,2.82,2.98,1.24,3.36,3.31,0.48,3.65,3.0,0.19
1777887589.6990,3.53,2.81,0.54,2.78,2.92,1.24,3.37,3.29,0.49,3.66,3.02,0.18
1777887589.8993,3.55,2.77,0.54,2.81,2.91,1.27,3.32,3.34,0.55,3.66,3.14,0.2
1777887590.0996,3.48,2.82,0.56,2.83,2.89,1.25,3.39,3.38,0.52,3.74,3.12,0.19
1777887590.2999,3.49,2.81,0.54,2.77,2.93,1.25,3.38,3.35,0.55,3.75,3.08,0.23
1777887590.5001,3.45,2.8,0.56,2.69,2.91,1.25,3.35,3.31,0.55,3.62,3.03,0.21
1777887590.7004,3.51,2.8,0.54,2.8,2.92,1.23,3.28,3.36,0.53,3.7,3.11,0.2
1777887590.9007,3.54,2.79,0.55,2.78,2.93,1.28,3.33,3.4,0.5,3.65,3.08,0.17
1777887591.1010,3.46,2.84,0.55,2.87,2.93,1.2,3.31,3.34,0.51,3.6,3.08,0.21
1777887591.3014,3.45,2.77,0.55,2.8,2.96,1.27,3.37,3.4,0.55,3.69,3.11,0.2
1777887591.5016,3.51,2.87,0.54,2.75,2.88,1.21,3.39,3.4,0.52,3.7,3.07,0.24
1777887591.7019,3.44,2.81,0.53,2.79,2.95,1.25,3.4,3.29,0.47,3.71,3.1,0.21
1777887591.9021,3.4,2.78,0.51,2.83,2.94,1.22,3.35,3.37,0.54,3.61,3.12,0.18
1777887592.1024,3.45,2.8,0.55,2.74,2.89,1.25,3.36,3.35,0.53,3.63,3.09,0.22
1777887592.3027,3.36,2.76,0.55,2.88,2.99,1.26,3.28,3.39,0.5,3.64,3.1,0.26
1777887592.5030,3.48,2.79,0.54,2.83,3.0,1.23,3.36,3.29,0.42,3.72,3.13,0.23
1777887592.7032,3.49,2.8,0.54,2.73,2.86,1.22,3.33,3.36,0.51,3.7,3.09,0.21
1777887592.9036,3.43,2.82,0.54,2.69,2.95,1.23,3.4,3.18,0.54,3.64,3.04,0.18
1777887593.1039,3.4,2.78,0.57,2.84,2.97,1.24,3.26,3.39,0.52,3.64,3.07,0.22
1777887593.3041,3.43,2.82,0.56,2.78,2.95,1.25,3.35,3.24,0.53,3.57,3.11,0.2
1777887593.5044,3.28,2.8,0.56,2.9,2.94,1.23,3.32,3.35,0.56,3.71,3.04,0.22
1777887593.7046,3.42,2.81,0.55,2.8,2.98,1.26,3.37,3.21,0.57,3.53,3.09,0.2
1777887593.9049,3.54,2.79,0.55,2.79,2.88,1.21,3.37,3.32,0.53,3.68,3.11,0.18
1777887594.1052,3.54,2.78,0.58,2.82,2.95,1.23,3.28,3.26,0.52,3.61,3.09,0.24
1777887594.3058,3.49,2.79,0.56,2.81,2.92,1.25,3.25,3.34,0.45,3.58,3.12,0.22
1777887594.5064,3.42,2.77,0.58,2.91,2.97,1.27,3.24,3.26,0.52,3.62,3.06,0.2
1777887594.7067,3.38,2.81,0.57,2.75,2.98,1.21,3.38,3.37,0.5,3.67,3.09,0.24
1777887594.9072,3.39,2.77,0.55,2.76,2.97,1.21,3.33,3.35,-0.6,3.71,3.09,0.21
1777887595.1078,3.51,2.79,0.53,2.8,2.97,1.25,3.4,3.35,0.53,3.61,3.1,0.21
1777887595.3082,3.44,2.81,0.52,2.76,2.98,1.21,3.37,3.41,0.51,3.7,3.04,0.17
1777887595.5088,3.53,2.81,0.55,2.86,2.93,1.25,3.29,3.33,0.53,3.67,3.15,0.22
1777887595.7096,3.5,2.81,0.52,2.82,2.94,1.25,3.37,3.19,0.54,3.63,3.11,0.17
1777887595.9099,3.5,2.8,0.53,2.74,2.94,1.22,3.35,3.34,0.55,3.58,3.11,0.17
1777887596.1105,3.47,2.82,0.54,2.78,2.92,1.29,3.35,3.33,0.54,3.72,3.13,0.24
1777887596.3110,3.47,2.77,0.57,2.83,2.91,1.26,3.29,3.32,0.54,3.5,3.01,0.22
1777887596.5115,3.44,2.82,0.54,2.81,2.92,1.25,3.34,3.32,0.53,3.67,3.08,0.21
1777887596.7119,3.28,2.81,0.53,2.82,2.86,1.26,3.34,3.21,0.56,3.64,3.08,0.17
1777887596.9123,3.42,2.8,0.54,2.69,2.92,1.24,3.43,3.28,0.58,3.62,3.13,0.18
1777887597.1126,3.4,2.79,0.54,2.84,2.95,1.25,3.33,3.4,0.52,3.58,3.08,0.16
1777887597.3129,3.46,2.81,0.57,2.76,2.93,1.24,3.32,3.35,0.49,3.68,3.06,0.17
1777887597.5131,3.5,2.8,0.56,2.75,2.97,1.26,3.29,3.33,0.54,3.67,3.07,0.2
1777887597.7134,3.48,2.79,0.53,2.78,2.92,1.22,3.29,3.26,0.54,3.5,3.01,0.19
1777887597.9146,3.32,2.81,0.56,2.81,2.94,1.26,3.34,3.25,0.47,3.67,3.13,0.2
1777887598.1150,3.5,2.8,0.5,2.71,2.9,1.23,3.36,3.32,0.53,3.68,3.06,0.19
1777887598.3154,3.44,2.81,0.54,2.76,2.92,1.22,3.4,3.28,0.52,3.56,3.11,0.2
1777887598.5157,3.38,2.8,0.53,2.76,2.97,1.22,3.31,3.27,0.53,3.57,3.06,0.2
1777887598.7160,3.41,2.81,0.54,2.89,2.96,1.24,3.27,3.26,0.53,3.62,3.11,0.21
1777887598.9162,3.53,2.8,0.55,2.75,2.93,1.22,3.36,3.31,0.53,3.6,3.06,0.22
1777887599.1165,3.42,2.78,0.54,2.86,2.93,1.23,3.35,3.35,0.56,3.63,3.06,0.19
1777887599.3169,3.56,2.79,0.58,2.81,2.93,1.21,3.37,3.31,0.52,3.65,3.02,0.19
1777887599.5171,3.47,2.8,0.55,2.84,2.9,1.22,3.39,3.26,0.51,3.6,3.05,0.19
1777887599.7174,3.41,2.8,0.54,2.86,2.98,1.21,3.37,3.35,0.5,3.63,3.05,0.19
1777887599.9177,3.36,2.79,0.53,2.79,2.98,1.22,3.29,3.34,0.49,3.6,3.04,0.23
1777887600.1179,3.5,2.8,0.56,2.76,2.9,1.22,3.35,3.33,0.52,3.58,3.08,0.18
1777887600.3182,3.38,2.83,0.55,2.75,2.94,1.22,3.4,3.35,0.55,3.67,3.05,0.22
1777887600.5185,3.48,2.78,0.51,2.8,2.95,1.23,3.3,3.31,0.54,3.67,3.12,0.24
1777887600.7188,3.35,2.8,0.55,2.76,2.95,1.24,3.39,3.39,0.54,3.62,3.07,0.2
1777887600.9190,3.4,2.8,0.53,2.81,2.92,1.23,3.29,3.28,0.5,3.63,3.1,0.21
1777887601.1193,3.51,2.8,0.54,2.79,2.97,1.26,3.4,3.26,0.52,3.63,3.04,0.21
1777887601.3195,3.46,2.81,0.51,2.83,2.94,1.25,3.38,3.34,0.55,3.66,2.99,0.16
1777887601.5198,3.46,2.8,0.57,2.81,2.95,1.25,3.33,3.39,0.51,3.58,3.1,0.22
1777887601.7201,2.1,1.39,1.96,2.15,1.73,1.26,1.2,1.58,-4.69,3.27,-0.71,-3.94
1777887601.9204,4.2,3.29,23.18,0.78,0.95,8.37,0.91,4.3,18.56,2.79,1.28,14.16
1777887602.1207,5.29,10.03,19.54,0.51,1.09,4.19,2.49,0.25,16.24,3.25,1.56,9.84
1777887602.3210,3.64,1.41,14.9,1.86,5.83,12.36,0.52,8.44,10.45,4.17,6.33,21.3
1777887602.5212,7.61,0.99,15.44,-0.42,0.74,8.04,1.19,0.3,7.25,8.97,3.46,14.86
1777887602.7215,10.04,15.47,13.09,-0.24,0.59,2.49,3.23,9.84,12.76,5.9,4.8,4.59
1777887602.9218,8.11,6.1,12.97,0.58,1.08,4.45,0.97,1.87,10.83,5.72,0.19,9.24
1777887603.1220,7.55,2.25,13.33,0.26,2.46,6.43,0.46,0.45,9.61,7.5,2.48,12.44
1777887603.3223,8.38,9.21,13.29,0.23,-0.35,4.02,1.6,5.44,10.12,5.73,2.61,8.46
1777887603.5226,8.06,6.74,13.2,-0.44,0.73,4.85,1.22,2.7,10.44,6.41,0.63,9.63
1777887603.7228,8.0,5.21,13.24,-0.45,1.29,5.15,0.84,1.11,10.08,6.34,-0.26,10.48
1777887603.9236,8.1,7.75,13.31,0.34,0.24,4.43,1.41,3.88,10.19,6.04,1.62,9.41
1777887604.1239,7.86,5.88,13.29,0.32,1.02,4.88,1.14,2.38,10.12,6.21,0.45,10.03
1777887604.3245,8.09,6.92,13.3,0.34,0.63,4.78,1.23,2.95,10.14,6.14,0.86,9.86
1777887604.5248,8.06,6.47,13.31,0.35,0.72,4.83,1.12,2.6,10.13,6.22,0.63,9.86
1777887604.7251,7.99,6.71,13.25,-0.4,0.71,4.89,1.23,2.75,10.12,6.24,0.73,9.91
1777887604.9254,8.05,6.55,13.32,-0.45,0.69,4.88,1.18,2.76,10.21,6.19,0.7,9.92
1777887605.1257,8.05,6.64,13.3,-0.43,0.83,4.82,1.2,2.74,10.25,6.15,0.69,9.92
1777887605.3265,8.05,6.58,13.38,0.41,0.81,4.78,1.17,2.75,10.13,6.16,0.7,9.8
1777887605.5272,7.96,6.62,13.36,0.27,0.72,4.83,1.2,2.79,10.14,6.17,0.7,9.8
1777887605.7277,8.01,6.59,13.31,-0.44,0.76,4.86,1.18,2.71,10.22,6.2,0.68,9.92
1777887605.9285,8.04,6.62,13.35,0.34,0.78,4.83,1.2,2.81,10.13,6.19,0.71,9.86
1777887606.1290,8.01,6.62,13.34,-0.39,0.82,4.84,1.2,2.79,10.14,6.19,0.68,9.84
1777887606.3299,8.04,6.61,13.34,-0.46,0.78,4.82,1.19,2.73,10.15,6.22,0.69,9.83
1777887606.5303,8.04,6.6,13.27,-0.37,0.85,4.85,1.19,2.75,10.26,6.14,0.72,9.87
1777887606.7308,8.01,6.62,13.37,-0.45,0.72,4.85,1.21,2.77,10.18,6.21,0.69,9.89
1777887606.9311,8.0,6.59,13.28,0.36,0.84,4.86,1.22,2.72,10.16,6.19,0.7,9.83
1777887607.1314,8.01,6.61,13.32,-0.37,0.76,4.81,1.21,2.73,10.18,6.19,0.68,9.84
1777887607.3319,8.05,6.61,13.26,-0.47,0.77,4.8,1.2,2.69,10.18,6.19,0.67,9.89
1777887607.5324,7.97,6.62,13.32,0.34,0.74,4.8,1.19,2.71,10.21,6.2,0.7,9.95
1777887607.7331,8.02,6.6,13.38,-0.4,0.71,4.77,1.19,2.79,10.13,6.11,0.72,9.91
1777887607.9334,8.01,6.61,13.25,-0.42,0.76,4.79,1.2,2.73,10.04,6.19,0.72,9.83
1777887608.1336,8.01,6.62,13.29,0.39,0.75,4.8,1.22,2.75,10.17,6.12,0.72,9.82
1777887608.3339,8.01,6.6,13.3,0.37,0.84,4.83,1.21,2.73,10.16,6.22,0.71,9.81
1777887608.5342,8.02,6.64,13.38,-0.41,0.73,4.79,1.21,2.72,10.11,6.17,0.72,9.87
1777887608.7348,7.98,6.61,13.36,-0.39,0.77,4.86,1.23,2.74,10.17,6.17,0.72,9.82
1777887608.9351,7.99,6.62,13.3,-0.38,0.7,4.82,1.18,2.75,10.1,6.17,0.69,9.89
1777887609.1354,7.95,6.61,13.29,-0.47,0.86,4.79,1.23,2.78,10.24,6.19,0.7,9.85
1777887609.3357,7.99,6.62,13.34,0.34,0.69,4.81,1.19,2.75,10.21,6.18,0.68,9.87
1777887609.5360,8.02,6.62,13.26,-0.41,0.73,4.79,1.25,2.74,10.11,6.19,0.64,9.88
1777887609.7363,8.01,6.64,13.36,-0.36,0.72,4.81,1.21,2.77,10.13,6.17,0.73,9.74
1777887609.9366,7.98,6.62,13.38,-0.37,0.76,4.81,1.21,2.77,10.19,6.21,0.71,9.86
1777887610.1369,7.96,6.62,13.27,-0.43,0.73,4.82,1.22,2.75,10.14,6.15,0.71,9.86
1777887610.3372,8.03,6.62,13.29,0.38,0.77,4.86,1.26,2.76,10.18,6.15,0.71,9.84
1777887610.5375,8.0,6.63,13.26,-0.37,0.6,4.83,1.22,2.7,10.17,6.31,0.69,9.87
1777887610.7377,8.02,6.62,13.32,-0.43,0.67,4.77,1.25,2.73,10.18,6.24,0.7,9.76
1777887610.9380,8.0,6.62,13.34,0.4,0.84,4.85,1.22,2.73,10.18,6.23,0.69,9.96
1777887611.1384,8.05,6.62,13.3,-0.41,0.81,4.88,1.21,2.73,10.27,6.17,0.68,9.81
1777887611.3386,8.01,6.63,13.29,0.36,0.69,4.82,1.23,2.81,10.13,6.24,0.69,9.81
1777887611.5388,8.0,6.61,13.28,0.28,0.59,4.81,1.22,2.79,10.14,6.17,0.7,9.78
1777887611.7391,8.03,6.61,13.19,-0.43,0.8,4.86,1.22,2.76,10.23,6.22,0.69,9.84
1777887611.9394,8.01,6.65,13.27,-0.36,0.76,4.84,1.21,2.74,10.16,6.22,0.67,9.89
1777887612.1399,8.03,6.63,13.26,0.32,0.72,4.82,1.22,2.72,10.22,6.23,0.71,9.81
1777887612.3401,8.02,6.62,13.24,-0.39,0.78,4.81,1.24,2.73,10.18,6.2,0.72,9.84
1777887612.5404,7.98,6.61,13.38,-0.4,0.84,4.79,1.22,2.72,10.14,6.17,0.72,9.86
1777887612.7406,8.04,6.62,13.36,-0.43,0.66,4.83,1.22,2.69,10.21,6.2,0.68,9.82
1777887612.9409,7.99,6.63,13.33,-0.37,0.79,4.82,1.23,2.73,10.16,6.15,0.69,9.87
1777887613.1412,7.99,6.62,13.37,0.37,0.81,4.81,1.24,2.69,10.17,6.21,0.68,9.79
1777887613.3414,8.01,6.62,13.31,0.38,0.7,4.91,1.24,2.77,10.2,6.22,0.67,9.97
1777887613.5417,8.01,6.62,13.29,-0.42,0.75,4.83,1.24,2.72,10.09,6.19,0.69,9.77
1777887613.7420,7.97,6.61,13.28,-0.35,0.6,4.83,1.24,2.72,10.14,6.23,0.68,9.82
1777887613.9422,8.01,6.63,13.41,-0.41,0.75,4.82,1.24,2.68,10.15,6.19,0.69,9.79
1777887614.1425,8.07,6.61,13.31,0.32,0.74,4.81,1.23,2.67,10.22,6.15,0.71,9.92
1777887614.3427,8.07,6.61,13.31,0.39,0.66,4.88,1.23,2.74,10.16,6.22,0.68,9.86
1777887614.5431,7.98,6.61,13.27,0.31,0.86,4.82,1.22,2.73,10.19,6.16,0.67,9.86
1777887614.7434,8.01,6.61,13.33,-0.4,0.81,4.82,1.25,2.8,10.11,6.25,0.69,9.85
1777887614.9436,8.02,6.61,13.37,0.37,0.83,4.84,1.26,2.71,10.12,6.24,0.71,9.85
1777887615.1439,7.98,6.62,13.22,-0.4,0.69,4.82,1.25,2.77,10.17,6.22,0.71,9.84
1777887615.3442,8.02,6.65,13.28,0.35,0.77,4.81,1.22,2.72,10.13,6.19,0.7,9.82
1777887615.5444,8.02,6.6,13.32,0.32,0.74,4.84,1.23,2.77,10.13,6.17,0.69,9.88
1777887615.7448,8.04,6.61,13.26,0.3,0.77,4.82,1.25,2.77,10.13,6.23,0.66,9.78
1777887615.9450,8.02,6.62,13.27,0.35,0.84,4.8,1.27,2.69,10.12,6.16,0.7,9.85
1777887616.1452,7.99,6.62,13.37,-0.38,0.76,4.89,1.22,2.71,10.12,6.2,0.69,9.88
1777887616.3456,8.02,6.58,13.34,-0.46,0.81,4.84,1.29,2.73,10.14,6.19,0.67,9.72
1777887616.5458,8.0,6.61,13.26,-0.39,0.7,4.86,1.24,2.75,10.2,6.2,0.73,9.9
1777887616.7465,8.05,6.61,13.25,0.36,0.81,4.82,1.23,2.69,10.17,6.16,0.69,9.81
1777887616.9467,7.99,6.59,13.28,0.38,0.72,4.83,1.27,2.71,10.19,6.2,0.65,9.81
1777887617.1470,7.99,6.61,13.41,0.36,0.7,4.86,1.24,2.74,10.12,6.2,0.73,9.86
1777887617.3473,8.02,6.6,13.32,-0.4,0.67,4.82,1.25,2.69,10.09,6.17,0.7,9.82
1777887617.5480,8.01,6.61,13.28,-0.44,0.78,4.79,1.24,2.72,10.15,6.14,0.71,9.82
1777887617.7487,8.06,6.62,13.29,0.4,0.81,4.82,1.26,2.79,10.22,6.15,0.71,9.8
1777887617.9490,8.01,6.62,13.26,-0.37,0.87,4.84,1.27,2.74,10.09,6.16,0.67,9.83
1777887618.1496,8.06,6.62,13.33,0.3,0.69,4.89,1.26,2.75,10.11,6.12,0.73,9.78
1777887618.3502,8.04,6.6,13.39,-0.38,0.8,4.88,1.25,2.76,10.14,6.19,0.7,9.76
1777887618.5505,8.04,6.62,13.31,-0.37,0.74,4.84,1.25,2.75,10.2,6.22,0.74,9.74
1777887618.7510,7.98,6.61,13.27,-0.4,0.75,4.9,1.27,2.75,10.12,6.23,0.74,9.83
1777887618.9514,8.0,6.6,13.28,0.33,0.77,4.85,1.22,2.72,10.17,6.15,0.72,9.91
1777887619.1517,8.0,6.61,13.36,-0.4,0.79,4.87,1.26,2.77,10.16,6.19,0.69,9.91
1777887619.3520,8.02,6.62,13.28,0.42,0.6,4.83,1.24,2.71,10.14,6.24,0.73,9.77
1777887619.5529,8.04,6.62,13.3,-0.4,0.83,4.85,1.24,2.73,10.19,6.26,0.72,9.83
1777887619.7532,8.01,6.63,13.3,-0.39,0.79,4.83,1.25,2.75,10.2,6.26,0.72,9.82
1777887619.9536,8.04,6.61,13.39,0.38,0.78,4.8,1.23,2.76,10.14,6.2,0.7,9.81
1777887620.1545,7.97,6.6,13.27,-0.41,0.75,4.84,1.26,2.74,10.15,6.26,0.67,9.76
1777887620.3548,8.05,6.61,13.32,0.32,0.85,4.86,1.26,2.7,10.19,6.27,0.72,9.81
1777887620.5555,7.99,6.61,13.27,-0.38,0.62,4.82,1.25,2.74,10.27,6.24,0.73,9.79
1777887620.7558,8.02,6.6,13.38,0.33,0.79,4.83,1.26,2.76,10.23,6.23,0.72,9.84
1777887620.9561,8.05,6.61,13.21,-0.4,0.71,4.84,1.26,2.76,10.22,6.23,0.7,9.71
1777887621.1563,7.99,6.62,13.27,-0.37,0.69,4.89,1.24,2.67,10.22,6.24,0.74,9.82
1777887621.3566,8.07,6.61,13.22,0.35,0.69,4.88,1.24,2.68,10.22,6.27,0.74,9.73
1777887621.5569,8.03,6.61,13.31,-0.35,0.65,4.84,1.25,2.75,10.2,6.22,0.72,9.78
1777887621.7571,8.04,6.61,13.35,-0.41,0.75,4.88,1.26,2.7,10.16,6.23,0.7,9.84
1777887621.9574,8.03,6.62,13.28,-0.39,0.69,4.86,1.26,2.77,10.15,6.22,0.7,9.78
1777887622.1577,8.01,6.61,13.26,-0.5,0.73,4.83,1.25,2.73,10.19,6.2,0.71,9.83
1777887622.3579,8.05,6.62,13.32,0.38,0.72,4.93,1.25,2.7,10.2,6.21,0.71,9.87
1777887622.5582,8.0,6.62,13.32,-0.36,0.73,4.83,1.32,2.83,10.23,6.22,0.76,9.76
1777887622.7585,8.04,6.62,13.29,0.35,0.7,4.91,1.29,2.73,10.29,6.21,0.73,9.86
1777887622.9588,8.01,6.61,13.22,0.37,0.73,4.89,1.27,2.82,10.24,6.2,0.74,9.82
1777887623.1589,8.04,6.61,13.31,0.27,0.76,4.9,1.29,2.87,10.22,6.26,0.75,9.78
1777887623.3591,8.0,6.61,13.23,-0.42,0.78,4.86,1.26,2.81,10.21,6.2,0.73,9.77
1777887623.5594,8.05,6.61,13.35,-0.38,0.78,4.83,1.29,2.77,10.2,6.23,0.76,9.81
1777887623.7597,8.01,6.62,13.26,0.32,0.75,4.88,1.31,2.75,10.2,6.21,0.77,9.87
1777887623.9602,8.04,6.61,13.33,-0.4,0.73,4.84,1.3,2.86,10.2,6.22,0.72,9.81
1777887624.1604,8.05,6.63,13.33,-0.42,0.75,4.9,1.3,2.81,10.18,6.24,0.8,9.8
1777887624.3607,8.04,6.62,13.24,-0.37,0.78,4.88,1.27,2.79,10.22,6.22,0.74,9.7
1777887624.5610,8.0,6.63,13.28,0.34,0.73,4.84,1.31,2.87,10.22,6.23,0.75,9.73
1777887624.7612,8.02,6.63,13.31,0.3,0.76,4.9,1.29,2.82,10.19,6.19,0.77,9.82
1777887624.9615,8.02,6.61,13.26,-0.37,0.82,4.87,1.3,2.87,10.27,6.21,0.79,9.84
1777887625.1619,7.96,6.61,13.3,-0.47,0.58,4.8,1.25,2.83,10.2,6.22,0.78,9.69
1777887625.3621,8.0,6.62,13.34,0.34,0.77,4.85,1.32,2.82,10.2,6.22,0.77,9.83
1777887625.5625,8.02,6.64,13.32,-0.43,0.81,4.89,1.28,2.91,10.22,6.19,0.79,9.81
1777887625.7628,8.04,6.62,13.33,0.35,0.73,4.81,1.29,2.83,10.14,6.17,0.73,9.69
1777887625.9630,8.01,6.65,13.29,-0.36,0.75,4.83,1.29,2.9,10.26,6.16,0.8,9.88
1777887626.1633,8.05,6.63,13.33,-0.42,0.76,4.87,1.31,2.83,10.17,6.13,0.75,9.75
1777887626.3636,8.04,6.61,13.33,0.3,0.8,4.85,1.28,2.75,10.22,6.17,0.75,9.91
1777887626.5639,8.04,6.63,13.31,0.34,0.71,4.89,1.26,2.78,10.24,6.24,0.75,9.75
1777887626.7642,8.03,6.62,13.33,-0.42,0.68,4.89,1.26,2.8,10.22,6.22,0.73,9.67
1777887626.9645,8.06,6.63,13.33,-0.41,0.72,4.88,1.28,2.8,10.19,6.2,0.74,9.85
1777887627.1652,8.0,6.62,13.32,0.36,0.73,4.84,1.26,2.75,10.12,6.12,0.72,9.83
1777887627.3654,9.04,4.58,11.95,0.79,1.23,6.49,1.51,0.89,7.56,7.71,1.86,13.69
1777887627.5657,12.15,11.25,12.18,0.78,3.8,-2.75,5.32,6.68,-6.96,6.68,-2.03,-3.62
1777887627.7663,10.12,9.67,-1.05,1.37,1.29,3.51,-0.09,2.6,2.2,4.39,5.84,3.85
1777887627.9666,2.32,3.42,3.34,3.09,4.24,6.94,3.65,3.12,8.95,2.78,1.95,10.78
1777887628.1670,2.69,2.45,0.09,2.85,2.93,1.77,3.38,3.26,0.86,3.62,3.14,0.43
1777887628.3673,2.76,2.41,0.09,3.0,2.98,1.75,3.27,3.44,0.88,3.34,2.99,0.42
1777887628.5676,2.8,2.41,0.08,2.87,2.95,1.71,3.31,3.26,0.9,3.45,3.0,0.42
1777887628.7678,2.69,2.44,0.07,2.86,3.04,1.73,3.27,3.36,0.85,3.55,3.0,0.47
1777887628.9691,2.79,2.4,0.08,2.83,2.99,1.74,3.37,3.41,0.89,3.55,3.07,0.4
1777887629.1698,2.85,2.42,-0.04,2.82,3.01,1.73,3.35,3.24,0.83,3.48,3.08,0.43
1777887629.3704,2.84,2.39,-0.03,2.78,3.0,1.73,3.31,3.36,0.88,3.57,2.95,0.42
1777887629.5713,2.74,2.41,0.04,2.8,2.92,1.72,3.4,3.37,0.92,3.48,3.03,0.43
1777887629.7718,2.74,2.37,0.06,2.87,2.97,1.75,3.28,3.29,0.82,3.56,2.97,0.43
1777887629.9721,2.66,2.39,0.04,2.8,2.94,1.71,3.27,3.32,0.86,3.49,3.04,0.4
1777887630.1725,2.8,2.37,0.04,2.78,2.93,1.72,3.31,3.38,0.87,3.51,3.06,0.42
1777887630.3727,2.7,2.39,-0.04,2.76,2.96,1.75,3.34,3.3,0.86,3.46,3.0,0.41
1777887630.5730,2.68,2.4,0.05,2.73,3.0,1.71,3.31,3.35,0.88,3.46,3.05,0.45
1777887630.7734,2.74,2.42,0.04,2.75,2.95,1.74,3.33,3.33,0.85,3.59,3.01,0.45
1777887630.9739,2.66,2.39,0.05,2.76,3.04,1.72,3.36,3.33,0.86,3.51,3.07,0.49
1777887631.1744,2.73,2.38,0.04,2.81,2.98,1.73,3.34,3.31,0.88,3.48,3.06,0.38
1777887631.3746,2.78,2.37,0.04,2.78,3.02,1.7,3.33,3.31,0.83,3.46,2.99,0.4
1777887631.5749,2.63,2.38,0.03,2.84,2.97,1.7,3.36,3.38,0.87,3.55,3.01,0.4
1777887631.7752,2.6,2.38,0.03,2.78,3.01,1.71,3.4,3.46,0.84,3.56,3.04,0.42
1777887631.9754,2.65,2.38,0.01,2.71,2.97,1.73,3.34,3.25,0.85,3.58,3.02,0.39
1777887632.1757,2.59,2.36,0.01,2.86,2.92,1.74,3.32,3.31,0.81,3.58,3.05,0.37
1777887632.3760,2.74,2.35,0.01,2.75,3.0,1.72,3.4,3.44,0.91,3.4,3.0,0.38
1777887632.5762,2.69,2.36,0.02,2.8,2.99,1.69,3.38,3.34,0.94,3.51,3.05,0.41
1777887632.7765,2.71,2.38,-0.02,2.9,2.96,1.7,3.37,3.31,0.86,3.53,2.98,0.39
1777887632.9767,2.64,2.38,-0.04,2.78,2.94,1.73,3.33,3.39,0.86,3.64,3.05,0.4
1777887633.1770,2.61,2.35,-0.02,2.93,2.94,1.7,3.2,3.45,0.89,3.52,3.0,0.4
1777887633.3773,2.64,2.37,-0.04,2.82,3.06,1.7,3.39,3.26,0.89,3.5,3.0,0.4
1777887633.5776,2.64,2.36,0.02,2.77,2.93,1.72,3.33,3.4,0.8,3.53,3.11,0.5
1777887633.7780,2.61,2.37,0.03,2.72,2.95,1.69,3.35,3.41,0.88,3.51,3.03,0.41
1777887633.9783,2.71,2.36,0.02,2.92,2.98,1.7,3.37,3.37,0.79,3.59,3.03,0.46
1777887634.1787,2.62,2.38,0.0,2.73,2.94,1.68,3.38,3.24,0.83,3.54,3.01,0.47
1777887634.3788,2.61,2.39,-0.01,2.83,2.96,1.73,3.41,3.31,0.85,3.52,2.99,0.45
1777887634.5791,2.72,2.37,0.0,2.79,3.04,1.68,3.33,3.43,0.89,3.56,2.96,0.5
1777887634.7794,2.54,2.32,-0.02,2.77,2.97,1.73,3.24,3.35,0.9,3.47,3.01,0.4
1777887634.9796,2.77,2.38,0.01,2.69,2.99,1.72,3.31,3.27,0.88,3.44,3.06,0.43
1777887635.1799,2.72,2.37,-0.04,2.83,2.89,1.72,3.35,3.39,0.92,3.5,3.03,0.37
1777887635.3801,2.64,2.37,-0.06,2.88,2.96,1.69,3.36,3.38,0.94,3.55,3.02,0.4
1777887635.5804,2.69,2.34,0.0,2.86,2.96,1.69,3.38,3.41,0.94,3.52,3.05,0.41
1777887635.7809,2.72,2.36,0.0,2.77,2.99,1.71,3.4,3.27,0.91,3.48,2.97,0.41
1777887635.9811,2.62,2.36,-0.01,2.72,2.97,1.71,3.3,3.25,0.89,3.47,3.02,0.4
1777887636.1814,2.67,2.36,-0.03,2.74,2.97,1.72,3.25,3.33,0.87,3.63,3.0,0.44
1777887636.3817,2.7,2.34,-0.03,2.78,2.95,1.69,3.37,3.3,0.81,3.51,3.02,0.5
1777887636.5820,2.6,2.35,-0.02,2.87,2.96,1.7,3.27,3.2,0.92,3.52,3.0,0.42
1777887636.7823,2.76,2.35,-0.01,2.89,2.97,1.68,3.26,3.33,0.95,3.55,3.13,0.42
1777887636.9826,2.68,2.35,-0.03,2.82,2.96,1.67,3.31,3.3,0.93,3.54,3.03,0.48
1777887637.1829,2.56,2.35,0.01,2.63,2.9,1.69,3.27,3.39,0.9,3.6,3.06,0.44
1777887637.3832,2.67,2.32,-0.03,2.73,2.95,1.68,3.32,3.36,0.94,3.52,3.04,0.46
1777887637.5838,2.59,2.36,-0.06,2.81,3.0,1.68,3.32,3.46,0.88,3.49,2.99,0.45
1777887637.7841,2.64,2.35,0.04,2.71,2.91,1.7,3.37,3.33,0.9,3.52,3.11,0.46
1777887637.9846,2.57,2.33,0.0,2.76,2.92,1.7,3.35,3.3,0.92,3.54,3.04,0.42
1777887638.1849,2.7,2.35,0.0,2.82,2.92,1.68,3.32,3.53,0.9,3.53,3.05,0.45
1777887638.3853,2.65,2.35,-0.01,2.85,2.93,1.7,3.48,3.47,0.96,3.43,3.05,0.44
1777887638.5856,2.64,2.38,-0.01,2.97,2.98,1.68,3.39,3.2,0.91,3.46,2.99,0.42
1777887638.7863,2.67,2.33,0.01,2.78,2.93,1.71,3.33,3.18,0.91,3.33,3.08,0.44
1777887638.9867,2.63,2.33,0.0,2.84,2.96,1.71,3.35,3.3,0.92,3.48,3.02,0.41
1777887639.1868,2.61,2.33,0.0,2.9,2.91,1.7,3.38,3.33,0.99,3.41,3.12,0.39
1777887639.3871,2.66,2.32,0.0,2.83,3.0,1.7,3.33,3.39,0.95,3.51,3.02,0.36
1777887639.5874,2.65,2.34,-0.03,2.81,2.96,1.7,3.38,3.24,0.92,3.43,3.02,0.42
1777887639.7878,2.55,2.35,-0.03,2.8,2.99,1.68,3.34,3.43,0.93,3.54,3.03,0.4
1777887639.9884,2.63,2.31,0.0,2.99,2.95,1.69,3.33,3.4,0.95,3.34,3.03,0.39
1777887640.1891,2.58,2.32,0.0,2.88,3.01,1.71,3.42,3.37,0.9,3.46,3.01,0.42
1777887640.3895,2.56,2.3,0.0,2.69,2.99,1.69,3.4,3.27,0.83,3.47,3.06,0.42
1777887640.5901,2.58,2.35,-0.01,2.7,2.98,1.69,3.41,3.39,0.84,3.5,3.15,0.41
1777887640.7908,2.67,2.31,-0.03,2.76,3.02,1.69,3.31,3.21,0.86,3.45,3.07,0.48
1777887640.9914,2.94,2.32,0.03,2.8,3.04,1.66,3.37,3.39,1.0,3.5,3.08,0.34
1777887641.1919,2.51,2.3,-0.01,2.74,2.97,1.69,3.39,3.34,0.89,3.56,3.02,0.39
1777887641.3925,2.63,2.35,0.0,2.88,2.99,1.68,3.32,3.35,0.96,3.46,2.99,0.34
1777887641.5931,2.67,2.32,-0.03,2.84,2.94,1.68,3.37,3.29,0.96,3.43,3.08,0.41
1777887641.7934,2.75,2.3,-0.02,2.79,2.92,1.67,3.3,3.29,0.9,3.5,3.07,0.39
1777887641.9939,2.6,2.3,0.02,2.81,2.97,1.67,3.3,3.27,0.97,3.52,3.05,0.4
1777887642.1942,2.61,2.34,-0.01,2.76,2.89,1.71,3.39,3.33,0.94,3.32,3.02,0.42
1777887642.3948,2.54,2.31,-0.01,2.86,2.88,1.72,3.38,3.29,0.9,3.47,3.13,0.4
1777887642.5951,2.61,2.3,0.0,2.82,2.91,1.69,3.37,3.18,0.93,3.38,3.09,0.38
1777887642.7953,2.58,2.32,0.0,2.83,2.93,1.68,3.3,3.19,0.95,3.42,3.08,0.36
1777887642.9958,2.57,2.3,0.01,2.89,3.02,1.68,3.34,3.33,0.89,3.32,3.05,0.38
1777887643.1963,2.61,2.3,0.0,2.83,3.0,1.7,3.36,3.24,0.88,3.48,3.04,0.4
1777887643.3976,2.69,2.31,0.0,2.78,2.91,1.72,3.29,3.27,0.92,3.56,3.12,0.39
1777887643.5980,2.63,2.35,-0.01,2.79,2.89,1.72,3.22,3.31,0.88,3.37,3.07,0.44
1777887643.7982,2.61,2.29,-0.01,2.78,2.92,1.67,3.33,3.42,0.95,3.47,3.13,0.4
1777887643.9985,2.63,2.33,-0.02,2.87,2.94,1.71,3.37,3.3,0.93,3.41,3.05,0.38
1777887644.1990,2.67,2.34,0.0,2.93,2.9,1.7,3.41,3.29,0.95,3.51,3.01,0.43
1777887644.3993,2.63,2.31,-0.01,2.92,2.94,1.68,3.21,3.27,0.87,3.52,3.02,0.38
1777887644.5996,2.63,2.33,-0.01,2.71,2.9,1.68,3.32,3.31,0.96,3.49,3.1,0.47
1777887644.7999,2.64,2.31,-0.01,2.99,2.96,1.66,3.32,3.24,0.94,3.42,3.05,0.44
1777887645.0002,2.61,2.3,-0.02,2.71,2.93,1.69,3.27,3.21,0.91,3.45,3.07,0.43
1777887645.2004,2.64,2.34,0.02,2.95,2.89,1.7,3.28,3.35,0.93,3.48,3.08,0.43
1777887645.4007,2.64,2.33,0.01,2.86,2.98,1.69,3.32,3.41,0.92,3.38,3.08,0.49
1777887645.6010,2.67,2.3,0.0,2.91,2.99,1.7,3.24,3.29,0.89,3.49,3.05,0.46
1777887645.8013,2.56,2.34,0.0,2.85,2.93,1.71,3.27,3.34,0.85,3.39,3.09,0.43
1777887646.0016,2.66,2.35,0.0,2.9,2.98,1.67,3.26,3.31,0.97,3.44,3.05,0.38
1777887646.2018,2.68,2.35,0.0,2.88,2.95,1.69,3.34,3.29,0.88,3.34,3.05,0.37
1777887646.4021,2.53,2.34,0.0,2.93,2.92,1.7,3.39,3.19,0.94,3.32,3.0,0.43
1777887646.6026,2.68,2.3,0.01,2.88,2.97,1.69,3.34,3.37,0.94,3.46,3.11,0.41
1777887646.8028,2.73,2.37,0.0,2.91,3.03,1.71,3.26,3.28,0.93,3.32,3.05,0.44
1777887647.0031,2.59,2.3,-0.01,2.98,2.95,1.69,3.44,3.25,0.92,3.32,3.09,0.42
1777887647.2034,2.71,2.34,-0.05,2.82,2.89,1.7,3.41,3.32,0.94,3.42,2.99,0.4
1777887647.4036,2.74,2.32,0.01,2.88,3.01,1.67,3.36,3.34,0.84,3.32,3.1,0.42
1777887647.6039,2.66,2.32,0.0,2.82,2.94,1.72,3.33,3.21,0.94,3.36,3.04,0.39
1777887647.8042,2.62,2.3,0.0,2.9,2.95,1.69,3.37,3.41,0.92,3.44,3.06,0.43
1777887648.0044,2.59,2.33,-0.01,2.92,2.9,1.71,3.26,3.21,0.89,3.48,3.11,0.41
1777887648.2047,2.69,2.3,0.01,2.82,2.94,1.7,3.36,3.28,0.87,3.56,3.07,0.42
1777887648.4049,2.54,2.33,-0.02,2.91,2.95,1.68,3.24,3.21,0.87,3.37,3.09,0.46
1777887648.6052,2.6,2.33,-0.02,2.95,3.01,1.7,3.36,3.22,0.85,3.48,3.07,0.43
1777887648.8054,2.49,2.28,0.01,2.88,2.93,1.66,3.27,3.41,0.93,3.53,3.06,0.43
1777887649.0057,2.64,2.32,-0.01,2.76,2.91,1.66,3.33,3.33,0.91,3.51,3.03,0.46
1777887649.2059,2.6,2.35,0.01,2.84,2.95,1.72,3.3,3.29,0.87,3.48,3.07,0.42
1777887649.4062,2.58,2.3,-0.03,2.82,2.98,1.72,3.31,3.26,0.92,3.42,3.1,0.47
1777887649.6065,2.6,2.33,0.0,2.92,2.96,1.69,3.36,3.22,0.94,3.5,3.08,0.45
1777887649.8068,2.61,2.35,-0.01,2.87,2.86,1.67,3.31,3.34,0.95,3.39,3.07,0.5
1777887650.0069,2.73,2.33,-0.02,2.93,2.92,1.7,3.25,3.33,0.86,3.44,3.1,0.47
1777887650.2072,2.64,2.33,0.0,2.75,2.95,1.72,3.28,3.2,0.93,3.43,3.08,0.46
1777887650.4074,2.57,2.32,0.0,2.84,2.91,1.69,3.3,3.3,0.98,3.41,3.07,0.5
1777887650.6076,2.62,2.31,0.0,2.94,2.94,1.7,3.37,3.39,0.89,3.43,3.08,0.41
1777887650.8079,2.51,2.29,-0.02,2.81,2.96,1.72,3.28,3.26,0.91,3.42,3.05,0.44
1777887651.0082,2.71,2.32,-0.02,2.82,2.95,1.66,3.31,3.36,0.87,3.36,3.08,0.41
1777887651.2085,2.51,2.33,0.0,2.94,2.93,1.71,3.29,3.27,0.95,3.39,3.06,0.45
1777887651.4089,2.59,2.35,0.01,2.84,2.86,1.69,3.29,3.33,0.89,3.42,3.04,0.41
1777887651.6092,2.56,2.28,-0.01,2.91,2.98,1.71,3.37,3.28,0.93,3.37,3.07,0.55
1777887651.8095,2.45,2.32,0.0,2.89,2.92,1.7,3.32,3.43,0.93,3.49,3.14,0.46
1777887652.0102,2.54,2.3,-0.01,2.99,2.87,1.7,3.27,3.29,0.95,3.46,3.15,0.55
1777887652.2104,2.57,2.34,-0.01,2.99,2.98,1.69,3.33,3.23,0.95,3.45,3.03,0.44
1777887652.4111,2.62,2.36,0.01,2.93,2.98,1.68,3.36,3.28,0.93,3.4,3.1,0.45
1777887652.6117,2.64,2.36,-0.02,2.89,2.94,1.66,3.29,3.35,0.91,3.42,3.05,0.46
1777887652.8119,2.65,2.31,0.0,2.85,2.95,1.68,3.24,3.23,0.97,3.43,3.12,0.4
1777887653.0122,2.62,2.3,0.0,2.79,2.94,1.69,3.4,3.3,0.93,3.39,3.13,0.45
1777887653.2127,2.53,2.3,-0.02,2.84,3.02,1.7,3.27,3.47,0.92,3.44,3.08,0.47
1777887653.4132,2.6,2.32,0.0,2.9,2.94,1.7,3.38,3.32,0.85,3.44,3.09,0.38
1777887653.6135,2.64,2.34,0.0,2.83,2.98,1.7,3.23,3.12,0.9,3.44,3.05,0.4
1777887653.8138,2.55,2.33,0.0,2.97,3.01,1.69,3.32,3.27,0.9,3.42,3.08,0.36
1777887654.0142,2.65,2.27,0.0,2.97,2.93,1.68,3.33,3.33,0.93,3.38,3.05,0.46
1777887654.2145,2.48,2.34,-0.04,2.95,2.9,1.71,3.31,3.18,0.87,3.35,3.05,0.45
1777887654.4149,2.52,2.3,0.0,2.88,3.02,1.68,3.34,3.25,0.9,3.57,3.11,0.41
1777887654.6152,2.59,2.35,0.0,2.89,2.93,1.7,3.27,3.28,0.95,3.39,3.08,0.39
1777887654.8158,2.64,2.31,-0.01,2.93,2.98,1.68,3.38,3.25,0.85,3.51,3.12,0.51
1777887655.0160,2.53,2.28,-0.01,2.99,3.0,1.69,3.3,3.25,0.88,3.29,3.07,0.47
1777887655.2164,2.54,2.34,-0.03,2.97,3.02,1.69,3.37,3.11,0.87,3.37,3.08,0.43
1777887655.4166,2.59,2.29,0.01,2.81,2.9,1.67,3.26,3.19,0.97,3.33,3.15,0.42
1777887655.6188,2.68,2.3,-0.02,2.83,2.96,1.67,3.35,3.4,0.97,3.41,3.09,0.4
1777887655.8192,2.69,2.29,0.0,2.87,2.9,1.67,3.3,3.36,0.95,3.41,3.06,0.46
1777887656.0195,2.68,2.32,0.02,2.87,3.02,1.71,3.32,3.33,0.93,3.38,3.05,0.45
1777887656.2198,2.69,2.3,-0.01,2.81,2.96,1.68,3.37,3.27,0.94,3.48,3.03,0.47
1777887656.4201,2.67,2.33,0.0,2.83,2.92,1.7,3.4,3.34,0.94,3.35,3.08,0.43
1777887656.6204,2.66,2.31,-0.02,2.73,3.02,1.67,3.4,3.39,0.83,3.44,3.01,0.4
1777887656.8207,2.68,2.28,-0.02,2.81,3.06,1.69,3.37,3.3,0.93,3.39,3.01,0.46
1777887657.0211,2.49,2.32,0.0,2.75,2.98,1.67,3.29,3.26,0.9,3.5,3.06,0.46
1777887657.2214,2.58,2.29,0.01,2.77,2.93,1.71,3.42,3.26,0.92,3.48,3.14,0.43
1777887657.4218,2.64,2.26,-0.01,2.83,2.97,1.67,3.35,3.32,0.87,3.49,2.99,0.49
1777887657.6223,2.64,2.28,0.0,2.83,2.96,1.64,3.36,3.21,0.95,3.53,2.96,0.42
1777887657.8232,2.71,2.29,0.0,2.91,2.92,1.65,3.39,3.37,0.98,3.53,3.01,0.43
1777887658.0234,2.67,2.27,-0.02,2.85,3.03,1.66,3.31,3.32,0.9,3.42,3.09,0.46
1777887658.2238,2.7,2.28,-0.01,2.81,2.9,1.68,3.27,3.31,0.92,3.5,3.1,0.55
1777887658.4242,2.56,2.28,0.0,2.84,2.97,1.68,3.3,3.18,0.88,3.44,3.11,0.49
1777887658.6246,2.65,2.29,0.0,2.79,2.96,1.69,3.32,3.31,0.87,3.32,3.09,0.48
1777887658.8249,2.49,2.32,0.0,2.8,2.97,1.68,3.25,3.25,0.89,3.38,3.05,0.43
1777887659.0256,2.61,2.31,0.01,2.83,2.93,1.72,3.33,3.35,0.93,3.43,3.04,0.43
1777887659.2259,2.65,2.32,-0.01,2.8,3.03,1.7,3.39,3.36,0.85,3.43,3.06,0.5
1777887659.4261,2.63,2.33,0.0,2.84,2.98,1.7,3.36,3.31,0.98,3.46,2.97,0.42
1777887659.6264,2.64,2.3,-0.01,2.85,3.02,1.71,3.35,3.27,0.9,3.45,2.97,0.46
1777887659.8266,2.63,2.31,0.0,2.76,2.95,1.71,3.36,3.32,0.98,3.41,2.99,0.39
1777887660.0268,2.52,2.33,0.0,2.9,2.98,1.65,3.36,3.21,0.93,3.53,2.98,0.4
1777887660.2271,2.61,2.35,-0.02,2.8,3.0,1.69,3.3,3.32,0.91,3.48,3.15,0.41
1777887660.4274,2.6,2.29,0.0,2.84,2.93,1.67,3.3,3.22,0.91,3.43,3.02,0.41
1777887660.6276,2.65,2.3,0.01,2.9,2.92,1.69,3.26,3.37,0.91,3.49,3.01,0.4
1777887660.8279,2.65,2.3,0.0,2.78,3.03,1.66,3.4,3.35,0.93,3.46,3.12,0.37
1777887661.0282,2.63,2.3,-0.01,2.84,2.97,1.67,3.25,3.29,0.9,3.55,3.04,0.43
1777887661.2286,2.62,2.31,0.01,2.76,3.01,1.67,3.31,3.27,0.86,3.4,2.95,0.43
1777887661.4288,2.69,2.33,0.0,2.88,2.92,1.65,3.32,3.26,0.88,3.49,3.05,0.42
1777887661.6292,2.63,2.26,0.0,2.88,2.93,1.68,3.36,3.36,0.93,3.42,3.0,0.39
1777887661.8297,2.66,2.29,-0.03,2.85,2.94,1.68,3.36,3.35,0.99,3.47,3.04,0.45
1777887662.0302,2.7,2.3,-0.01,2.85,2.94,1.72,3.26,3.33,0.88,3.46,2.98,0.34
1777887662.2308,2.59,2.33,-0.02,2.7,2.96,1.69,3.33,3.3,0.91,3.3,3.02,0.38
1777887662.4316,2.7,2.25,0.0,2.9,2.93,1.69,3.26,3.38,0.89,3.42,2.96,0.39
1777887662.6320,2.56,2.33,0.0,2.77,2.93,1.65,3.35,3.3,0.9,3.38,3.01,0.45
1777887662.8323,2.66,2.28,0.0,2.81,2.95,1.68,3.31,3.32,0.92,3.42,3.03,0.39
1777887663.0327,2.66,2.26,-0.01,2.92,2.98,1.7,3.31,3.23,0.87,3.3,3.11,0.48
1777887663.2332,2.59,2.3,-0.01,2.89,2.98,1.66,3.43,3.32,0.86,3.45,3.04,0.46
1777887663.4342,2.52,2.29,0.0,2.95,2.96,1.7,3.36,3.27,0.9,3.44,2.99,0.38
1777887663.6345,2.69,2.28,-0.01,3.1,2.96,1.69,3.28,3.3,0.83,3.38,3.06,0.44
1777887663.8348,2.59,2.25,-0.04,2.87,2.98,1.66,3.29,3.3,0.95,3.35,3.01,0.47
1777887664.0352,2.53,2.3,-0.02,2.86,2.96,1.71,3.4,3.27,0.89,3.41,3.07,0.4
1777887664.2356,2.71,2.31,-0.01,2.95,3.01,1.69,3.4,3.25,0.91,3.42,3.03,0.35
1777887664.4359,2.68,2.31,0.0,2.95,2.99,1.69,3.41,3.29,0.94,3.38,3.05,0.47
1777887664.6362,2.55,2.29,0.04,2.98,2.91,1.71,3.29,3.36,0.9,3.31,3.1,0.4
1777887664.8365,2.67,2.29,0.0,2.86,3.01,1.65,3.3,3.37,0.93,3.29,3.06,0.4
1777887665.0368,2.67,2.3,-0.01,2.7,2.95,1.69,3.34,3.34,0.93,3.47,3.01,0.45
1777887665.2371,2.63,2.25,0.0,2.74,2.9,1.69,3.34,3.24,0.88,3.33,3.05,0.37
1777887665.4374,2.59,2.3,0.0,2.93,2.94,1.7,3.27,3.36,0.97,3.49,3.07,0.42
1777887665.6379,2.64,2.29,-0.01,2.82,2.92,1.66,3.25,3.33,0.96,3.33,3.02,0.36
1777887665.8381,2.62,2.33,0.0,2.77,2.97,1.7,3.33,3.24,0.98,3.48,3.06,0.39
1777887666.0384,2.66,2.29,-0.01,2.85,2.93,1.71,3.37,3.3,0.94,3.51,3.1,0.44
1777887666.2388,2.73,2.3,-0.01,2.95,2.93,1.69,3.34,3.34,0.94,3.34,3.11,0.39
1777887666.4391,2.66,2.32,0.02,2.84,2.98,1.7,3.33,3.28,0.89,3.37,3.08,0.4
1777887666.6393,2.55,2.32,-0.02,2.76,3.0,1.71,3.29,3.28,0.95,3.41,3.09,0.37
1777887666.8396,2.64,2.32,0.01,2.81,2.96,1.65,3.37,3.31,0.95,3.24,2.98,0.41
1777887667.0399,2.67,2.32,0.0,2.76,2.94,1.69,3.35,3.37,0.91,3.45,3.0,0.43
1777887667.2402,2.62,2.34,-0.01,2.81,2.94,1.65,3.3,3.2,0.88,3.43,3.05,0.37
1777887667.4405,2.63,2.32,-0.02,2.75,3.01,1.68,3.39,3.23,0.94,3.36,3.08,0.43
1777887667.6408,2.74,2.26,-0.01,2.82,2.92,1.69,3.3,3.25,0.85,3.39,3.1,0.39
1777887667.8412,2.64,2.24,0.0,2.78,2.97,1.7,3.32,3.37,0.88,3.45,3.11,0.45
1777887668.0416,2.64,2.32,0.0,2.73,2.92,1.69,3.4,3.32,0.96,3.43,3.06,0.39
1777887668.2419,2.58,2.3,0.0,2.8,2.97,1.65,3.35,3.27,0.91,3.43,3.01,0.39
1777887668.4425,2.62,2.32,-0.02,2.87,2.88,1.69,3.36,3.42,0.89,3.25,2.96,0.41
1777887668.6433,2.71,2.33,-0.01,2.82,2.94,1.69,3.38,3.28,0.91,3.48,3.05,0.44
1777887668.8436,2.7,2.28,-0.01,2.85,3.05,1.68,3.32,3.19,0.93,3.33,3.07,0.43
1777887669.0439,2.67,2.31,-0.01,2.72,2.99,1.65,3.36,3.43,0.97,3.38,3.08,0.38
1777887669.2445,2.64,2.26,0.0,2.85,3.03,1.67,3.35,3.22,0.89,3.52,3.07,0.42
1777887669.4448,2.54,2.31,-0.03,2.85,2.99,1.68,3.39,3.26,0.92,3.6,3.15,0.45
1777887669.6452,2.55,2.3,0.0,2.77,3.0,1.68,3.26,3.26,0.92,3.48,3.02,0.43
1777887669.8456,2.69,2.27,0.0,2.76,2.95,1.66,3.27,3.25,0.93,3.45,3.09,0.45
1777887670.0459,2.66,2.3,-0.01,2.76,2.94,1.66,3.27,3.13,0.91,3.31,3.04,0.43
1777887670.2462,2.64,2.3,-0.01,2.84,3.04,1.67,3.36,3.35,0.91,3.38,3.06,0.42
1777887670.4465,2.71,2.31,0.0,2.79,3.0,1.67,3.36,3.2,0.97,3.43,3.09,0.39
1777887670.6468,2.53,2.29,0.0,2.87,3.0,1.69,3.31,3.32,0.92,3.33,3.03,0.44
1777887670.8470,2.55,2.27,-0.03,2.77,2.95,1.69,3.23,3.19,0.9,3.52,3.03,0.46
1777887671.0473,2.54,2.28,-0.01,2.94,3.0,1.67,3.28,3.2,0.97,3.45,3.06,0.42
1777887671.2486,2.56,2.27,0.0,2.83,2.98,1.69,3.26,3.27,0.9,3.47,3.03,0.37
1777887671.4492,2.55,2.24,-0.02,3.02,2.95,1.67,3.32,3.28,0.91,3.42,3.03,0.39
1777887671.6497,2.56,2.31,-0.01,2.93,2.98,1.65,3.39,3.32,0.92,3.37,3.08,0.4
1777887671.8503,2.69,2.3,0.0,2.85,2.99,1.66,3.32,3.32,0.91,3.6,3.04,0.4
1777887672.0517,2.69,2.29,-0.01,2.76,2.94,1.66,3.37,3.18,0.92,3.38,3.07,0.51
1777887672.2522,2.48,2.29,-0.03,2.94,2.98,1.65,3.4,3.33,0.87,3.54,3.03,0.39
1777887672.4524,2.44,2.31,-0.03,2.77,2.97,1.69,3.39,3.26,0.94,3.42,3.09,0.42
1777887672.6527,2.66,2.25,0.0,2.75,2.92,1.7,3.39,3.36,0.88,3.43,3.08,0.46
1777887672.8530,2.56,2.31,-0.04,2.83,2.92,1.68,3.3,3.29,0.96,3.46,3.1,0.4
1777887673.0535,2.69,2.27,-0.01,2.85,2.93,1.67,3.39,3.28,0.9,3.47,3.03,0.42
1777887673.2541,2.66,2.23,-0.03,2.86,2.95,1.67,3.35,3.5,0.98,3.46,3.07,0.4
1777887673.4544,2.7,2.28,-0.02,2.81,2.96,1.65,3.33,3.33,0.88,3.44,3.09,0.45
1777887673.6547,2.57,2.31,-0.01,2.88,3.02,1.66,3.42,3.35,0.86,3.48,3.06,0.42
1777887673.8552,2.71,2.3,0.0,2.76,2.92,1.68,3.32,3.37,0.87,3.35,3.06,0.37
1777887674.0555,2.67,2.26,-0.03,2.81,3.01,1.66,3.33,3.36,0.93,3.37,2.98,0.4
1777887674.2558,2.53,2.23,0.0,2.84,2.95,1.66,3.36,3.28,0.94,3.43,3.1,0.4
1777887674.4561,2.63,2.32,-0.04,2.93,2.99,1.65,3.38,3.37,0.98,3.48,3.12,0.43
1777887674.6564,2.68,2.28,-0.02,2.62,2.9,1.66,3.36,3.36,0.89,3.43,3.06,0.36
1777887674.8568,2.58,2.25,0.0,2.91,2.94,1.64,3.3,3.24,0.89,3.44,3.09,0.42
1777887675.0571,2.52,2.29,0.0,2.74,2.93,1.68,3.34,3.42,0.96,3.5,3.12,0.42
1777887675.2573,2.55,2.27,-0.01,2.8,2.93,1.7,3.32,3.42,0.9,3.49,3.01,0.37
1777887675.4576,2.71,2.27,-0.01,2.7,2.94,1.7,3.37,3.4,0.89,3.42,3.11,0.38
1777887675.6579,2.54,2.29,0.0,2.91,2.96,1.67,3.25,3.31,0.91,3.52,3.03,0.43
1777887675.8581,2.58,2.29,0.02,2.87,2.96,1.67,3.32,3.39,0.89,3.52,3.02,0.39
1777887676.0584,2.58,2.26,0.0,2.83,2.88,1.67,3.27,3.28,0.91,3.22,3.1,0.41
1777887676.2587,2.54,2.29,-0.01,2.82,2.91,1.63,3.42,3.46,0.96,3.47,3.01,0.43
1777887676.4590,2.54,2.3,0.0,2.8,2.92,1.7,3.25,3.46,0.91,3.54,3.12,0.42
1777887676.6592,2.6,2.27,-0.01,2.85,2.98,1.67,3.34,3.32,0.91,3.42,3.06,0.38
1777887676.8595,2.62,2.28,0.0,2.87,2.9,1.69,3.25,3.29,0.91,3.53,3.08,0.41
1777887677.0598,2.62,2.27,-0.02,2.77,2.93,1.7,3.37,3.41,0.87,3.54,3.03,0.42
1777887677.2601,2.65,2.29,-0.01,2.8,2.98,1.68,3.42,3.23,0.92,3.47,3.08,0.41
1777887677.4605,2.57,2.29,-0.03,2.84,2.91,1.69,3.29,3.47,0.92,3.42,3.09,0.42
1777887677.6608,2.64,2.27,-0.02,2.85,2.91,1.7,3.34,3.33,0.91,3.34,3.07,0.42
1777887677.8612,2.67,2.28,0.0,2.89,2.93,1.69,3.32,3.46,0.9,3.53,3.12,0.43
1777887678.0615,2.6,2.25,-0.05,2.91,2.93,1.67,3.23,3.31,0.91,3.53,3.06,0.51
1777887678.2618,2.45,2.22,0.0,2.81,2.92,1.66,3.44,3.3,0.96,3.58,3.05,0.37
1777887678.4621,2.55,2.28,0.01,2.73,2.94,1.66,3.33,3.37,0.94,3.47,3.03,0.42
1777887678.6624,2.73,2.27,-0.02,2.79,2.93,1.69,3.35,3.36,0.91,3.46,3.02,0.41
1777887678.8627,2.67,2.24,-0.02,2.82,2.95,1.66,3.3,3.3,0.88,3.37,3.08,0.4
1777887679.0630,2.51,2.27,0.0,2.82,2.88,1.69,3.35,3.35,0.91,3.34,3.01,0.44
1777887679.2633,2.64,2.24,-0.03,2.73,2.9,1.68,3.38,3.3,0.93,3.54,3.01,0.38
1777887679.4636,2.53,2.28,0.0,2.74,2.91,1.67,3.44,3.28,0.93,3.48,3.03,0.49
1777887679.6651,2.61,2.3,-0.01,2.9,2.93,1.68,3.3,3.43,0.98,3.38,3.03,0.43
1777887679.8655,2.53,2.26,-0.02,2.87,2.89,1.68,3.24,3.33,0.98,3.44,3.02,0.45
1777887680.0657,2.57,2.29,0.0,2.79,2.96,1.66,3.3,3.42,0.91,3.46,3.11,0.43
1777887680.2662,2.68,2.32,-0.02,2.75,2.88,1.65,3.33,3.38,0.93,3.41,3.04,0.47
1777887680.4665,2.49,2.3,-0.01,2.82,2.91,1.67,3.42,3.38,0.89,3.3,3.05,0.44
1777887680.6667,2.57,2.28,-0.01,2.8,2.92,1.67,3.26,3.4,0.92,3.35,3.02,0.44
1777887680.8670,2.63,2.3,-0.01,2.81,2.93,1.66,3.28,3.45,0.89,3.45,3.01,0.38
1777887681.0673,2.61,2.28,-0.04,2.77,2.92,1.7,3.38,3.41,0.9,3.32,3.08,0.41
1777887681.2675,2.58,2.21,-0.01,2.9,2.98,1.65,3.29,3.41,0.94,3.38,3.06,0.44
1777887681.4678,2.53,2.24,-0.01,2.69,2.92,1.68,3.28,3.26,0.9,3.45,3.17,0.4
1777887681.6681,2.69,2.31,-0.03,2.8,2.89,1.67,3.33,3.33,0.92,3.3,3.05,0.51
1777887681.8683,2.54,2.27,-0.03,2.91,2.97,1.67,3.34,3.46,0.95,3.43,3.07,0.39
1777887682.0687,2.64,2.19,0.0,2.83,2.9,1.68,3.4,3.37,0.93,3.38,3.06,0.43
1777887682.2690,2.61,2.29,0.0,2.72,2.91,1.66,3.29,3.41,0.89,3.45,3.16,0.43
1777887682.4692,2.6,2.27,-0.02,2.74,2.9,1.66,3.31,3.26,0.94,3.32,3.14,0.42
1777887682.6695,2.7,2.26,-0.01,2.9,2.99,1.67,3.4,3.31,1.0,3.45,3.04,0.46
1777887682.8698,2.65,2.3,-0.03,2.82,2.93,1.69,3.35,3.44,0.87,3.48,3.0,0.44
1777887683.0700,2.59,2.28,-0.06,2.89,2.96,1.68,3.33,3.3,0.92,3.43,3.05,0.43
1777887683.2712,2.61,2.26,-0.03,2.9,2.95,1.72,3.36,3.46,0.89,3.38,3.11,0.47
1777887683.4718,2.44,2.29,-0.02,2.85,2.91,1.66,3.33,3.25,0.94,3.38,3.11,0.4
1777887683.6720,2.56,2.26,0.0,2.86,2.97,1.7,3.32,3.37,0.91,3.44,3.03,0.41
1777887683.8730,2.54,2.26,-0.01,2.85,2.9,1.69,3.25,3.34,0.9,3.38,3.07,0.39
1777887684.0733,2.62,2.29,-0.03,2.81,2.94,1.67,3.34,3.35,0.9,3.56,3.04,0.4
1777887684.2736,2.68,2.3,0.0,2.84,2.9,1.68,3.36,3.46,0.93,3.41,3.08,0.49
1777887684.4738,2.66,2.29,-0.04,2.79,2.89,1.68,3.41,3.4,0.91,3.47,3.04,0.46
1777887684.6741,2.67,2.27,-0.01,2.79,2.94,1.68,3.43,3.37,0.93,3.37,3.03,0.42
1777887684.8746,2.52,2.26,-0.02,2.84,2.94,1.66,3.33,3.37,0.97,3.48,3.08,0.42
1777887685.0750,2.61,2.33,-0.01,2.83,2.87,1.68,3.32,3.42,0.93,3.44,3.11,0.43
1777887685.2753,2.58,2.31,-0.01,2.94,2.92,1.66,3.31,3.39,0.89,3.54,3.08,0.41
1777887685.4755,2.66,2.27,-0.01,2.77,2.87,1.7,3.31,3.27,0.92,3.44,3.04,0.44
1777887685.6758,2.61,2.29,-0.06,2.73,2.93,1.68,3.29,3.45,0.9,3.49,3.08,0.44
1777887685.8761,2.61,2.28,0.0,2.8,2.92,1.67,3.43,3.49,0.89,3.49,3.04,0.43
1777887686.0764,2.64,2.27,-0.05,2.79,2.88,1.68,3.33,3.42,0.88,3.57,3.12,0.4
1777887686.2769,2.69,2.25,-0.01,2.89,2.93,1.66,3.28,3.43,0.94,3.28,3.07,0.42
1777887686.4776,2.64,2.26,-0.02,2.8,2.93,1.68,3.45,3.41,0.93,3.49,3.05,0.43
1777887686.6780,2.66,2.31,0.0,2.77,2.97,1.69,3.27,3.43,0.91,3.47,3.07,0.41
1777887686.8782,2.66,2.22,0.0,2.72,2.95,1.66,3.32,3.29,0.95,3.51,3.07,0.44
1777887687.0785,2.68,2.28,-0.02,2.85,2.97,1.66,3.32,3.4,0.95,3.48,3.08,0.45
1777887687.2788,2.53,2.26,0.0,2.8,2.87,1.64,3.35,3.45,0.94,3.35,3.07,0.41
1777887687.4792,2.53,2.27,-0.01,2.85,2.9,1.66,3.37,3.27,0.93,3.48,3.1,0.42
1777887687.6795,5.24,4.16,18.96,0.29,0.9,12.57,0.17,0.02,12.24,2.47,4.72,16.8
1777887687.8798,7.59,12.59,15.62,-0.24,1.99,5.43,4.44,2.56,15.5,1.53,6.11,11.26
1777887688.0801,3.34,0.04,16.56,0.3,5.44,5.8,1.37,4.12,7.3,3.54,3.33,12.87
1777887688.2804,6.76,1.51,8.84,2.13,2.12,8.09,0.27,-0.09,0.75,5.64,7.07,12.12
1777887688.4806,10.0,14.24,11.53,-0.22,1.17,2.37,1.96,9.03,9.07,7.23,4.73,4.18
1777887688.6809,9.5,8.42,12.97,0.2,-0.24,3.93,2.74,4.97,11.11,5.91,1.97,7.57
1777887688.8812,8.36,0.98,13.21,-0.58,3.19,6.7,0.37,0.5,9.28,7.9,2.6,12.54
1777887689.0814,9.0,7.69,13.34,0.38,0.39,4.64,1.67,5.02,9.7,6.66,2.29,9.02
1777887689.2817,9.1,7.71,13.17,-0.35,0.47,4.73,1.56,3.88,10.26,6.93,1.3,8.66
1777887689.4820,8.55,3.92,13.29,0.42,1.63,5.41,1.09,1.38,9.74,6.81,0.16,10.53
1777887689.6822,8.84,7.21,13.35,0.31,0.31,4.77,1.73,4.33,9.9,6.79,1.84,9.24
1777887689.8825,8.69,5.52,13.25,0.39,1.12,5.07,1.4,2.84,9.84,6.87,0.67,9.74
1777887690.0828,8.83,6.08,13.33,-0.34,0.77,5.02,1.47,3.13,9.96,6.83,0.93,9.74
1777887690.2831,8.73,6.19,13.37,0.26,0.75,5.03,1.43,3.18,9.83,6.78,0.96,9.48
1777887690.4834,8.73,6.01,13.31,-0.39,0.97,5.05,1.43,3.11,9.9,6.87,0.88,9.72
1777887690.6836,8.75,6.09,13.35,-0.35,0.84,5.06,1.41,3.17,9.96,6.88,0.91,9.55
1777887690.8839,8.78,6.08,13.32,-0.38,0.76,4.98,1.47,3.21,9.85,6.82,0.94,9.63
1777887691.0842,8.78,6.05,13.39,0.26,0.87,5.04,1.47,3.19,9.89,6.78,0.9,9.68
1777887691.2845,8.79,6.07,13.4,-0.37,0.86,5.12,1.51,3.18,9.9,6.8,0.9,9.6
1777887691.4847,8.78,6.07,13.31,-0.38,0.84,5.02,1.46,3.16,9.95,6.83,0.95,9.55
1777887691.6850,4.26,29.41,17.74,8.06,19.33,21.16,0.58,22.16,18.85,0.34,26.11,3.3
1777887691.8852,4.25,1.4,18.66,1.19,2.29,2.63,2.5,0.52,10.9,12.47,3.44,13.97
1777887692.0855,10.1,24.25,7.05,0.48,0.38,1.16,-0.07,26.68,10.85,2.25,1.71,2.0
1777887692.2857,5.99,8.13,10.49,-0.01,2.11,4.69,2.34,11.28,8.21,4.16,3.07,7.74
1777887692.4861,5.11,0.43,11.6,1.09,6.76,10.49,-0.12,0.34,7.6,7.3,10.14,15.65
1777887692.6863,7.83,8.75,11.72,-0.28,-0.27,5.3,0.46,11.0,8.72,5.49,0.24,8.57
1777887692.8869,7.53,8.74,11.55,-0.03,0.2,5.3,0.73,9.54,8.99,6.06,1.53,7.99
1777887693.0872,6.59,0.97,11.62,0.59,3.62,7.87,-0.12,3.2,8.45,5.83,5.56,12.87
1777887693.2875,7.36,7.51,11.82,-0.17,0.58,6.07,0.53,8.63,8.7,5.96,1.46,9.66
1777887693.4877,7.17,5.13,11.75,-0.16,1.32,6.19,0.35,7.08,8.83,5.96,2.87,9.86
1777887693.6880,6.88,3.73,11.68,0.18,1.87,6.87,0.27,5.43,8.62,5.86,3.78,11.3
1777887693.8883,7.12,6.48,11.67,-0.17,0.81,6.29,0.43,7.62,8.75,5.98,2.41,9.93
1777887694.0885,7.0,4.71,11.65,-0.22,1.48,6.63,0.3,6.12,8.69,5.96,3.38,10.7
1777887694.2888,7.1,5.62,11.64,-0.2,1.15,6.5,0.35,6.83,8.74,5.94,2.94,10.36
1777887694.4891,7.05,5.29,11.67,-0.16,1.31,6.56,0.35,6.63,8.67,6.0,3.01,10.27
1777887694.6895,7.04,5.43,11.62,-0.2,1.27,6.55,0.37,6.67,8.7,5.92,2.92,10.33
1777887694.8900,7.04,5.31,11.69,-0.12,1.25,6.55,0.35,6.75,8.76,5.91,3.04,10.27
1777887695.0906,7.05,5.46,11.67,-0.17,1.19,6.55,0.38,6.72,8.72,5.96,2.98,10.38
1777887695.2910,7.03,5.28,11.78,-0.17,1.22,6.57,0.36,6.54,8.65,5.95,3.02,10.27
1777887695.4912,7.06,5.43,11.71,-0.15,1.24,6.58,0.36,6.8,8.72,5.97,3.03,10.29
1777887695.6923,7.07,5.36,11.61,-0.19,1.22,6.52,0.34,6.59,8.75,5.98,3.04,10.37
1777887695.8929,7.04,5.36,11.71,-0.2,1.15,6.57,0.36,6.65,8.69,5.98,3.04,10.21
1777887696.0932,7.04,5.37,11.76,-0.14,1.29,6.58,0.35,6.7,8.76,5.93,3.06,10.31
1777887696.2935,7.05,5.39,11.65,-0.25,1.16,6.53,0.36,6.66,8.67,5.88,2.99,10.42
1777887696.4937,7.0,5.41,11.74,-0.08,1.2,6.51,0.38,6.72,8.76,5.98,3.02,10.51
1777887696.6940,7.01,5.37,11.63,-0.2,1.36,6.51,0.35,6.64,8.74,5.97,3.05,10.43
1777887696.8944,7.04,5.42,11.7,-0.2,1.25,6.49,0.38,6.63,8.69,5.93,3.04,10.43
1777887697.0946,7.04,5.34,11.67,0.17,1.27,6.55,0.35,6.51,8.69,5.95,3.05,10.47
1777887697.2948,7.05,5.36,11.74,0.1,1.19,6.51,0.38,6.74,8.76,5.97,3.04,10.35
1777887697.4952,7.08,5.41,11.79,-0.23,1.3,6.54,0.35,6.59,8.71,6.0,2.99,10.44
1777887697.6957,7.04,5.38,11.78,-0.17,1.34,6.52,0.34,6.67,8.69,5.98,3.02,10.27
1777887697.8960,7.04,5.41,11.73,-0.16,1.22,6.51,0.37,6.7,8.77,5.95,3.03,10.4
1777887698.0963,7.04,5.42,11.72,-0.1,1.19,6.57,0.37,6.64,8.7,5.94,2.89,10.4
1777887698.2965,7.03,5.4,11.68,-0.25,1.3,6.5,0.36,6.66,8.74,5.93,3.01,10.56
1777887698.4970,7.0,5.37,11.66,-0.19,1.2,6.53,0.38,6.6,8.71,5.93,3.0,10.43
1777887698.6976,7.03,5.35,11.68,-0.19,1.28,6.56,0.35,6.65,8.7,6.02,3.05,10.36
1777887698.8979,7.06,5.37,11.7,-0.13,1.33,6.57,0.37,6.68,8.69,5.96,2.92,10.32
1777887699.0981,7.07,5.37,11.66,-0.23,1.24,6.54,0.39,6.66,8.75,5.94,3.1,10.41
1777887699.2984,7.06,5.37,11.7,-0.23,1.26,6.55,0.36,6.65,8.7,5.96,2.99,10.42
1777887699.4987,7.05,5.39,11.76,0.09,1.28,6.52,0.37,6.62,8.73,5.95,2.98,10.52
1777887699.6992,7.05,5.42,11.7,-0.18,1.3,6.55,0.37,6.68,8.72,5.96,2.99,10.4
1777887699.8997,7.04,5.33,11.72,-0.17,1.18,6.54,0.36,6.66,8.74,5.94,2.96,10.53
1777887700.1000,7.03,5.37,11.7,-0.22,1.31,6.55,0.38,6.6,8.76,5.95,3.05,10.37
1777887700.3002,7.05,5.38,11.73,0.15,1.34,6.52,0.37,6.67,8.78,5.95,2.96,10.43
1777887700.5005,7.04,5.41,11.72,-0.19,1.26,6.5,0.36,6.7,8.71,5.95,3.0,10.39
1777887700.7008,7.05,5.41,11.8,-0.1,1.39,6.58,0.37,6.62,8.75,5.99,3.03,10.43
1777887700.9011,7.07,5.39,11.78,-0.17,1.17,6.51,0.39,6.71,8.71,5.96,2.98,10.39
1777887701.1013,7.05,5.39,11.68,-0.25,1.29,6.55,0.38,6.6,8.77,5.96,2.96,10.42
1777887701.3016,7.06,5.36,11.69,-0.25,1.23,6.54,0.38,6.72,8.68,5.94,3.02,10.44
1777887701.5019,7.05,5.38,11.68,0.19,1.29,6.57,0.37,6.64,8.76,5.98,3.01,10.4
1777887701.7022,2.34,9.44,17.7,7.26,26.93,41.65,3.09,10.23,40.9,1.29,3.27,31.71
1777887701.9025,0.05,13.27,25.93,-0.24,0.46,0.33,-0.03,9.17,4.97,18.28,2.48,24.01
1777887702.1028,12.8,16.43,11.28,0.2,0.25,0.58,1.51,30.68,9.07,1.46,0.12,1.81
1777887702.3032,10.64,13.62,9.06,0.84,-0.11,3.41,4.18,21.36,8.62,4.37,3.67,5.27
1777887702.5034,6.33,2.63,12.2,0.47,6.9,10.14,1.14,1.81,6.06,7.59,9.97,14.81
1777887702.7037,9.23,2.63,12.14,-0.21,0.95,6.91,1.33,9.07,7.67,6.95,3.21,11.28
1777887702.9039,10.45,9.74,11.87,0.31,0.31,5.54,1.87,14.27,8.63,7.8,0.72,7.0
1777887703.1042,9.07,-0.36,12.11,-0.05,2.26,7.25,1.29,6.45,7.97,7.21,5.31,11.15
1777887703.3045,9.23,2.34,12.1,-0.01,1.06,7.06,1.53,8.21,8.07,7.32,3.9,10.65
1777887703.5048,9.77,5.72,12.12,-0.05,-0.28,6.3,1.68,11.25,8.23,7.48,2.12,9.01
1777887703.7051,9.22,1.4,12.11,-0.05,1.21,7.0,1.37,7.71,8.21,7.42,4.47,10.37
1777887703.9053,9.53,3.46,12.11,-0.13,0.6,6.78,1.53,9.16,8.24,7.48,3.37,9.96
1777887704.1056,9.45,3.36,12.07,0.0,0.66,6.74,1.55,9.28,8.18,7.45,3.31,9.83
1777887704.3058,9.48,2.77,12.1,-0.05,0.75,6.79,1.47,8.79,8.2,7.44,3.55,10.03
1777887704.5061,9.38,3.26,12.07,0.01,0.69,6.69,1.55,9.17,8.19,7.33,3.41,9.9
1777887704.7064,9.39,2.99,12.08,0.01,0.69,6.77,1.52,8.88,8.27,7.37,3.54,9.89
1777887704.9066,9.33,3.15,12.2,-0.05,0.68,6.72,1.52,9.03,8.22,7.39,3.47,9.96
1777887705.1070,9.37,3.11,12.17,-0.07,0.78,6.79,1.52,9.02,8.22,7.41,3.53,9.92
1777887705.3073,9.41,3.01,12.12,-0.07,0.64,6.76,1.52,8.95,8.2,7.36,3.54,9.98
1777887705.5076,9.44,3.05,12.04,-0.08,0.7,6.76,1.49,9.02,8.25,7.33,3.54,9.9
1777887705.7078,9.37,3.01,12.02,-0.09,0.59,6.71,1.53,8.99,8.18,7.37,3.54,9.85
1777887705.9083,9.43,3.12,12.07,0.0,0.67,6.77,1.52,9.03,8.27,7.4,3.46,9.87
1777887706.1086,9.46,3.0,12.13,-0.09,0.69,6.73,1.52,8.93,8.26,7.36,3.49,9.9
1777887706.3088,9.4,3.03,12.05,0.06,0.62,6.79,1.56,8.97,8.23,7.37,3.47,9.96
1777887706.5091,9.41,3.16,12.19,0.0,0.69,6.8,1.56,8.99,8.3,7.39,3.47,9.98
1777887706.7095,9.49,3.06,12.12,-0.12,0.72,6.78,1.54,8.97,8.21,7.32,3.49,9.95
1777887706.9097,9.43,3.1,12.04,-0.13,0.72,6.75,1.47,8.95,8.19,7.41,3.55,9.99
1777887707.1101,9.48,3.08,12.2,-0.02,-0.79,6.7,1.53,9.01,8.17,7.39,3.49,9.99
1777887707.3104,9.35,3.15,12.12,0.0,0.66,6.74,1.5,8.98,8.17,7.35,3.51,9.91
1777887707.5106,9.41,3.06,12.08,-0.09,0.73,6.77,1.5,8.96,8.2,7.32,3.59,9.88
1777887707.7110,9.48,3.13,12.06,0.0,0.72,6.74,1.51,8.93,8.21,7.47,3.46,9.92
1777887707.9113,9.44,3.09,12.14,-0.1,0.61,6.72,1.55,9.04,8.21,7.4,3.54,9.95
1777887708.1116,9.5,3.23,12.17,0.03,0.52,6.74,1.56,8.97,8.26,7.36,3.43,9.86
1777887708.3121,9.4,2.97,12.17,-0.01,0.71,6.71,1.55,9.03,8.21,7.46,3.51,9.89
1777887708.5129,9.45,3.05,12.09,-0.11,0.64,6.74,1.54,8.96,8.11,7.42,3.51,10.0
1777887708.7134,9.38,3.12,12.17,0.0,0.66,6.75,1.54,9.09,8.19,7.39,3.51,9.83
1777887708.9137,9.39,3.04,12.19,-0.08,0.67,6.78,1.53,9.02,8.22,7.39,3.41,9.92
1777887709.1139,9.47,3.11,12.15,0.01,0.71,6.71,1.56,9.02,8.29,7.47,3.59,9.86
1777887709.3142,9.3,3.15,12.23,-0.05,0.63,6.74,1.5,8.93,8.3,7.4,3.55,9.85
1777887709.5145,9.39,3.13,12.1,-0.08,0.61,6.7,1.55,9.0,8.26,7.37,3.43,9.99
1777887709.7150,9.45,3.1,12.07,-0.02,0.81,6.71,1.53,8.98,8.22,7.45,3.58,9.87
1777887709.9157,9.5,3.11,12.09,-0.01,0.74,6.69,1.52,8.98,8.23,7.37,3.52,9.99
1777887710.1162,9.38,3.12,12.11,-0.05,0.75,6.71,1.5,8.92,8.21,7.36,3.5,9.94
1777887710.3166,9.52,3.1,12.16,-0.11,0.66,6.77,1.51,9.04,8.11,7.35,3.51,9.94
1777887710.5171,9.45,3.13,12.1,-0.08,0.67,6.75,1.54,9.02,8.17,7.35,3.51,9.98
1777887710.7173,9.43,3.05,12.08,0.03,0.74,6.75,1.47,8.94,8.3,7.46,3.44,9.98
1777887710.9176,9.39,3.16,12.11,-0.04,0.67,6.72,1.57,8.97,8.3,7.45,3.57,10.03
1777887711.1182,9.49,3.12,12.16,-0.12,0.78,6.74,1.46,8.97,8.24,7.31,3.5,9.97
1777887711.3185,9.42,3.19,12.14,-0.1,0.61,6.69,1.49,9.01,8.23,7.37,3.53,9.9
1777887711.5191,9.36,3.14,12.11,-0.04,0.77,6.74,1.5,8.98,8.2,7.36,3.5,9.93
1777887711.7195,9.46,3.07,12.12,-0.03,0.64,6.75,1.52,8.98,8.31,7.39,3.6,9.97
1777887711.9198,9.39,3.06,12.05,-0.05,0.8,6.72,1.53,8.97,8.24,7.32,3.46,10.08
1777887712.1201,9.39,3.16,12.18,-0.03,0.69,6.71,1.48,8.97,8.27,7.39,3.53,10.02
1777887712.3203,9.43,3.17,12.07,-0.07,0.6,6.73,1.52,8.95,8.17,7.46,3.5,9.92
1777887712.5207,9.43,3.09,12.05,-0.1,0.61,6.73,1.49,8.96,8.26,7.43,3.44,9.95
1777887712.7209,9.34,3.16,12.13,-0.01,0.69,6.73,1.52,8.99,8.3,7.4,3.55,9.9
1777887712.9212,9.38,3.11,12.12,-0.13,0.69,6.75,1.5,8.96,8.19,7.4,3.46,9.93
1777887713.1215,9.49,3.01,12.2,-0.13,0.69,6.74,1.5,8.91,8.22,7.33,3.47,9.89
1777887713.3218,9.46,3.14,12.14,-0.07,0.61,6.7,1.53,8.99,8.22,7.38,3.44,9.91
1777887713.5221,9.48,3.18,12.1,-0.04,0.7,6.72,1.55,8.95,8.22,7.36,3.48,9.96
1777887713.7223,9.4,3.07,12.13,-0.03,0.69,6.72,1.52,8.94,8.22,7.32,3.56,10.03
1777887713.9226,9.41,3.08,12.11,-0.1,0.7,6.72,1.5,8.96,8.21,7.42,3.46,9.88
1777887714.1228,9.39,3.09,12.17,0.02,0.8,6.74,1.48,8.95,8.27,7.46,3.59,9.99
1777887714.3232,9.46,3.12,12.18,-0.09,0.72,6.71,1.57,8.94,8.28,7.35,3.42,10.06
1777887714.5235,9.45,3.15,12.16,-0.08,0.73,6.71,1.56,8.93,8.21,7.4,3.45,10.09
1777887714.7237,9.47,3.17,12.17,-0.03,0.62,6.73,1.51,8.97,8.18,7.34,3.51,9.97
1777887714.9240,9.39,3.04,12.04,-0.08,0.68,6.74,1.51,8.89,8.25,7.42,3.54,10.1
1777887715.1243,9.48,3.09,12.04,-0.08,0.76,6.75,1.53,9.04,8.29,7.34,3.47,9.93
1777887715.3246,9.39,3.11,12.13,-0.1,0.78,6.75,1.54,8.93,8.21,7.32,3.53,9.9
1777887715.5248,9.43,3.08,12.12,-0.05,0.71,6.73,1.49,8.97,8.24,7.33,3.51,10.1
1777887715.7251,9.4,3.12,12.11,-0.13,0.73,6.71,1.49,8.92,8.22,7.39,3.57,9.96
1777887715.9253,9.45,3.16,12.04,-0.05,0.62,6.74,1.5,8.92,8.19,7.33,3.4,10.01
1777887716.1256,9.39,3.17,12.05,-0.03,0.79,6.72,1.51,8.96,8.29,7.4,3.44,10.02
1777887716.3258,9.52,3.03,12.14,-0.07,0.71,6.71,1.54,8.94,8.21,7.36,3.48,9.95
1777887716.5261,9.4,3.13,12.07,-0.12,0.79,6.72,1.5,8.97,8.16,7.36,3.52,9.94
1777887716.7263,9.5,3.14,12.09,-0.02,0.71,6.76,1.51,8.92,8.23,7.4,3.56,9.99
1777887716.9266,9.38,3.11,12.09,-0.08,0.74,6.74,1.51,8.91,8.24,7.39,3.55,9.97
1777887717.1269,9.48,3.2,12.05,-0.15,0.76,6.73,1.52,8.98,8.34,7.41,3.5,9.96
1777887717.3271,9.42,3.06,12.21,-0.11,0.8,6.75,1.49,8.94,8.25,7.39,3.47,9.91
1777887717.5274,9.45,3.12,12.12,-0.08,0.65,6.72,1.51,8.9,8.29,7.36,3.48,9.94
1777887717.7277,9.39,3.21,12.12,-0.07,0.8,6.73,1.49,8.95,8.27,7.34,3.55,10.02
1777887717.9279,9.43,3.16,12.27,0.0,0.68,6.72,1.54,8.95,8.32,7.41,3.52,9.92
1777887718.1282,9.4,3.05,12.17,-0.12,0.7,6.73,1.5,9.01,8.22,7.39,3.45,9.98
1777887718.3284,9.47,3.19,12.09,-0.09,0.7,6.75,1.49,8.94,8.17,7.36,3.41,9.98
1777887718.5287,9.44,3.11,12.13,-0.05,0.73,6.77,1.49,8.91,8.18,7.39,3.55,9.89
1777887718.7290,9.4,3.07,12.07,-0.15,0.63,6.76,1.48,8.96,8.17,7.31,3.48,9.9
1777887718.9295,9.32,3.07,12.16,-0.12,0.65,6.72,1.48,9.04,8.23,7.38,3.51,10.01
1777887719.1297,9.39,3.13,12.24,0.01,0.77,6.77,1.51,8.95,8.21,7.28,3.42,9.97
1777887719.3301,9.38,3.09,12.02,-0.06,0.68,6.77,1.53,8.97,8.21,7.45,3.54,10.0
1777887719.5304,9.5,3.17,12.16,0.01,0.75,6.77,1.53,8.97,8.26,7.42,3.55,9.98
1777887719.7308,9.45,3.07,12.12,-0.03,0.74,6.75,1.52,8.91,8.2,7.38,3.5,10.03
1777887719.9313,9.41,3.1,12.15,-0.15,0.77,6.75,1.45,8.91,8.22,7.37,3.47,9.88
1777887720.1316,9.49,3.14,12.18,-0.03,0.73,6.74,1.51,8.96,8.19,7.34,3.53,9.88
1777887720.3321,9.43,3.09,12.17,-0.02,0.67,6.73,1.54,8.96,8.21,7.31,3.63,10.01
1777887720.5324,9.43,3.15,12.03,-0.05,0.71,6.73,1.49,8.86,8.2,7.34,3.55,10.02
1777887720.7327,9.43,3.14,12.22,-0.14,0.55,6.72,1.5,8.93,8.23,7.38,3.48,9.95
1777887720.9329,9.39,3.07,12.19,-0.06,0.6,6.76,1.53,8.93,8.33,7.36,3.53,9.91
1777887721.1332,9.48,3.22,12.13,-0.08,0.7,6.74,1.55,8.9,8.28,7.47,3.47,9.9
1777887721.3338,9.5,3.15,12.08,-0.05,0.61,6.74,1.5,8.93,8.29,7.35,3.47,9.88
1777887721.5344,9.45,3.09,12.14,-0.03,0.73,6.71,1.55,8.99,8.2,7.35,3.49,9.97
1777887721.7350,9.5,3.16,12.11,-0.04,0.72,6.75,1.51,8.93,8.29,7.37,3.44,9.95
1777887721.9356,9.45,3.15,12.14,-0.07,0.77,6.77,1.49,8.94,8.27,7.36,3.53,10.01
1777887722.1359,9.41,3.11,12.06,-0.05,0.76,6.71,1.47,8.88,8.2,7.38,3.53,9.95
1777887722.3362,9.4,3.09,12.07,-0.14,0.75,6.75,1.48,8.95,8.2,7.37,3.46,9.97
1777887722.5365,9.4,3.11,12.11,0.0,0.75,6.75,1.48,8.94,8.3,7.35,3.48,9.94
1777887722.7368,9.36,3.12,12.1,-0.12,0.74,6.76,1.5,8.99,8.24,7.35,3.52,9.98
1777887722.9370,9.41,3.15,12.11,-0.03,0.76,6.74,1.51,9.02,8.19,7.4,3.48,9.98
1777887723.1373,9.36,3.12,12.11,-0.04,0.79,6.73,1.46,8.96,8.23,7.38,3.46,9.99
1777887723.3378,9.4,3.24,12.27,-0.03,0.71,6.71,1.52,8.94,8.25,7.37,3.46,9.95
1777887723.5381,9.38,3.18,12.15,0.01,0.74,6.74,1.52,8.96,8.26,7.39,3.52,9.98
1777887723.7384,9.31,3.07,12.07,0.0,0.72,6.74,1.53,8.91,8.21,7.36,3.58,9.92
1777887723.9386,9.46,3.06,12.14,0.0,0.78,6.71,1.54,8.92,8.19,7.38,3.51,10.01
1777887724.1389,9.39,3.18,12.08,-0.09,0.57,6.75,1.5,8.98,8.15,7.34,3.59,9.97
1777887724.3398,9.38,3.16,12.1,-0.03,0.74,6.73,1.51,8.85,8.23,7.38,3.49,9.93
1777887724.5400,9.41,3.21,12.07,-0.06,0.78,6.76,1.49,8.86,8.19,7.4,3.45,9.91
1777887724.7403,9.45,3.07,12.17,-0.11,0.73,6.75,1.51,8.92,8.28,7.39,3.49,9.93
1777887724.9405,9.45,3.11,12.09,0.0,0.69,6.73,1.49,8.93,8.24,7.41,3.48,9.91
1777887725.1408,9.37,3.16,12.19,-0.1,0.69,6.7,1.51,8.98,8.23,7.37,3.43,10.02
1777887725.3411,9.4,3.15,12.05,-0.04,0.75,6.73,1.49,9.0,8.18,7.39,3.42,9.94
1777887725.5414,9.37,3.16,12.16,0.02,0.75,6.71,1.48,8.89,8.27,7.32,3.55,9.94
1777887725.7417,9.43,3.14,12.15,-0.04,0.74,6.7,1.49,8.91,8.35,7.39,3.56,9.88
1777887725.9419,9.41,3.12,12.09,-0.1,0.71,6.72,1.51,8.85,8.19,7.38,3.47,10.07
1777887726.1422,9.37,3.04,12.18,0.0,0.68,6.73,1.45,8.87,8.3,7.43,3.44,9.89
1777887726.3426,9.41,3.13,12.13,-0.15,0.71,6.77,1.48,8.92,8.26,7.31,3.51,9.98
1777887726.5429,9.46,3.18,12.17,-0.03,0.74,6.74,1.5,8.93,8.24,7.44,3.58,9.88
1777887726.7431,9.47,3.12,12.14,-0.07,0.7,6.72,1.51,9.0,8.21,7.36,3.47,9.91
1777887726.9439,9.49,3.04,12.14,0.0,0.7,6.74,1.51,8.88,8.14,7.34,3.52,9.95
1777887727.1441,9.46,3.19,12.15,-0.11,0.63,6.75,1.49,8.95,8.2,7.37,3.5,10.0
1777887727.3448,9.39,3.16,12.15,-0.07,0.73,6.76,1.52,8.9,8.29,7.4,3.45,9.99
1777887727.5451,9.42,3.16,12.07,-0.05,0.73,6.71,1.52,8.91,8.23,7.29,3.5,9.87
1777887727.7453,9.44,3.14,12.07,-0.12,0.68,6.7,1.5,8.94,8.28,7.35,3.43,9.9
1777887727.9457,9.41,3.2,12.2,-0.03,0.78,6.72,1.53,8.85,8.31,7.43,3.42,9.92
1777887728.1459,9.48,3.18,12.11,-0.06,0.85,6.72,1.55,8.88,8.31,7.34,3.51,10.02
1777887728.3462,9.46,3.17,12.11,-0.1,0.65,6.75,1.5,8.94,8.2,7.37,3.52,9.84
1777887728.5464,9.42,3.09,12.07,-0.14,0.74,6.7,1.52,8.92,8.21,7.4,3.47,9.88
1777887728.7469,9.42,3.18,12.19,-0.06,0.54,6.74,1.5,8.91,8.28,7.41,3.52,9.9
1777887728.9471,9.42,3.24,12.11,-0.04,0.68,6.71,1.47,8.85,8.23,7.3,3.44,10.05
1777887729.1474,9.47,3.13,12.14,-0.04,0.69,6.75,1.54,8.92,8.2,7.37,3.47,9.95
1777887729.3477,9.42,3.2,12.14,-0.08,0.69,6.75,1.54,8.97,8.25,7.32,3.41,9.95
1777887729.5479,9.39,3.14,12.12,0.02,0.74,6.7,1.51,8.95,8.25,7.35,3.54,9.98
1777887729.7482,9.45,3.15,12.13,0.04,0.73,6.72,1.54,8.93,8.24,7.3,3.48,9.9
1777887729.9485,9.31,3.2,12.06,0.03,0.67,6.75,1.55,8.91,8.24,7.41,3.51,9.87
1777887730.1487,9.4,3.12,12.13,0.01,-0.77,6.73,1.52,8.9,8.26,7.29,3.5,9.91
1777887730.3490,9.43,3.19,12.07,0.03,0.76,6.73,1.51,8.94,8.25,7.34,3.49,9.97
1777887730.5493,9.4,3.03,12.09,-0.08,0.8,6.73,1.54,8.91,8.2,7.34,3.38,9.95
1777887730.7500,9.34,3.12,12.15,-0.03,0.71,6.7,1.45,8.89,8.2,7.26,3.42,9.9
1777887730.9503,9.38,3.24,12.13,-0.13,0.6,6.7,1.51,8.87,8.36,7.32,3.45,9.89
1777887731.1505,9.46,3.15,12.13,-0.04,0.73,6.76,1.55,9.0,8.22,7.32,3.52,10.0
1777887731.3508,9.45,3.19,12.11,-0.07,0.79,6.77,1.54,8.95,8.18,7.34,3.42,9.95
1777887731.5512,9.4,3.16,12.02,-0.09,0.63,6.75,1.49,9.0,8.18,7.34,3.43,9.95
1777887731.7517,9.41,3.13,12.21,-0.16,0.67,6.71,1.53,8.95,8.27,7.28,3.4,10.0
1777887731.9521,9.42,3.17,12.13,0.0,0.7,6.71,1.56,8.96,8.24,7.37,3.37,9.96
1777887732.1525,9.42,3.08,12.14,-0.11,0.69,6.75,1.49,8.87,8.2,7.37,3.41,9.94
1777887732.3529,9.47,3.12,12.13,-0.02,0.74,6.69,1.53,9.0,8.28,7.42,3.38,9.96
1777887732.5534,9.4,3.15,12.13,-0.05,0.7,6.73,1.5,8.95,8.39,7.31,3.38,10.03
1777887732.7539,9.3,3.15,12.05,-0.13,0.68,6.76,1.5,8.96,8.25,7.31,3.39,9.95
1777887732.9545,9.4,3.22,12.12,-0.02,0.74,6.72,1.52,8.94,8.27,7.3,3.41,9.92
1777887733.1550,9.39,3.15,12.07,0.01,0.65,6.71,1.54,8.92,8.26,7.33,3.35,9.98
1777887733.3556,9.35,3.12,12.06,-0.1,0.64,6.74,1.5,8.89,8.22,7.32,3.47,10.0
1777887733.5559,9.38,3.08,12.23,-0.06,0.64,6.72,1.54,9.03,8.26,7.36,3.48,9.82
1777887733.7561,9.43,3.11,12.22,-0.02,0.73,6.7,1.54,8.93,8.27,7.34,3.47,9.88
1777887733.9564,9.45,3.12,12.02,0.0,0.77,6.75,1.54,8.94,8.44,7.38,3.45,9.95
1777887734.1567,9.4,3.25,12.18,-0.07,0.69,6.75,1.49,8.88,8.25,7.35,3.41,9.89
1777887734.3569,9.43,3.21,12.19,-0.17,0.63,6.69,1.55,8.94,8.17,7.35,3.44,9.94
1777887734.5572,9.44,3.12,12.18,-0.1,0.74,6.74,1.47,8.88,8.23,7.29,3.4,9.88
1777887734.7575,9.42,3.12,12.2,-0.07,0.72,6.74,1.5,8.95,8.26,7.31,3.45,9.96
1777887734.9578,9.38,3.13,12.15,-0.01,0.7,6.7,1.52,8.92,8.32,7.32,3.42,9.99
1777887735.1585,9.43,3.14,12.11,-0.03,0.63,6.77,1.5,8.94,8.25,7.36,3.38,9.93
1777887735.3588,9.42,3.22,12.16,-0.08,0.66,6.75,1.51,8.9,8.18,7.35,3.49,9.88
1777887735.5591,9.37,3.09,12.1,-0.05,0.73,6.68,1.51,9.01,8.17,7.31,3.48,10.0
1777887735.7593,9.39,3.14,12.23,0.0,0.72,6.7,1.53,8.92,8.31,7.37,3.42,9.9
1777887735.9597,9.38,3.14,12.19,-0.01,0.63,6.74,1.52,8.93,8.31,7.4,3.47,9.93
1777887736.1600,9.44,3.15,12.11,-0.03,0.75,6.68,1.55,8.92,8.23,7.35,3.37,9.96
1777887736.3602,9.44,3.13,12.12,-0.08,0.67,6.74,1.49,8.96,8.24,7.37,3.47,9.96
1777887736.5605,9.42,3.17,12.14,-0.08,0.64,6.74,1.52,8.97,8.25,7.4,3.48,9.8
1777887736.7607,9.53,3.25,12.16,-0.05,0.78,6.67,1.51,8.97,8.3,7.33,3.5,10.02
1777887736.9610,9.4,3.15,12.12,0.03,0.65,6.66,1.49,8.95,8.26,7.27,3.45,9.98
1777887737.1613,9.46,3.15,12.11,-0.01,0.75,6.72,1.54,8.87,8.21,7.28,3.41,9.92
1777887737.3615,9.51,3.18,12.09,-0.07,0.69,6.7,1.48,8.96,8.12,7.37,3.45,9.95
1777887737.5618,9.45,3.17,12.13,-0.03,0.73,6.68,1.52,8.98,8.27,7.31,3.43,9.95
1777887737.7620,9.44,3.14,12.14,-0.03,0.72,6.71,1.55,8.95,8.26,7.35,3.42,9.9
1777887737.9623,9.48,3.17,12.12,-0.05,0.78,6.69,1.52,8.93,8.21,7.38,3.42,9.86
1777887738.1625,9.45,3.19,12.15,-0.03,0.7,6.7,1.51,8.95,8.21,7.4,3.44,9.89
1777887738.3628,9.47,3.2,12.17,-0.09,0.68,6.69,1.52,8.92,8.33,7.35,3.41,9.92
1777887738.5630,9.39,3.21,12.1,-0.01,0.71,6.74,1.52,8.93,8.27,7.31,3.39,9.92
1777887738.7633,9.37,3.24,12.09,0.01,0.74,6.69,1.48,8.92,8.32,7.35,3.48,9.88
1777887738.9636,9.43,3.11,12.11,-0.03,0.68,6.74,1.49,8.89,8.32,7.37,3.41,10.03
1777887739.1638,9.44,3.21,12.17,-0.03,0.74,6.67,1.49,8.85,8.24,7.37,3.37,9.97
1777887739.3641,9.47,3.18,12.15,-0.13,0.65,6.66,1.49,8.93,8.31,7.3,3.41,9.85
1777887739.5644,9.49,3.2,12.07,-0.09,0.65,6.65,1.5,8.95,8.23,7.38,3.43,9.99
1777887739.7647,9.39,3.13,12.13,-0.14,0.68,6.74,1.53,9.02,8.26,7.36,3.4,9.95
1777887739.9650,9.32,3.15,12.17,-0.1,0.65,6.69,1.52,8.94,8.24,7.35,3.44,9.88
1777887740.1652,9.45,3.17,12.15,-0.1,0.72,6.69,1.51,8.91,8.21,7.38,3.48,9.95
1777887740.3655,9.43,3.14,12.1,-0.06,0.69,6.68,1.51,9.02,8.29,7.27,3.42,9.88
1777887740.5657,9.47,3.12,12.13,-0.04,0.76,6.72,1.5,8.95,8.22,7.37,3.36,9.87
1777887740.7660,9.46,3.18,12.13,-0.11,0.73,6.7,1.54,8.98,8.19,7.34,3.39,9.95
1777887740.9663,9.35,3.08,12.12,0.02,0.71,6.7,1.52,8.96,8.24,7.29,3.46,9.92
1777887741.1665,9.5,3.12,12.16,-0.07,0.7,6.71,1.52,8.94,8.27,7.32,3.42,9.98
1777887741.3668,9.38,3.19,12.19,-0.04,0.69,6.71,1.54,9.01,8.12,7.38,3.46,9.89
1777887741.5671,9.38,3.14,12.13,0.04,0.61,6.73,1.52,9.01,8.27,7.35,3.41,9.99
1777887741.7673,9.36,3.14,12.13,-0.09,0.79,6.71,1.52,8.92,8.17,7.37,3.38,9.91
1777887741.9676,9.4,3.14,12.12,-0.02,0.68,6.66,1.49,8.92,8.23,7.35,3.43,9.93
1777887742.1678,9.39,3.16,12.11,-0.01,-0.8,6.71,1.52,8.98,8.22,7.31,3.39,9.93
1777887742.3681,9.42,3.14,12.1,-0.1,0.64,6.74,1.5,8.95,8.25,7.39,3.48,9.93
1777887742.5684,9.33,3.16,11.97,-0.09,0.7,6.74,1.55,8.96,8.24,7.36,3.41,9.9
1777887742.7691,2.47,24.05,10.03,0.12,16.05,32.37,1.78,7.11,33.88,3.7,18.23,8.69
1777887742.9694,6.16,0.77,24.95,0.57,5.93,1.21,1.28,2.25,14.52,11.12,4.22,12.36
1777887743.1698,10.28,20.14,7.42,1.5,2.02,1.06,0.62,30.73,10.92,0.76,0.13,1.75
1777887743.3702,5.73,5.21,9.47,0.2,5.21,7.95,0.83,12.94,7.57,5.21,6.12,8.82
1777887743.5714,5.37,0.33,10.65,1.3,6.63,10.86,-0.05,1.87,7.64,7.3,8.94,14.15
1777887743.7717,7.65,8.32,10.9,0.0,-0.44,6.44,-0.08,12.05,8.69,6.09,1.76,8.38
1777887743.9730,7.0,4.3,11.25,0.27,2.05,7.21,-0.03,9.98,8.69,6.56,3.21,8.9
1777887744.1733,0.92,1.3,0.08,2.14,8.35,28.85,0.62,1.2,26.3,0.66,15.85,16.09
1777887744.3756,4.17,18.93,16.26,0.94,23.14,16.78,2.49,16.84,21.78,1.23,25.6,27.13
1777887744.5762,11.77,7.11,23.0,0.06,2.54,-0.43,0.38,12.36,3.85,13.04,5.19,11.67
1777887744.7764,16.46,22.16,5.88,2.01,1.55,1.28,0.79,45.3,7.75,1.05,-0.06,2.01
1777887744.9767,9.98,4.41,9.53,1.28,6.16,9.76,4.67,12.16,5.87,6.94,7.57,9.78
1777887745.1773,8.19,2.18,6.64,2.03,10.37,20.06,0.95,0.43,14.19,3.69,9.43,6.76
1777887745.3778,-0.03,4.6,9.5,0.2,35.61,0.26,0.67,3.92,3.31,7.89,6.65,32.06
1777887745.5780,5.8,3.22,23.13,0.05,0.18,2.71,0.12,1.12,8.41,13.12,5.43,9.85
1777887745.7785,14.92,23.24,8.56,1.93,2.28,0.57,2.07,11.68,13.14,4.79,9.05,4.28
1777887745.9788,9.4,6.99,13.94,1.87,4.67,4.23,-0.12,-0.25,8.09,8.64,1.34,11.08
1777887746.1790,10.47,1.99,13.37,0.6,5.3,8.08,0.58,2.39,8.26,10.45,5.38,14.87
1777887746.3792,10.6,9.48,14.06,1.19,1.25,3.53,-0.13,1.44,8.86,8.64,3.05,11.33
1777887746.5797,10.95,10.74,13.76,1.13,1.28,2.71,-0.03,1.71,9.68,8.04,2.94,10.09
1777887746.7801,10.52,5.64,13.99,0.86,3.79,4.69,0.04,1.16,8.8,8.89,-0.05,12.14
1777887746.9803,10.71,8.18,13.98,0.7,2.07,3.57,-0.04,0.35,9.09,8.34,2.04,11.71
1777887747.1806,10.68,9.2,14.03,1.01,1.77,3.54,-0.04,0.45,9.32,8.43,1.83,11.13
1777887747.3809,10.5,7.53,13.98,0.77,2.57,3.99,-0.06,-0.24,9.16,8.54,0.95,11.69
1777887747.5812,10.59,8.34,13.93,0.9,2.14,3.52,0.02,0.2,9.2,8.27,1.83,11.5
1777887747.7814,10.54,8.09,13.98,0.82,2.36,3.74,-0.01,-0.2,9.18,8.53,1.47,11.63
1777887747.9817,10.62,8.3,13.9,0.9,2.14,3.63,-0.04,0.06,9.22,8.48,1.64,11.53
1777887748.1821,3.3,5.22,14.21,7.52,8.66,16.89,1.28,3.65,4.25,1.98,17.36,3.82
1777887748.3823,5.63,5.05,26.2,-0.03,0.66,-0.28,0.57,1.69,2.37,16.64,2.68,18.36
1777887748.5827,16.42,19.62,7.45,1.61,3.13,-0.5,1.84,41.27,8.07,0.82,-0.02,2.12
1777887748.7828,12.53,14.5,8.63,2.42,3.59,4.17,6.15,23.51,6.45,4.45,4.25,5.25
1777887748.9831,9.46,1.08,10.95,0.58,7.25,11.09,2.91,1.71,6.09,9.28,9.67,14.21
1777887749.1834,11.29,4.61,11.82,0.08,1.1,6.99,3.58,9.92,7.59,7.71,2.51,10.55
1777887749.3836,12.44,10.29,11.61,-0.01,-0.15,5.66,4.32,13.89,8.4,8.08,0.63,7.17
1777887749.5838,11.02,1.02,11.69,-0.08,3.31,7.63,3.41,6.02,7.74,7.83,5.48,11.39
1777887749.7841,11.34,5.0,11.76,-0.07,1.03,6.61,3.82,9.75,7.9,7.83,2.78,9.93
1777887749.9845,11.61,6.19,11.75,0.03,0.67,6.27,3.88,10.54,8.18,7.75,2.44,9.13
1777887750.1847,11.36,3.17,11.73,0.0,1.91,7.01,3.62,7.92,8.01,7.69,4.16,10.39
1777887750.3850,11.47,5.21,11.75,-0.06,0.96,6.52,3.89,9.8,8.03,7.83,2.82,9.7
1777887750.5852,11.37,4.34,11.79,-0.06,1.48,6.69,3.74,9.06,7.99,7.8,3.29,9.9
1777887750.7855,11.52,4.61,11.79,-0.07,1.26,6.58,3.84,9.16,8.01,7.78,3.17,9.97
1777887750.9858,11.43,4.55,11.79,-0.06,1.22,6.69,3.71,9.2,8.04,7.89,3.21,9.91
1777887751.1860,11.4,4.67,11.92,-0.12,1.3,6.62,3.77,9.12,8.06,7.74,3.14,9.92
1777887751.3862,11.3,4.61,11.75,-0.06,1.23,6.72,3.73,9.15,8.06,7.84,3.25,9.85
1777887751.5865,11.46,4.57,11.78,-0.09,1.27,6.69,3.8,9.18,8.08,7.76,3.15,9.86
1777887751.7867,11.29,4.58,11.84,-0.04,1.25,6.7,3.78,9.21,8.13,7.77,3.22,9.93
1777887751.9871,11.4,4.58,11.83,-0.02,1.18,6.65,3.78,9.22,7.99,7.78,3.22,9.86
1777887752.1873,11.45,4.64,11.78,-0.09,1.26,6.65,3.81,9.17,8.03,7.81,3.21,9.89
1777887752.3877,11.44,4.59,11.79,0.04,1.32,6.67,3.81,9.14,8.06,7.76,3.26,9.91
1777887752.5880,11.38,4.56,11.89,-0.18,1.28,6.67,3.81,9.11,8.04,7.76,3.23,9.88
1777887752.7882,11.29,4.61,11.76,-0.08,1.28,6.67,3.83,9.15,7.98,7.8,3.23,10.06
1777887752.9885,11.47,4.58,11.79,0.0,1.39,6.7,3.76,9.19,8.02,7.74,3.14,10.0
1777887753.1888,3.16,1.66,0.83,-0.26,3.9,9.33,8.66,29.61,10.46,-0.99,11.77,14.34
1777887753.3890,11.94,29.67,15.02,5.61,-6.79,32.39,7.03,1.15,33.41,34.23,34.72,21.66
1777887753.5893,22.35,17.73,4.3,1.08,-0.11,7.08,-0.06,5.89,41.65,5.43,4.38,9.78
1777887753.7896,4.39,4.35,22.12,-0.48,0.82,6.88,10.71,3.66,7.65,6.17,5.04,9.53
1777887753.9898,9.71,5.73,13.85,-0.03,0.62,6.23,0.84,4.28,12.98,5.02,0.22,11.08
1777887754.1901,7.73,8.81,14.16,-0.09,1.02,3.73,5.06,-0.06,11.7,3.17,6.35,7.55
1777887754.3904,8.09,7.75,13.69,-0.06,0.88,4.31,3.37,2.26,12.21,4.35,2.83,8.73
1777887754.5909,7.92,7.13,13.92,0.0,0.33,4.3,3.84,2.31,11.79,3.87,3.07,9.2
1777887754.7912,7.94,8.76,13.9,0.0,1.0,4.08,3.97,0.8,12.01,4.03,4.08,8.22
1777887754.9921,7.92,7.57,13.9,-0.06,0.52,4.38,3.68,2.16,11.99,4.18,3.1,8.85
1777887755.1926,8.08,8.27,13.83,0.01,0.8,4.16,3.88,1.53,12.0,4.06,3.59,8.65
1777887755.3932,7.95,7.88,13.88,-0.05,0.57,4.31,3.75,1.82,11.98,4.12,3.34,8.76
1777887755.5939,7.95,8.04,13.85,-0.03,0.72,4.28,3.93,1.62,11.97,4.13,3.56,8.72
1777887755.7942,7.99,7.94,13.87,-0.04,0.64,4.33,3.8,1.77,11.97,4.07,3.43,8.75
1777887755.9944,8.03,7.98,13.84,0.03,0.69,4.19,3.76,1.72,11.97,4.09,3.43,8.79
1777887756.1948,8.03,8.0,13.87,-0.1,0.67,4.38,3.87,1.68,11.98,4.11,3.46,8.78
1777887756.3951,7.99,7.95,13.86,0.0,0.56,4.39,3.71,1.68,12.02,4.11,3.51,8.7
1777887756.5953,8.07,7.97,13.9,-0.01,0.63,4.32,3.75,1.7,11.97,4.09,3.46,8.76
1777887756.7956,8.01,7.96,13.88,0.0,0.66,4.23,3.79,1.63,11.98,4.12,3.52,8.76
1777887756.9959,8.04,7.99,13.89,-0.06,0.66,4.39,3.83,1.6,11.97,4.11,3.41,8.79
1777887757.1961,8.02,8.01,13.84,-0.02,0.67,4.28,3.83,1.69,11.99,4.09,3.44,8.7
1777887757.3964,8.01,7.96,13.47,-0.1,0.57,4.32,3.77,1.71,11.99,4.11,3.5,8.7
1777887757.5967,8.01,8.14,10.94,-0.1,0.44,4.33,4.16,1.7,12.09,3.78,3.4,8.7
1777887757.7972,7.8,8.98,7.88,0.06,-0.01,4.86,4.74,1.65,12.81,2.47,2.87,8.47
1777887757.9974,5.27,8.91,5.69,0.92,1.08,7.54,8.43,1.08,13.39,0.72,2.35,6.63
1777887758.1977,1.98,5.47,4.64,5.88,7.8,14.58,13.77,1.27,16.33,3.25,2.38,3.41
1777887758.3983,2.06,4.33,4.2,6.2,5.01,17.78,17.98,4.49,17.91,3.18,0.22,0.62
1777887758.5986,2.28,3.12,3.78,7.34,2.34,17.34,20.47,11.06,17.3,3.64,3.04,0.31
1777887758.7988,1.95,3.31,-3.75,7.83,1.53,17.32,22.38,15.94,15.22,0.79,1.62,0.45
1777887758.9992,-0.14,1.29,5.12,0.04,4.14,14.24,23.46,13.95,8.9,4.49,3.63,-0.27
1777887759.1996,0.11,1.62,6.48,-0.35,3.52,14.38,23.0,14.72,8.72,4.01,3.33,0.29
1777887759.3999,0.54,2.27,8.56,2.52,2.98,14.19,22.6,17.36,8.87,3.76,3.25,-0.3
1777887759.6005,0.5,2.01,9.56,0.68,3.1,14.26,22.54,14.95,8.8,3.79,3.27,-0.26
1777887759.8007,0.94,2.31,11.68,1.75,3.52,14.25,22.35,16.14,9.02,3.56,3.17,0.23
1777887760.0010,1.13,2.11,13.23,0.91,3.73,14.16,21.96,15.58,9.0,3.66,3.22,-0.28
1777887760.2014,2.36,1.64,14.0,1.47,4.32,14.0,21.38,15.99,9.33,3.62,3.15,0.29
1777887760.4016,2.36,1.57,14.15,1.34,4.29,14.07,21.26,15.85,9.3,3.69,3.23,0.09
1777887760.6019,2.6,1.73,14.54,1.38,4.29,14.13,21.33,15.99,9.37,3.64,3.19,0.21
1777887760.8022,2.59,1.7,15.42,1.29,4.28,13.99,21.24,15.81,9.41,3.73,3.17,0.26
1777887761.0024,3.16,1.26,15.12,1.35,4.63,13.9,21.01,15.95,9.61,3.64,3.18,0.25
1777887761.2027,3.25,1.28,16.16,1.38,4.63,13.88,21.0,15.88,9.75,3.75,3.24,-0.29
1777887761.4028,3.88,1.18,18.03,1.21,5.01,13.88,20.97,15.95,9.74,3.67,3.24,-0.29
1777887761.6030,4.21,1.11,18.45,0.95,5.08,13.78,20.79,16.22,9.79,3.69,3.23,0.19
1777887761.8033,16.15,24.51,19.05,1.06,-1.19,3.16,24.3,41.73,8.93,3.09,9.84,19.46
1777887762.0036,3.06,1.13,18.63,6.1,1.33,1.3,27.73,4.29,31.19,2.37,17.83,15.13
1777887762.2040,14.97,1.2,16.58,5.5,1.37,18.41,-0.04,5.79,7.95,11.93,13.94,17.94
1777887762.4047,10.83,1.6,13.75,3.64,3.05,6.98,3.86,0.84,7.18,9.8,1.24,14.8
1777887762.6050,12.63,11.23,12.04,1.0,1.8,3.75,6.56,5.36,10.42,9.64,5.23,5.43
1777887762.8053,11.29,6.04,9.65,3.04,0.52,4.98,5.62,1.34,10.61,7.88,2.41,7.71
1777887763.0055,7.66,3.03,7.74,5.47,3.59,9.51,9.02,-0.07,11.73,6.64,0.09,8.3
1777887763.2058,5.24,8.25,4.92,8.11,5.1,11.53,14.06,5.76,14.12,1.56,1.39,2.53
1777887763.4065,2.45,5.58,4.5,9.33,6.36,16.42,18.42,7.26,15.51,0.05,-0.05,1.3
1777887763.6068,8.46,6.93,5.14,7.12,0.55,12.99,16.31,3.2,18.44,0.23,3.02,1.46
1777887763.8070,2.8,0.35,5.19,3.18,2.8,4.98,7.91,5.21,4.12,4.2,4.32,3.58
1777887764.0073,0.56,1.2,2.14,0.08,-0.01,1.1,3.04,3.05,2.29,0.0,-0.16,1.71
1777887764.2076,3.25,2.38,0.12,3.06,3.56,1.66,3.44,3.39,0.79,3.89,3.06,0.64
1777887764.4078,3.36,2.71,0.04,2.89,3.01,1.67,3.43,3.33,0.8,3.62,3.14,0.47
1777887764.6081,3.34,2.73,-0.07,2.84,2.91,1.66,3.29,3.63,0.82,3.69,3.07,0.44
1777887764.8084,3.44,2.7,0.05,2.86,2.93,1.67,3.38,3.32,0.81,3.57,3.03,0.5
1777887765.0087,3.33,2.68,0.02,2.88,2.92,1.66,3.37,3.39,0.8,3.57,3.04,0.48
1777887765.2090,3.25,2.69,0.0,2.91,3.01,1.69,3.4,3.49,0.77,3.69,3.06,0.41
1777887765.4093,3.35,2.72,0.06,2.74,3.02,1.7,3.4,3.42,0.78,3.71,3.09,0.43
1777887765.6096,3.27,2.63,-0.04,2.95,2.97,1.67,3.37,3.4,0.79,3.65,3.11,0.49
1777887765.8100,3.33,2.65,0.04,2.92,2.98,1.7,3.38,3.32,0.78,3.68,3.01,0.44
1777887766.0103,3.27,2.67,0.02,2.87,2.94,1.69,3.34,3.38,0.78,3.58,3.12,0.38
1777887766.2106,3.3,2.67,-0.04,2.82,3.04,1.67,3.39,3.4,0.76,3.67,3.03,0.48
1777887766.4108,3.3,2.69,0.01,2.89,3.08,1.69,3.34,3.38,0.79,3.65,3.04,0.46
1777887766.6110,3.39,2.66,-0.03,2.87,2.95,1.67,3.38,3.34,0.78,3.6,3.12,0.46
1777887766.8115,3.25,2.64,-0.01,2.97,3.01,1.67,3.32,3.35,0.78,3.67,3.08,0.42
1777887767.0124,3.3,2.64,0.02,2.77,3.01,1.65,3.41,3.37,0.81,3.6,3.09,0.44
1777887767.2128,3.2,2.63,0.04,2.93,2.95,1.67,3.28,3.39,0.84,3.6,3.08,0.43
1777887767.4131,3.3,2.66,0.0,2.96,2.98,1.66,3.38,3.4,0.83,3.6,3.06,0.42
1777887767.6134,3.2,2.64,-0.01,2.88,2.98,1.66,3.43,3.4,0.83,3.58,3.14,0.39
1777887767.8142,3.37,2.65,0.02,2.83,2.92,1.69,3.4,3.43,0.79,3.65,3.06,0.43
1777887768.0146,3.23,2.64,0.0,2.93,2.92,1.64,3.29,3.44,0.8,3.64,3.08,0.43
1777887768.2148,3.3,2.68,0.01,2.87,3.0,1.64,3.38,3.38,0.84,3.66,3.03,0.51
1777887768.4152,3.3,2.61,-0.01,2.86,2.93,1.69,3.3,3.37,0.78,3.63,3.04,0.44
1777887768.6155,3.17,2.64,0.0,2.86,2.94,1.68,3.36,3.47,0.8,3.62,3.03,0.44
1777887768.8160,3.15,2.65,-0.03,2.83,3.01,1.69,3.36,3.3,0.82,3.73,3.08,0.45
1777887769.0165,3.28,2.62,0.02,2.82,2.92,1.67,3.41,3.41,0.79,3.73,3.06,0.5
1777887769.2168,3.22,2.63,0.0,2.94,2.94,1.66,3.34,3.42,0.87,3.73,3.13,0.48
1777887769.4174,3.19,2.62,0.03,2.85,2.97,1.68,3.34,3.38,0.81,3.59,3.15,0.42
1777887769.6179,3.29,2.64,0.0,2.85,2.94,1.69,3.41,3.46,0.8,3.73,3.08,0.43
1777887769.8182,3.33,2.6,-0.01,2.87,3.08,1.67,3.32,3.4,0.78,3.71,3.12,0.5
1777887770.0184,3.21,2.61,0.0,2.91,2.87,1.66,3.42,3.41,0.78,3.56,3.06,0.45
1777887770.2189,3.23,2.62,-0.02,2.9,2.92,1.68,3.3,3.29,0.81,3.53,3.07,0.48
1777887770.4192,3.25,2.63,-0.03,2.85,2.92,1.66,3.37,3.35,0.75,3.61,3.06,0.47
1777887770.6197,3.29,2.61,-0.01,2.82,2.89,1.66,3.28,3.46,0.81,3.65,3.06,0.46
1777887770.8199,3.19,2.61,0.0,2.83,2.94,1.65,3.38,3.34,0.78,3.64,3.1,0.42
1777887771.0205,3.18,2.62,-0.02,2.91,3.0,1.65,3.3,3.38,0.8,3.65,3.13,0.49
1777887771.2207,3.33,2.65,0.0,2.88,2.96,1.67,3.35,3.24,0.74,3.54,3.09,0.45
1777887771.4210,3.18,2.63,0.0,2.84,2.9,1.68,3.37,3.33,0.79,3.74,3.1,0.47
1777887771.6212,3.21,2.61,0.0,2.8,2.97,1.68,3.33,3.4,0.82,3.55,3.09,0.44
1777887771.8216,3.27,2.61,0.0,2.82,2.94,1.66,3.31,3.28,0.83,3.76,3.08,0.44
1777887772.0219,3.2,2.66,0.0,2.9,2.93,1.67,3.29,3.36,0.84,3.62,3.12,0.45
1777887772.2222,3.16,2.64,0.0,2.96,2.94,1.66,3.39,3.39,0.8,3.62,3.08,0.44
1777887772.4224,3.22,2.61,0.0,2.85,2.92,1.67,3.4,3.46,0.84,3.61,3.09,0.43
1777887772.6227,3.24,2.62,-0.01,2.89,2.91,1.66,3.36,3.3,0.83,3.66,3.12,0.43
1777887772.8230,3.33,2.62,0.02,2.83,2.9,1.64,3.26,3.38,0.81,3.64,3.09,0.39
1777887773.0232,3.22,2.62,0.0,2.77,2.94,1.65,3.31,3.47,0.82,3.68,3.1,0.46
1777887773.2235,3.18,2.62,0.0,2.84,2.91,1.67,3.29,3.34,0.82,3.55,3.07,0.44
1777887773.4238,3.35,2.64,0.0,2.85,2.91,1.67,3.43,3.4,0.77,3.65,3.08,0.45
1777887773.6241,3.19,2.64,0.0,2.95,2.93,1.65,3.36,3.25,0.79,3.64,3.11,0.41
1777887773.8244,3.29,2.62,0.0,2.95,3.02,1.66,3.25,3.4,0.79,3.61,3.07,0.42
1777887774.0246,3.24,2.62,0.0,2.83,2.98,1.65,3.22,3.43,0.83,3.61,3.1,0.47
1777887774.2249,3.17,2.63,-0.01,2.94,3.0,1.67,3.34,3.41,0.84,3.7,3.14,0.42
1777887774.4252,3.21,2.6,-0.02,2.84,2.95,1.63,3.35,3.51,0.77,3.61,3.06,0.42
1777887774.6254,3.19,2.62,0.0,2.86,3.02,1.63,3.38,3.35,0.81,3.48,3.15,0.48
1777887774.8257,3.2,2.63,0.0,2.9,3.03,1.68,3.25,3.37,0.81,3.6,3.04,0.46
1777887775.0260,3.2,2.63,-0.05,2.79,2.87,1.65,3.42,3.28,0.81,3.65,3.09,0.43
1777887775.2264,3.27,2.6,0.03,2.91,2.92,1.64,3.35,3.37,0.77,3.64,3.07,0.46
1777887775.4267,3.18,2.61,0.0,2.88,2.96,1.68,3.35,3.43,0.75,3.64,3.15,0.44
1777887775.6270,3.11,2.58,-0.03,2.82,2.95,1.63,3.35,3.5,0.76,3.55,3.04,0.47
1777887775.8272,3.31,2.6,-0.04,2.83,2.94,1.68,3.35,3.36,0.84,3.65,3.09,0.43
1777887776.0275,3.28,2.57,-0.03,2.88,2.93,1.66,3.34,3.3,0.78,3.63,3.17,0.4
1777887776.2278,3.2,2.65,0.0,2.86,2.95,1.64,3.37,3.28,0.81,3.66,3.13,0.45
1777887776.4280,3.11,2.59,0.01,2.87,2.93,1.66,3.33,3.43,0.81,3.59,3.2,0.44
1777887776.6283,3.23,2.62,0.0,2.82,2.98,1.64,3.42,3.45,0.81,3.59,3.08,0.46
1777887776.8285,3.25,2.63,0.0,2.87,2.98,1.68,3.35,3.34,0.83,3.64,3.15,0.43
1777887777.0288,3.22,2.58,0.0,2.82,2.91,1.65,3.34,3.44,0.82,3.6,3.08,0.38
1777887777.2291,3.31,2.58,0.0,2.94,3.0,1.66,3.35,3.41,0.72,3.5,3.09,0.45
1777887777.4293,3.29,2.61,-0.02,2.84,2.92,1.66,3.39,3.34,0.77,3.52,3.03,0.43
1777887777.6296,3.26,2.6,-0.01,2.87,2.93,1.64,3.35,3.32,0.85,3.6,3.05,0.48
1777887777.8299,3.17,2.58,0.0,2.89,2.94,1.67,3.37,3.45,0.78,3.54,3.12,0.48
1777887778.0302,3.22,2.61,0.0,2.92,2.97,1.67,3.4,3.34,0.8,3.55,3.12,0.5
1777887778.2307,3.24,2.62,0.01,2.88,2.96,1.66,3.38,3.46,0.79,3.52,3.08,0.45
1777887778.4311,3.29,2.58,0.0,2.86,2.95,1.65,3.4,3.32,0.81,3.58,3.06,0.45
1777887778.6314,3.15,2.59,-0.02,2.88,2.92,1.66,3.35,3.44,0.78,3.58,3.12,0.52
1777887778.8316,3.19,2.58,0.0,2.88,2.95,1.68,3.29,3.38,0.81,3.44,3.06,0.42
1777887779.0326,3.27,2.59,-0.02,2.92,3.01,1.65,3.4,3.34,0.76,3.52,3.07,0.44
1777887779.2329,3.25,2.59,-0.03,2.89,2.97,1.68,3.38,3.4,0.8,3.46,3.04,0.48
1777887779.4339,3.26,2.58,0.0,2.82,2.95,1.69,3.37,3.4,0.83,3.51,3.1,0.46
1777887779.6343,3.21,2.59,-0.04,2.89,2.94,1.68,3.39,3.37,0.82,3.67,3.12,0.43
1777887779.8354,3.27,2.61,0.0,2.89,2.9,1.68,3.28,3.33,0.83,3.61,3.06,0.47
1777887780.0358,3.22,2.58,0.0,2.88,2.98,1.65,3.4,3.41,0.82,3.58,3.09,0.46
1777887780.2362,3.19,2.61,-0.02,2.88,2.99,1.67,3.41,3.46,0.8,3.58,3.15,0.45
1777887780.4365,3.22,2.6,-0.02,2.87,2.97,1.67,3.37,3.41,0.75,3.52,3.08,0.43
1777887780.6371,3.25,2.57,0.0,2.84,2.9,1.67,3.36,3.43,0.78,3.53,3.1,0.49
1777887780.8374,3.25,2.62,0.02,2.98,2.94,1.64,3.38,3.43,0.83,3.53,3.05,0.47
1777887781.0378,3.23,2.63,-0.01,2.86,3.01,1.65,3.38,3.44,0.82,3.53,3.14,0.48
1777887781.2381,3.11,2.59,0.01,2.77,3.0,1.68,3.36,3.4,0.88,3.58,3.09,0.46
1777887781.4387,3.17,2.55,-0.02,2.9,3.0,1.67,3.23,3.41,0.85,3.55,3.08,0.51
1777887781.6389,3.31,2.58,0.01,2.89,2.96,1.65,3.37,3.44,0.77,3.56,3.06,0.49
1777887781.8397,3.21,2.59,-0.01,2.94,2.98,1.68,3.36,3.4,0.76,3.72,3.17,0.42
1777887782.0399,3.2,2.61,-0.01,2.9,3.07,1.65,3.27,3.42,0.83,3.65,3.13,0.48
1777887782.2409,3.22,2.61,-0.01,2.91,2.92,1.67,3.34,3.39,0.77,3.67,3.0,0.48
1777887782.4412,3.29,2.56,-0.01,2.93,2.91,1.67,3.38,3.38,0.83,3.63,3.04,0.46
1777887782.6414,3.29,2.58,0.0,2.89,2.94,1.68,3.31,3.33,0.77,3.71,3.15,0.47
1777887782.8419,3.29,2.59,-0.03,2.84,3.04,1.65,3.39,3.34,0.8,3.81,3.04,0.48
1777887783.0422,3.27,2.61,-0.03,2.91,2.99,1.66,3.35,3.27,0.83,3.59,3.09,0.49
1777887783.2424,3.27,2.56,-0.02,2.87,2.96,1.64,3.32,3.35,0.83,3.44,3.07,0.48
1777887783.4427,3.25,2.58,-0.03,2.93,2.95,1.65,3.4,3.29,0.77,3.56,3.07,0.49
1777887783.6428,3.16,2.58,0.0,2.84,2.96,1.68,3.39,3.33,0.77,3.6,3.09,0.45
1777887783.8431,3.18,2.56,0.0,2.75,2.96,1.66,3.36,3.32,0.85,3.53,3.01,0.44
1777887784.0434,3.13,2.55,0.0,2.88,2.96,1.68,3.36,3.25,0.75,3.5,3.09,0.47
1777887784.2437,3.2,2.61,0.0,2.85,2.91,1.66,3.27,3.37,0.81,3.57,3.09,0.45
1777887784.4440,3.23,2.58,-0.01,2.91,2.93,1.67,3.27,3.38,0.77,3.63,3.06,0.46
1777887784.6442,3.22,2.58,-0.02,2.85,2.92,1.64,3.36,3.44,0.85,3.48,3.1,0.43
1777887784.8446,3.28,2.6,-0.02,2.84,2.88,1.68,3.34,3.33,0.81,3.68,3.01,0.43
1777887785.0450,3.19,2.6,-0.01,2.83,2.94,1.64,3.43,3.35,0.78,3.43,3.02,0.45
1777887785.2453,3.18,2.57,-0.01,2.88,2.94,1.65,3.34,3.39,0.83,3.51,3.05,0.4
1777887785.4456,3.22,2.55,-0.02,2.85,2.92,1.65,3.31,3.34,0.84,3.51,3.11,0.42
1777887785.6459,3.14,2.57,0.01,2.86,2.93,1.65,3.31,3.32,0.81,3.6,3.08,0.44
1777887785.8462,3.16,2.58,-0.02,2.82,2.95,1.66,3.33,3.33,0.85,3.58,3.07,0.46
1777887786.0464,3.2,2.57,-0.03,2.9,2.9,1.65,3.24,3.3,0.82,3.56,3.03,0.42
1777887786.2467,3.25,2.56,-0.03,2.86,2.98,1.66,3.35,3.39,0.85,3.52,3.04,0.46
1777887786.4469,3.22,2.58,0.0,2.87,2.87,1.65,3.29,3.27,0.88,3.49,3.06,0.43
1777887786.6474,3.23,2.55,-0.03,2.88,2.91,1.66,3.36,3.32,0.81,3.71,3.12,0.43
1777887786.8477,3.25,2.56,0.0,2.79,2.91,1.65,3.37,3.39,0.8,3.59,3.1,0.46
1777887787.0480,3.28,2.58,-0.01,2.86,3.02,1.64,3.32,3.37,0.83,3.54,3.08,0.47
1777887787.2482,3.17,2.58,-0.02,2.81,2.96,1.65,3.3,3.29,0.83,3.58,3.07,0.47
1777887787.4485,3.22,2.56,-0.01,2.87,2.94,1.68,3.35,3.42,0.8,3.49,3.1,0.46
1777887787.6487,3.12,2.59,-0.02,2.86,2.94,1.65,3.42,3.37,0.8,3.47,3.09,0.42
1777887787.8490,3.22,2.55,0.0,2.92,2.9,1.64,3.3,3.31,0.84,3.56,3.12,0.45
1777887788.0494,3.15,2.57,-0.04,2.81,2.93,1.68,3.37,3.27,0.82,3.42,3.1,0.49
1777887788.2497,3.26,2.54,0.0,2.77,2.97,1.66,3.38,3.31,0.82,3.3,3.06,0.47
1777887788.4499,3.23,2.55,-0.02,2.8,2.93,1.64,3.3,3.29,0.86,3.48,3.08,0.47
1777887788.6502,3.21,2.53,-0.02,2.89,2.92,1.65,3.3,3.26,0.83,3.61,3.07,0.44
1777887788.8505,3.22,2.58,0.02,2.94,2.96,1.64,3.42,3.35,0.77,3.49,3.08,0.49
1777887789.0510,3.1,2.6,0.0,2.91,2.93,1.68,3.33,3.48,0.79,3.55,3.13,0.47
1777887789.2512,3.16,2.59,-0.02,2.9,2.91,1.64,3.3,3.26,0.86,3.53,3.06,0.49
1777887789.4516,3.19,2.6,0.0,2.9,2.98,1.67,3.38,3.37,0.78,3.45,3.08,0.48
1777887789.6519,3.25,2.56,-0.04,2.92,2.93,1.63,3.32,3.34,0.83,3.64,3.06,0.4
1777887789.8522,3.13,2.57,-0.01,2.93,2.94,1.65,3.34,3.25,0.79,3.61,3.02,0.41
1777887790.0524,3.22,2.58,-0.04,2.89,2.96,1.65,3.44,3.45,0.85,3.72,3.15,0.43
1777887790.2534,3.12,2.57,-0.03,2.84,2.93,1.66,3.35,3.27,0.8,3.54,3.11,0.44
1777887790.4537,3.18,2.59,-0.03,2.88,2.93,1.65,3.34,3.31,0.85,3.57,3.11,0.47
1777887790.6540,3.1,2.6,0.0,2.77,3.04,1.64,3.33,3.36,0.76,3.37,3.06,0.43
1777887790.8543,3.13,2.57,-0.02,2.76,2.91,1.66,3.43,3.31,0.82,3.6,3.12,0.49
1777887791.0546,3.18,2.56,-0.01,2.79,2.92,1.66,3.31,3.39,0.84,3.63,3.04,0.46
1777887791.2550,3.1,2.6,-0.02,2.95,2.92,1.67,3.26,3.43,0.79,3.56,2.99,0.46
1777887791.4557,3.22,2.57,0.0,2.86,2.91,1.64,3.36,3.39,0.8,3.59,3.12,0.41
1777887791.6559,3.23,2.56,-0.02,2.77,2.89,1.67,3.37,3.3,0.82,3.53,3.1,0.43
1777887791.8562,3.2,2.56,0.0,2.94,2.94,1.67,3.27,3.4,0.78,3.54,3.19,0.47
1777887792.0567,3.23,2.55,-0.03,2.83,2.94,1.67,3.33,3.32,0.82,3.44,3.13,0.47
1777887792.2571,3.14,2.57,-0.02,2.82,2.91,1.63,3.36,3.42,0.81,3.52,3.11,0.42
1777887792.4575,3.14,2.6,0.0,2.87,2.95,1.66,3.31,3.45,0.8,3.61,3.11,0.47
1777887792.6578,3.15,2.59,-0.02,2.82,2.91,1.67,3.34,3.31,0.83,3.62,3.12,0.44
1777887792.8584,3.19,2.55,-0.04,2.84,2.95,1.66,3.33,3.41,0.75,3.64,3.11,0.46
1777887793.0591,3.22,2.59,-0.02,2.85,2.95,1.64,3.29,3.26,0.79,3.7,3.08,0.47
1777887793.2594,3.19,2.61,0.01,2.9,2.94,1.67,3.39,3.23,0.79,3.54,3.07,0.42
1777887793.4596,3.21,2.57,-0.01,2.82,2.98,1.66,3.34,3.2,0.85,3.66,3.09,0.44
1777887793.6605,3.22,2.58,-0.03,2.92,2.99,1.64,3.34,3.27,0.82,3.72,3.08,0.44
1777887793.8607,3.25,2.54,-0.03,2.85,2.95,1.63,3.38,3.31,0.79,3.55,3.05,0.48
1777887794.0610,3.2,2.55,-0.02,2.85,2.99,1.65,3.36,3.3,0.82,3.63,3.08,0.42
1777887794.2613,3.19,2.57,-0.02,2.88,2.97,1.66,3.35,3.26,0.8,3.55,3.11,0.41
1777887794.4616,3.18,2.57,-0.01,2.83,2.92,1.67,3.31,3.37,0.8,3.36,3.1,0.45
1777887794.6618,3.21,2.59,-0.03,2.82,2.91,1.67,3.3,3.43,0.86,3.61,3.08,0.48
1777887794.8622,3.2,2.53,-0.03,2.86,2.95,1.66,3.26,3.32,0.85,3.62,3.1,0.41
1777887795.0625,3.1,2.6,0.0,2.78,2.95,1.66,3.36,3.41,0.84,3.49,3.13,0.41
1777887795.2628,3.11,2.56,-0.03,2.74,3.0,1.67,3.45,3.33,0.85,3.53,3.07,0.45
1777887795.4631,3.22,2.55,-0.02,2.81,2.96,1.66,3.37,3.42,0.81,3.53,3.1,0.42
1777887795.6633,3.21,2.55,-0.04,2.77,2.91,1.65,3.37,3.34,0.89,3.54,3.14,0.43
1777887795.8636,3.12,2.55,-0.03,2.83,2.93,1.65,3.42,3.29,0.83,3.56,3.09,0.43
1777887796.0640,3.22,2.59,-0.02,2.87,2.94,1.66,3.46,3.38,0.81,3.53,3.11,0.43
1777887796.2643,3.05,2.59,-0.01,2.93,2.87,1.66,3.37,3.4,0.86,3.54,3.13,0.46
1777887796.4645,3.13,2.57,-0.01,2.88,2.96,1.65,3.37,3.38,0.75,3.58,3.12,0.44
1777887796.6650,3.11,2.57,-0.03,2.8,3.01,1.64,3.38,3.36,0.87,3.58,3.08,0.43
1777887796.8654,3.22,2.57,-0.03,2.93,2.93,1.67,3.32,3.31,0.8,3.54,3.11,0.42
1777887797.0658,3.14,2.59,-0.02,2.86,2.97,1.66,3.3,3.33,0.82,3.56,3.06,0.47
1777887797.2661,3.21,2.52,-0.03,2.78,2.94,1.66,3.29,3.36,0.82,3.61,3.1,0.47
1777887797.4665,3.2,2.57,-0.01,2.82,2.97,1.67,3.39,3.28,0.8,3.53,3.09,0.49
1777887797.6668,3.09,2.6,-0.01,2.92,2.94,1.65,3.3,3.27,0.8,3.65,3.15,0.41
1777887797.8672,3.23,2.56,-0.04,2.81,2.96,1.64,3.36,3.25,0.79,3.4,3.1,0.45
1777887798.0675,3.14,2.55,-0.03,2.91,2.97,1.64,3.43,3.31,0.81,3.6,3.04,0.4
1777887798.2679,3.18,2.54,-0.06,2.89,2.95,1.66,3.3,3.29,0.78,3.6,3.08,0.5
1777887798.4682,3.97,4.31,17.82,1.25,0.74,13.95,-0.01,1.97,9.4,3.25,3.02,14.91
1777887798.6685,9.13,14.09,18.71,0.34,2.81,7.86,5.02,3.17,14.77,1.74,7.19,9.01
1777887798.8688,6.61,6.11,20.44,-0.08,-2.2,6.57,3.11,1.53,13.3,3.24,-0.02,12.63
1777887799.0690,4.44,4.95,9.79,1.89,4.36,8.37,0.03,3.53,2.36,7.23,11.69,25.45
1777887799.2693,9.66,11.98,12.46,-0.24,2.5,2.37,1.71,5.72,8.35,8.57,2.6,8.11
1777887799.4697,10.08,13.26,13.44,0.36,-0.13,2.47,3.35,7.93,10.81,6.03,4.24,5.97
1777887799.6700,8.61,1.81,14.21,0.7,3.38,5.91,0.7,0.59,8.92,8.13,2.3,12.78
1777887799.8703,9.01,6.62,14.25,0.32,0.55,4.93,1.54,2.51,9.14,7.77,0.67,11.37
1777887800.0705,9.47,9.87,14.12,-0.24,-0.19,4.15,2.13,4.67,9.78,7.28,2.14,8.81
1777887800.2710,8.91,4.59,14.32,-0.62,1.74,5.22,1.36,1.04,9.25,7.39,0.23,11.19
1777887800.4713,9.07,7.23,14.22,-0.46,0.83,4.62,1.95,3.15,9.4,7.39,1.06,10.51
1777887800.6716,9.13,7.06,14.18,-0.49,0.68,4.62,1.66,2.83,9.41,7.54,0.74,10.15
1777887800.8718,9.06,6.42,14.2,0.36,0.88,4.77,1.64,2.27,9.39,7.3,0.44,10.58
1777887801.0721,9.13,6.96,14.19,0.24,0.63,4.58,1.85,2.93,9.45,7.36,0.86,10.21
1777887801.2724,9.07,6.57,14.21,-0.3,0.9,4.73,1.75,2.61,9.37,7.37,0.61,10.47
1777887801.4727,9.09,6.85,14.19,-0.35,0.81,4.57,1.75,2.78,9.41,7.37,0.74,10.29
1777887801.6735,9.11,6.71,14.21,-0.39,0.88,4.81,1.75,2.62,9.41,7.37,0.66,10.31
1777887801.8738,9.08,6.78,14.2,0.38,0.81,4.74,1.79,2.69,9.34,7.34,0.67,10.36
1777887802.0744,9.09,6.78,14.24,0.4,0.87,4.75,1.73,2.69,9.41,7.38,0.66,10.36
1777887802.2751,9.02,6.77,14.17,-0.52,0.82,4.72,1.74,2.65,9.4,7.43,0.7,10.4
1777887802.4756,8.95,6.76,14.18,0.36,0.88,4.72,1.73,2.69,9.37,7.45,0.71,10.37
1777887802.6778,9.03,6.72,14.13,-0.41,0.93,4.7,1.79,2.64,9.41,7.4,0.66,10.4
1777887802.8781,8.93,6.74,14.22,-0.4,0.84,4.71,1.78,2.68,9.39,7.4,0.73,10.33
1777887803.0784,9.12,6.76,14.22,0.39,0.96,4.71,1.78,2.68,9.38,7.41,0.69,10.27
1777887803.2786,9.06,6.81,14.25,0.36,0.78,4.61,1.79,2.7,9.36,7.21,0.7,10.41
1777887803.4791,9.04,6.79,14.22,-0.44,0.87,4.7,1.76,2.66,9.38,7.34,0.69,10.34
1777887803.6794,8.97,6.76,14.2,0.23,0.79,4.78,1.84,2.73,9.43,7.38,0.8,10.28
1777887803.8797,9.08,6.76,14.22,-0.31,0.89,4.71,1.77,2.68,9.47,7.43,0.74,10.27
1777887804.0800,8.99,6.8,14.18,0.4,0.76,4.75,1.8,2.7,9.47,7.39,0.77,10.3
1777887804.2803,9.12,6.77,14.19,-0.39,0.82,4.73,1.84,2.74,9.31,7.41,0.76,10.4
1777887804.4805,9.07,6.77,14.14,0.37,0.82,4.7,1.78,2.67,9.41,7.44,0.71,10.35
1777887804.6808,9.03,6.76,14.25,0.3,0.82,4.73,1.75,2.7,9.4,7.34,0.75,10.42
1777887804.8813,9.05,6.82,14.23,0.34,0.74,4.79,1.78,2.73,9.45,7.41,0.78,10.42
1777887805.0816,8.98,6.81,14.18,-0.31,0.92,4.67,1.8,2.67,9.42,7.4,0.76,10.42
1777887805.2818,9.0,6.81,14.2,0.31,0.74,4.71,1.79,2.69,9.33,7.32,0.72,10.38
1777887805.4821,9.06,6.79,14.21,0.26,0.96,4.74,1.78,2.71,9.38,7.31,0.69,10.32
1777887805.6823,9.03,6.81,14.24,0.38,0.9,4.79,1.8,2.69,9.39,7.42,0.71,10.28
1777887805.8826,9.09,6.77,14.16,-0.39,0.87,4.69,1.79,2.73,9.34,7.39,0.77,10.38
1777887806.0828,0.7,11.63,-0.69,0.0,17.82,37.17,1.36,1.71,1.54,6.72,4.15,1.05
1777887806.2830,3.34,2.53,18.8,-0.12,0.71,2.72,0.33,1.56,8.84,11.88,4.22,11.44
1777887806.4833,10.15,28.69,6.92,2.11,1.16,-0.49,0.91,30.2,12.74,0.03,1.73,1.55
1777887806.6835,6.56,18.76,7.98,1.19,4.65,5.61,4.4,16.03,8.2,2.98,4.31,6.79
1777887806.8838,5.69,1.27,10.2,1.59,6.92,9.16,0.46,0.62,7.54,5.6,8.82,14.97
1777887807.0841,6.85,8.83,10.82,0.24,1.02,6.25,1.65,7.88,8.38,5.25,2.5,10.35
1777887807.2843,7.53,10.73,10.76,0.18,0.65,5.09,1.73,9.52,9.24,4.6,1.61,8.69
1777887807.4846,6.37,4.67,10.9,0.58,3.95,7.51,1.11,3.48,8.51,5.37,5.77,12.36
1777887807.6849,7.12,8.98,10.87,0.29,1.25,5.89,1.51,7.82,8.82,4.76,2.48,10.18
1777887807.8851,6.94,7.88,10.88,0.33,1.87,6.21,1.48,6.58,8.84,4.92,3.44,10.27
1777887808.0854,6.83,6.8,10.92,0.29,2.37,6.6,1.35,5.72,8.78,4.94,3.95,11.03
1777887808.2866,6.98,8.12,10.94,0.17,1.66,6.26,1.45,6.81,8.91,4.88,3.14,10.58
1777887808.4869,6.84,7.32,10.94,0.4,2.16,6.41,1.42,6.18,8.78,4.99,3.62,10.8
1777887808.6871,6.88,7.75,10.9,0.28,1.8,6.31,1.45,6.57,8.83,4.92,3.37,10.66
1777887808.8874,6.87,7.52,10.9,-0.39,2.03,6.36,1.41,6.3,8.75,4.94,3.52,10.68
1777887809.0876,6.91,7.68,10.92,0.41,1.91,6.37,1.45,6.53,8.87,4.93,3.38,10.68
1777887809.2879,6.84,7.57,10.82,-0.42,1.95,6.37,1.42,6.45,8.81,4.92,3.48,10.66
1777887809.4881,6.9,7.64,11.01,0.38,1.97,6.38,1.39,6.43,8.77,4.91,3.37,10.72
1777887809.6884,6.88,7.62,10.91,-0.32,1.87,6.35,1.41,6.44,8.87,4.95,3.3,10.84
1777887809.8889,6.87,7.6,10.91,-0.32,1.91,6.38,1.42,6.5,8.79,4.92,3.41,10.62
1777887810.0892,6.9,7.62,11.03,-0.42,1.95,6.41,1.4,6.44,8.81,4.9,3.44,10.71
1777887810.2894,6.86,7.61,10.99,0.35,1.94,6.38,1.43,6.57,8.89,4.96,3.43,10.72
1777887810.4897,6.88,7.61,10.97,-0.36,1.91,6.38,1.39,6.37,8.79,4.92,3.4,10.65
1777887810.6900,6.9,7.6,10.99,-0.35,1.94,6.38,1.41,6.37,8.86,4.92,3.41,10.67
1777887810.8902,6.9,7.62,11.1,0.36,1.89,6.4,1.42,6.47,8.78,4.93,3.38,10.67
1777887811.0905,6.88,7.65,11.02,-0.36,1.9,6.35,1.39,6.54,8.82,4.92,3.42,10.64
1777887811.2908,6.88,7.62,10.89,-0.34,1.88,6.37,1.4,6.41,8.88,4.93,3.5,10.64
1777887811.4911,6.89,7.61,10.99,0.37,1.87,6.37,1.4,6.45,8.8,4.92,3.44,10.71
1777887811.6913,6.85,7.61,10.96,-0.4,2.0,6.36,1.41,6.41,8.78,4.96,3.36,10.66
1777887811.8916,6.85,7.62,11.01,-0.27,1.91,6.36,1.47,6.45,8.8,4.96,3.47,10.65
1777887812.0919,6.89,7.6,10.94,0.2,1.92,6.35,1.39,6.53,8.95,4.95,3.45,10.65
1777887812.2923,6.85,7.63,10.98,0.41,1.95,6.44,1.41,6.42,8.85,4.94,3.48,10.7
1777887812.4925,6.88,7.6,11.01,-0.39,1.96,6.36,1.43,6.4,8.84,4.95,3.53,10.71
1777887812.6928,6.88,7.63,10.89,0.41,1.81,6.35,1.38,6.37,8.8,4.96,3.51,10.71
1777887812.8931,6.89,7.64,10.93,-0.36,1.94,6.36,1.41,6.4,8.81,4.93,3.38,10.61
1777887813.0936,6.87,7.65,11.01,0.28,1.91,6.36,1.36,6.41,8.82,4.92,3.4,10.67
1777887813.2939,6.87,7.62,10.93,-0.34,1.91,6.38,1.43,6.47,8.81,4.95,3.41,10.58
1777887813.4953,6.86,7.62,10.98,0.23,1.82,6.35,1.4,6.43,8.9,4.93,3.5,10.62
1777887813.6957,6.87,7.67,10.87,0.26,1.86,6.39,1.44,6.48,8.93,4.94,3.49,10.67
1777887813.8959,6.88,7.62,10.98,-0.27,1.87,6.41,1.42,6.47,8.87,4.94,3.49,10.63
1777887814.0964,6.88,7.61,10.95,0.41,1.79,6.38,1.39,6.49,8.79,4.96,3.47,10.63
1777887814.2967,6.9,10.26,10.97,-0.33,7.95,37.32,1.41,-1.81,37.67,4.96,16.87,25.46
1777887814.4970,2.07,9.98,4.33,3.15,22.55,12.23,-0.03,1.46,-11.9,3.93,9.37,30.91
1777887814.6991,4.36,2.13,28.51,0.2,7.45,-0.32,-0.17,9.19,1.42,10.21,1.65,6.93
1777887814.8994,12.75,19.09,4.8,0.9,1.44,1.53,0.48,26.72,11.33,2.38,0.22,2.67
1777887815.1000,7.4,4.3,12.05,0.09,5.37,8.6,3.05,8.96,5.72,8.14,5.31,10.12
1777887815.3003,8.36,-0.29,12.05,0.9,5.11,9.15,-0.16,3.41,7.14,7.81,7.25,14.23
1777887815.5005,9.55,10.06,12.09,-0.16,0.22,5.33,1.99,12.88,8.14,7.64,0.63,8.08
1777887815.7008,9.28,4.86,12.18,-0.23,1.87,6.05,1.2,8.33,8.03,7.2,3.44,10.19
1777887815.9015,8.74,3.0,12.22,-0.08,2.47,7.45,1.08,6.03,7.95,7.89,5.06,11.9
1777887816.1019,9.54,7.03,12.16,0.02,0.61,5.83,1.34,10.34,8.14,7.16,2.04,9.9
1777887816.3022,9.08,4.21,12.22,-0.15,1.81,6.5,1.24,7.57,8.0,7.57,3.98,10.7
1777887816.5025,9.09,4.89,12.17,-0.09,1.47,6.52,1.3,8.1,8.07,7.41,3.48,10.59
1777887816.7028,9.16,5.25,12.22,-0.14,1.33,6.39,1.24,8.51,8.06,7.35,3.17,10.44
1777887816.9031,9.07,4.72,12.14,0.0,1.48,6.48,1.24,7.96,7.99,7.43,3.53,10.66
1777887817.1033,9.1,5.13,12.13,-0.11,1.38,6.42,1.26,8.37,8.03,7.55,3.3,10.35
1777887817.3038,9.14,4.91,12.19,-0.29,1.4,6.44,1.25,8.11,8.08,7.49,3.43,10.54
1777887817.5042,9.12,5.0,12.24,-0.23,1.32,6.45,1.26,8.19,8.09,7.44,3.41,10.5
1777887817.7046,9.17,5.01,12.08,-0.13,1.37,6.42,1.27,8.19,7.89,7.5,3.42,10.64
1777887817.9051,9.16,4.99,12.22,0.0,1.46,6.48,1.31,8.21,8.03,7.38,3.43,10.43
1777887818.1054,9.12,5.0,12.19,-0.09,1.29,6.45,1.26,8.16,8.01,7.42,3.33,10.55
1777887818.3057,9.01,5.01,12.17,-0.1,1.36,6.51,1.26,8.22,8.04,7.45,3.35,10.48
1777887818.5059,6.23,0.61,0.81,-0.1,2.73,3.34,1.1,3.18,2.29,7.56,1.04,7.26
1777887818.7062,10.9,8.74,9.13,-0.22,-0.8,5.15,4.13,9.48,7.56,6.47,1.98,8.14
1777887818.9065,14.29,13.48,0.53,0.18,1.54,3.3,1.18,2.08,2.05,7.25,7.29,4.75
1777887819.1068,1.64,1.38,3.57,4.25,3.72,0.69,2.92,2.72,1.96,4.09,4.21,1.71
1777887819.3070,3.09,2.46,0.13,2.75,2.76,1.9,3.27,3.27,1.45,3.66,3.29,0.48
1777887819.5073,3.1,2.5,0.14,2.7,2.93,1.86,3.17,3.35,1.44,3.6,3.14,0.43
1777887819.7076,3.09,2.48,0.16,2.76,2.97,1.89,3.34,3.36,1.43,3.59,3.1,0.33
1777887819.9078,3.14,2.51,0.12,2.77,2.98,1.89,3.12,3.26,1.45,3.56,3.17,0.36
1777887820.1081,2.93,2.45,0.1,2.85,2.97,1.85,3.25,3.28,1.41,3.58,3.21,0.35
1777887820.3083,3.07,2.5,0.12,2.77,3.01,1.89,3.21,3.3,1.48,3.6,3.1,0.42
1777887820.5086,3.04,2.53,0.06,2.84,2.98,1.88,3.16,3.22,1.35,3.57,3.15,0.44
1777887820.7089,3.03,2.46,0.06,2.72,3.0,1.87,3.26,3.31,1.39,3.6,3.16,0.38
1777887820.9092,3.03,2.44,0.08,2.8,2.97,1.87,3.17,3.32,1.33,3.58,3.11,0.39
1777887821.1095,3.12,2.45,0.12,2.72,3.0,1.87,3.24,3.21,1.44,3.61,3.1,0.36
1777887821.3097,2.93,2.46,0.12,2.8,2.95,1.86,3.15,3.31,1.43,3.56,3.19,0.44
1777887821.5100,3.01,2.47,0.1,2.83,2.99,1.87,3.09,3.26,1.47,3.57,3.15,0.41
1777887821.7103,3.03,2.39,0.04,2.84,3.01,1.86,3.19,3.35,1.39,3.53,3.2,0.44
1777887821.9106,2.96,2.4,0.1,2.79,2.99,1.87,3.13,3.28,1.33,3.59,3.2,0.4
1777887822.1108,2.95,2.43,0.1,2.81,2.97,1.86,3.14,3.3,1.42,3.56,3.1,0.43
1777887822.3113,3.1,2.45,0.08,2.8,2.99,1.86,3.21,3.33,1.48,3.77,3.13,0.39
1777887822.5117,3.07,2.48,0.08,2.77,2.95,1.85,3.14,3.11,1.41,3.59,3.11,0.38
1777887822.7119,3.07,2.43,0.07,2.79,3.02,1.86,3.17,3.24,1.33,3.54,3.18,0.4
1777887822.9123,2.93,2.44,0.1,2.72,2.94,1.85,3.16,3.29,1.43,3.66,3.2,0.37
1777887823.1126,2.98,2.45,-0.06,2.78,3.02,1.85,3.21,3.12,1.36,3.56,3.07,0.4
1777887823.3128,2.93,2.45,0.07,2.76,3.0,1.86,3.14,3.25,1.5,3.56,3.18,0.46
1777887823.5131,2.94,2.41,0.07,2.82,2.97,1.84,3.16,3.24,1.36,3.69,3.2,0.49
1777887823.7136,3.07,2.44,0.06,2.91,2.91,1.86,3.24,3.21,1.48,3.63,3.13,0.5
1777887823.9139,2.95,2.44,0.09,2.82,2.97,1.86,3.19,3.24,1.41,3.65,3.15,0.36
1777887824.1143,2.83,2.43,0.1,2.84,3.04,1.86,3.22,3.24,1.42,3.58,3.11,0.38
1777887824.3146,2.93,2.46,0.06,2.75,2.96,1.85,3.1,3.21,1.51,3.54,3.08,0.39
1777887824.5148,3.04,2.42,0.08,2.72,3.05,1.84,3.07,3.21,1.43,3.56,3.16,0.34
1777887824.7151,2.96,2.46,0.09,2.77,2.95,1.84,3.1,3.27,1.35,3.61,3.1,0.39
1777887824.9154,2.98,2.42,0.08,2.84,2.98,1.84,3.24,3.22,1.32,3.51,3.12,0.38
1777887825.1157,3.0,2.42,0.06,2.81,3.03,1.86,3.08,3.24,1.37,3.55,3.04,0.35
1777887825.3160,3.06,2.46,0.07,2.81,2.95,1.86,3.19,3.22,1.42,3.56,3.14,0.44
1777887825.5163,2.88,2.4,0.06,2.79,2.94,1.85,3.1,3.32,1.43,3.61,3.2,0.42
1777887825.7169,2.91,2.41,-0.09,2.81,2.99,1.83,3.11,3.21,1.35,3.49,3.14,0.4
1777887825.9171,3.06,2.41,0.06,2.87,2.98,1.84,3.19,3.21,1.41,3.45,3.13,0.35
1777887826.1174,2.98,2.47,0.1,2.76,3.02,1.86,3.15,3.21,1.44,3.57,3.13,0.41
1777887826.3176,2.84,2.45,0.05,2.77,2.99,1.85,3.24,3.18,1.45,3.58,3.12,0.38
1777887826.5179,2.96,2.39,0.1,2.8,2.95,1.83,3.2,3.23,1.43,3.55,3.13,0.39
1777887826.7182,2.93,2.41,0.1,2.84,2.95,1.85,3.17,3.25,1.36,3.58,3.11,0.45
1777887826.9184,2.98,2.4,0.09,2.86,2.98,1.83,3.23,3.19,1.41,3.56,3.13,0.39
1777887827.1187,2.99,2.39,0.07,2.84,3.02,1.81,3.09,3.09,1.37,3.48,3.1,0.39
1777887827.3190,3.02,2.43,0.08,2.77,2.94,1.82,3.13,3.15,1.41,3.6,3.17,0.36
1777887827.5193,2.9,2.39,0.06,2.82,2.96,1.81,3.1,3.24,1.47,3.54,3.07,0.36
1777887827.7196,2.96,2.37,0.05,2.82,2.96,1.83,3.03,3.17,1.33,3.49,3.13,0.42
1777887827.9201,3.04,2.4,0.07,2.8,2.93,1.84,3.08,3.32,1.29,3.37,3.18,0.37
1777887828.1204,2.94,2.44,-0.08,2.78,2.95,1.83,3.14,3.17,1.33,3.51,3.17,0.37
1777887828.3207,2.89,2.42,-0.05,2.9,3.0,1.82,3.16,3.12,1.39,3.56,3.16,0.39
1777887828.5210,2.94,2.37,0.07,2.86,3.01,1.82,3.12,3.13,1.4,3.62,3.22,0.45
1777887828.7234,2.82,2.41,-0.06,2.79,2.96,1.83,3.07,3.11,1.32,3.68,3.17,0.38
1777887828.9238,3.01,2.37,0.06,2.82,2.94,1.83,3.16,3.13,1.36,3.54,3.07,0.41
1777887829.1241,2.95,2.45,0.07,2.88,3.0,1.83,3.04,2.99,1.34,3.6,3.14,0.44
1777887829.3244,2.97,2.39,0.05,2.82,2.95,1.85,3.1,3.09,1.37,3.51,3.14,0.36
1777887829.5249,2.99,2.41,-0.02,2.8,2.97,1.84,3.16,2.99,1.35,3.52,3.16,0.41
1777887829.7252,2.92,2.42,0.05,2.76,2.95,1.83,3.06,3.06,1.32,3.5,3.11,0.39
1777887829.9255,2.92,2.41,0.04,2.85,2.92,1.81,3.23,3.23,1.32,3.59,3.18,0.42
1777887830.1259,2.85,2.4,0.04,2.8,2.89,1.83,3.12,3.15,1.27,3.54,3.15,0.41
1777887830.3264,2.91,2.42,-0.04,2.85,2.95,1.84,3.14,3.07,1.3,3.48,3.16,0.37
1777887830.5268,2.93,2.39,-0.07,2.84,2.95,1.84,3.15,3.13,1.3,3.55,3.17,0.44
1777887830.7275,2.87,2.37,0.02,2.93,2.91,1.82,3.02,2.93,1.32,3.52,3.09,0.41
1777887830.9278,2.93,2.41,0.04,2.8,2.99,1.81,3.15,3.15,1.28,3.47,3.2,0.43
1777887831.1284,2.89,2.41,0.05,2.87,3.0,1.82,3.14,3.11,1.4,3.59,3.09,0.41
1777887831.3289,2.85,2.38,-0.08,2.8,2.93,1.82,3.1,3.12,1.35,3.61,3.08,0.41
1777887831.5291,2.95,2.36,0.02,2.7,2.98,1.82,3.07,2.98,1.34,3.62,3.14,0.44
1777887831.7299,2.99,2.38,0.07,2.87,2.98,1.83,3.14,2.97,1.37,3.61,3.13,0.42
1777887831.9303,2.87,2.38,-0.05,2.77,2.9,1.82,3.14,2.99,1.29,3.67,3.13,0.41
1777887832.1307,3.05,2.38,0.03,2.89,2.95,1.83,3.12,3.04,1.3,3.58,3.12,0.42
1777887832.3308,3.03,2.37,-0.07,2.78,2.95,1.83,3.11,3.13,1.3,3.54,3.1,0.45
1777887832.5312,2.93,2.37,0.09,2.78,2.93,1.82,3.17,3.03,1.32,3.59,3.07,0.41
1777887832.7315,2.94,2.38,0.04,2.85,3.0,1.81,3.1,3.05,1.33,3.6,3.15,0.44
1777887832.9318,2.9,2.35,0.04,2.82,2.94,1.81,3.17,3.07,1.3,3.56,3.18,0.44
1777887833.1322,2.88,2.38,0.05,2.84,2.91,1.81,3.14,3.05,1.36,3.51,3.1,0.41
1777887833.3325,2.95,2.38,0.02,2.87,2.94,1.82,3.1,3.04,1.25,3.58,3.13,0.4
1777887833.5328,2.89,2.36,-0.06,2.78,2.97,1.82,3.15,3.11,1.37,3.54,3.04,0.41
1777887833.7331,3.04,2.39,0.04,3.0,2.96,1.84,3.06,3.14,1.38,3.53,3.2,0.4
1777887833.9334,2.84,2.39,0.04,2.75,2.98,1.82,3.04,3.08,1.33,3.55,3.13,0.41
1777887834.1339,2.96,2.41,-0.01,2.93,2.94,1.82,3.12,2.93,1.29,3.64,3.11,0.41
1777887834.3343,2.9,2.35,0.05,2.82,2.92,1.82,3.12,3.02,1.27,3.56,3.13,0.46
1777887834.5348,2.9,2.34,0.06,2.91,2.92,1.83,3.12,2.98,1.3,3.59,3.19,0.42
1777887834.7353,2.92,2.38,0.04,2.82,2.94,1.81,3.03,2.99,1.3,3.59,3.12,0.35
1777887834.9357,2.92,2.38,0.06,2.83,2.97,1.81,3.1,3.08,1.33,3.62,3.1,0.4
1777887835.1360,2.91,2.37,0.04,2.87,2.93,1.82,3.05,3.13,1.29,3.54,3.1,0.39
1777887835.3362,3.02,2.41,0.05,2.84,2.94,1.84,3.11,3.14,1.35,3.56,3.14,0.41
1777887835.5365,2.94,2.34,0.06,2.72,2.88,1.82,3.09,3.14,1.38,3.67,3.15,0.43
1777887835.7368,3.05,2.36,0.04,2.75,2.94,1.81,3.11,2.99,1.4,3.46,3.03,0.37
1777887835.9371,2.95,2.34,0.03,2.83,2.91,1.83,3.1,3.12,1.38,3.51,3.16,0.38
1777887836.1373,2.92,2.36,0.06,2.93,2.96,1.82,3.17,3.07,1.26,3.52,3.11,0.37
1777887836.3378,2.88,2.4,0.03,2.8,2.86,1.82,3.09,3.12,1.34,3.66,3.14,0.38
1777887836.5383,2.86,2.41,0.05,2.77,2.96,1.81,3.1,3.14,1.28,3.61,3.04,0.41
1777887836.7385,2.94,2.41,-0.05,2.79,2.97,1.81,3.13,3.1,1.25,3.6,3.17,0.42
1777887836.9388,3.07,2.37,0.06,2.84,2.94,1.82,3.05,3.21,1.3,3.57,3.23,0.4
1777887837.1391,2.89,2.39,0.07,2.83,2.95,1.82,3.0,2.99,1.3,3.51,3.07,0.41
1777887837.3396,2.79,2.35,-0.03,2.85,2.92,1.82,3.12,3.08,1.3,3.53,3.07,0.39
1777887837.5399,3.0,2.37,-0.03,2.82,2.93,1.81,3.08,3.1,1.31,3.59,3.14,0.36
1777887837.7402,2.88,2.35,-0.06,2.82,2.95,1.84,3.06,3.1,1.29,3.63,3.11,0.42
1777887837.9406,2.87,2.39,0.04,2.79,2.93,1.8,3.1,3.13,1.28,3.61,3.12,0.36
1777887838.1412,2.99,2.35,-0.05,2.83,2.92,1.83,3.11,3.13,1.36,3.58,3.15,0.45
1777887838.3414,2.88,2.34,0.05,2.75,2.93,1.8,3.05,3.08,1.3,3.57,3.12,0.43
1777887838.5417,2.84,2.38,0.05,2.7,2.95,1.81,3.15,3.13,1.34,3.66,3.19,0.44
1777887838.7422,2.91,2.38,-0.06,2.79,2.97,1.81,3.09,3.12,1.36,3.53,3.13,0.42
1777887838.9425,2.89,2.36,-0.05,2.81,2.85,1.82,3.09,3.16,1.38,3.6,3.15,0.38
1777887839.1428,2.91,2.38,0.04,2.75,2.95,1.82,3.15,3.05,1.27,3.66,3.12,0.39
1777887839.3430,2.91,2.39,-0.03,2.72,2.96,1.79,3.09,3.11,1.26,3.55,3.2,0.4
1777887839.5433,3.04,2.38,0.05,2.77,2.9,1.81,3.09,3.14,1.32,3.62,3.17,0.43
1777887839.7436,2.9,2.39,0.05,2.79,2.93,1.82,3.0,3.11,1.33,3.65,3.21,0.35
1777887839.9438,2.97,2.38,0.05,2.8,2.89,1.82,3.0,3.06,1.27,3.58,3.21,0.39
1777887840.1443,2.93,2.37,-0.04,2.79,2.89,1.81,3.14,3.1,1.3,3.47,3.09,0.4
1777887840.3446,2.84,2.38,-0.03,2.77,2.94,1.82,3.06,3.13,1.34,3.58,3.11,0.42
1777887840.5448,2.98,2.39,0.05,2.8,2.92,1.81,3.13,3.07,1.35,3.45,3.11,0.4
1777887840.7452,2.88,2.39,0.05,2.84,2.93,1.79,3.2,3.14,1.34,3.48,3.09,0.37
1777887840.9454,3.06,2.4,0.04,2.77,2.94,1.82,3.14,3.1,1.29,3.67,3.14,0.37
1777887841.1458,2.9,2.37,0.05,2.79,2.94,1.81,3.09,3.19,1.27,3.63,3.1,0.4
1777887841.3461,2.92,2.43,-0.06,2.93,2.96,1.81,3.13,3.15,1.27,3.61,3.15,0.37
1777887841.5463,3.02,2.39,0.03,2.78,2.99,1.81,3.01,3.19,1.27,3.64,3.14,0.44
1777887841.7466,3.0,2.4,0.05,2.92,2.93,1.81,3.11,3.09,1.3,3.58,3.11,0.42
1777887841.9468,2.88,2.38,0.05,2.81,2.89,1.82,3.08,3.16,1.29,3.56,3.1,0.38
1777887842.1471,2.93,2.35,-0.07,2.74,2.87,1.8,3.1,3.11,1.45,3.54,3.1,0.42
1777887842.3473,2.89,2.41,0.02,2.82,2.91,1.8,3.07,3.17,1.41,3.56,3.11,0.41
1777887842.5476,2.92,2.42,0.03,2.86,2.89,1.8,3.11,3.18,1.28,3.66,3.15,0.39
1777887842.7478,2.92,2.42,-0.04,2.76,2.95,1.8,3.1,3.14,1.32,3.56,3.11,0.41
1777887842.9481,2.9,2.39,0.06,2.7,3.01,1.81,3.17,3.2,1.33,3.72,3.09,0.41
1777887843.1486,2.92,2.43,0.04,2.8,2.91,1.79,3.05,3.01,1.43,3.66,3.09,0.37
1777887843.3489,2.9,2.42,0.07,2.8,2.96,1.8,3.02,2.92,1.24,3.56,3.13,0.38
1777887843.5491,2.83,2.42,-0.07,2.78,2.92,1.8,3.08,3.03,1.19,3.61,3.09,0.38
1777887843.7494,2.96,2.35,0.06,2.87,2.99,1.81,3.14,3.06,1.34,3.63,3.14,0.39
1777887843.9497,2.85,2.43,0.04,2.76,2.98,1.8,3.1,3.03,1.25,3.69,3.07,0.37
1777887844.1499,2.98,2.43,0.03,2.78,2.93,1.8,3.1,3.03,1.32,3.56,3.15,0.48
1777887844.3501,2.9,2.35,-0.04,2.84,2.88,1.8,3.17,2.99,1.39,3.65,3.13,0.41
1777887844.5504,2.96,2.36,-0.03,2.93,2.91,1.82,3.04,3.11,1.34,3.46,3.14,0.37
1777887844.7507,2.96,2.36,0.03,2.86,2.91,1.81,3.1,3.01,1.33,3.65,3.16,0.36
1777887844.9513,2.87,2.39,0.03,2.86,2.95,1.78,3.2,3.14,1.29,3.68,3.09,0.39
1777887845.1517,2.79,2.43,0.03,2.76,2.95,1.78,3.1,3.12,1.29,3.61,3.06,0.4
1777887845.3521,3.02,2.44,0.0,2.78,2.95,1.78,3.14,3.06,1.27,3.57,3.08,0.39
1777887845.5524,3.0,2.39,-0.04,2.83,2.92,1.79,2.95,3.05,1.22,3.55,3.08,0.48
1777887845.7527,2.85,2.41,-0.04,2.87,2.89,1.8,3.0,3.17,1.26,3.57,3.06,0.43
1777887845.9529,2.97,2.41,-0.04,2.82,2.93,1.8,3.05,3.11,1.32,3.6,3.17,0.37
1777887846.1532,3.03,2.42,0.03,2.84,2.88,1.79,3.26,3.09,1.32,3.62,3.08,0.38
1777887846.3535,3.04,2.39,0.03,2.82,2.95,1.81,3.09,3.19,1.32,3.48,3.1,0.4
1777887846.5537,3.01,2.36,-0.06,2.9,2.91,1.8,3.1,3.18,1.32,3.68,3.09,0.42
1777887846.7540,2.87,2.37,0.05,2.8,2.99,1.81,3.09,3.16,1.3,3.62,3.15,0.4
1777887846.9543,3.02,2.43,0.03,2.79,2.95,1.81,3.02,3.22,1.36,3.65,3.14,0.46
1777887847.1547,2.92,2.39,0.02,2.76,3.0,1.8,3.1,3.06,1.39,3.49,3.06,0.36
1777887847.3549,2.97,2.39,0.04,2.83,2.93,1.8,3.08,3.08,1.34,3.59,3.18,0.39
1777887847.5553,3.06,2.44,-0.03,2.72,2.91,1.79,3.07,3.14,1.33,3.58,3.06,0.39
1777887847.7556,3.02,2.43,0.02,2.89,2.9,1.8,2.98,3.05,1.34,3.57,3.08,0.41
1777887847.9559,3.02,2.37,0.03,2.81,3.0,1.82,3.1,3.21,1.31,3.53,3.11,0.35
1777887848.1562,2.92,2.42,0.04,2.76,2.93,1.8,3.1,3.13,1.31,3.61,3.13,0.42
1777887848.3565,2.94,2.4,0.05,2.89,2.89,1.79,3.04,3.16,1.32,3.57,3.14,0.42
1777887848.5568,3.01,2.42,0.03,2.78,2.92,1.8,3.04,3.15,1.31,3.51,3.07,0.36
1777887848.7571,3.02,2.41,0.03,2.86,2.95,1.8,2.96,3.21,1.28,3.6,3.12,0.36
1777887848.9573,3.06,2.44,0.03,2.88,3.01,1.79,3.12,3.08,1.3,3.61,3.08,0.41
1777887849.1575,3.01,2.44,-0.08,2.84,2.94,1.8,3.06,3.17,1.33,3.65,3.15,0.37
1777887849.3578,2.99,2.35,0.05,2.87,2.92,1.79,3.04,3.19,1.32,3.6,3.16,0.39
1777887849.5580,2.99,2.39,-0.02,2.87,2.97,1.81,3.08,3.11,1.3,3.51,3.06,0.4
1777887849.7583,3.06,2.4,0.0,2.78,3.01,1.81,3.05,3.14,1.34,3.52,3.13,0.35
1777887849.9586,2.93,2.39,0.04,2.74,2.94,1.81,3.18,3.06,1.3,3.53,3.17,0.37
1777887850.1588,2.92,2.43,-0.04,2.79,2.87,1.8,3.05,3.16,1.33,3.6,3.16,0.35
1777887850.3590,2.9,2.43,0.03,2.74,2.93,1.78,3.13,3.0,1.27,3.57,3.16,0.36
1777887850.5593,2.9,2.37,0.01,2.81,2.96,1.78,3.09,3.15,1.31,3.71,3.12,0.39
1777887850.7596,2.88,2.36,0.04,2.88,2.92,1.81,3.04,3.05,1.33,3.6,3.15,0.39
1777887850.9598,2.94,2.43,-0.03,2.84,2.9,1.79,3.07,3.1,1.3,3.6,3.14,0.35
1777887851.1601,2.96,2.39,0.02,2.9,2.91,1.8,3.17,3.09,1.35,3.67,3.13,0.48
1777887851.3603,2.94,2.42,0.06,2.85,2.96,1.79,3.16,3.13,1.3,3.62,3.14,0.49
1777887851.5606,2.91,2.39,0.03,2.79,3.0,1.78,3.0,3.07,1.31,3.55,3.09,0.4
1777887851.7609,3.01,2.38,0.03,2.75,2.87,1.79,3.05,3.09,1.29,3.6,3.14,0.38
1777887851.9612,2.85,2.4,0.04,2.84,2.95,1.8,3.1,3.1,1.3,3.57,3.13,0.43
1777887852.1615,2.9,2.39,0.02,2.9,2.92,1.79,3.0,2.98,1.29,3.63,3.15,0.41
1777887852.3617,3.05,2.38,0.05,2.79,2.9,1.78,3.02,3.2,1.26,3.57,3.13,0.35
1777887852.5620,3.03,2.39,0.05,2.96,2.92,1.79,3.13,3.16,1.25,3.6,3.12,0.36
1777887852.7624,2.92,2.35,-0.04,2.85,2.97,1.79,3.04,3.12,1.21,3.57,3.14,0.4
1777887852.9626,2.92,2.44,0.04,2.83,2.94,1.79,3.09,3.15,1.36,3.56,3.11,0.38
1777887853.1628,3.01,2.38,0.04,2.81,2.97,1.79,3.03,3.1,1.27,3.46,3.08,0.4
1777887853.3636,2.85,2.38,-0.03,2.83,2.98,1.77,3.11,3.05,1.27,3.64,3.12,0.39
1777887853.5639,2.83,2.39,0.05,2.75,2.96,1.78,2.97,3.01,1.32,3.58,3.09,0.39
1777887853.7643,2.9,2.37,0.0,2.91,2.92,1.79,3.11,3.01,1.32,3.64,3.08,0.39
1777887853.9646,3.1,2.42,0.02,2.84,3.0,1.79,3.08,3.05,1.31,3.59,3.1,0.36
1777887854.1651,2.97,2.39,0.0,2.82,3.02,1.79,3.11,2.98,1.25,3.52,3.13,0.37
1777887854.3659,2.85,2.37,0.02,2.73,2.93,1.8,3.13,2.94,1.16,3.65,3.17,0.41
1777887854.5664,2.85,2.38,-0.05,2.85,3.03,1.77,3.15,3.09,1.29,3.58,3.08,0.48
1777887854.7671,2.86,2.37,0.03,2.78,2.97,1.79,3.16,3.06,1.3,3.55,3.14,0.48
1777887854.9675,2.87,2.39,0.04,2.93,2.94,1.79,2.98,3.12,1.29,3.54,3.14,0.38
1777887855.1677,2.91,2.41,0.01,2.82,2.98,1.79,3.09,2.99,1.17,3.57,3.23,0.39
1777887855.3680,2.84,2.4,0.04,2.78,2.97,1.81,3.05,3.18,1.25,3.65,3.11,0.49
1777887855.5683,2.88,2.38,0.04,2.81,3.0,1.78,3.09,3.12,1.21,3.62,3.08,0.41
1777887855.7687,2.75,2.39,0.03,2.72,2.94,1.81,3.1,3.04,1.23,3.63,3.1,0.42
1777887855.9690,2.96,2.43,-0.06,2.82,2.99,1.79,3.2,3.09,1.27,3.59,3.08,0.41
1777887856.1693,2.87,2.41,0.0,2.82,2.88,1.78,3.1,3.05,1.26,3.52,3.13,0.43
1777887856.3697,2.81,2.39,0.03,2.79,2.91,1.8,3.16,3.07,1.3,3.46,3.1,0.42
1777887856.5700,2.76,2.38,-0.04,2.71,2.93,1.78,3.09,3.05,1.28,3.45,3.07,0.41
1777887856.7704,2.86,2.36,-0.03,2.9,3.01,1.77,3.11,3.08,1.22,3.54,3.07,0.42
1777887856.9706,2.88,2.42,-0.04,2.9,3.07,1.8,3.11,3.06,1.29,3.53,3.11,0.42
1777887857.1708,2.97,2.37,0.03,2.86,3.0,1.79,3.05,3.08,1.26,3.57,3.12,0.43
1777887857.3711,2.9,2.37,-0.02,2.85,2.98,1.79,3.09,3.16,1.3,3.52,3.06,0.46
1777887857.5714,2.95,2.42,0.04,2.9,2.97,1.79,3.09,2.97,1.35,3.57,3.08,0.41
1777887857.7717,2.96,2.37,0.01,2.82,2.94,1.79,3.05,2.96,1.27,3.64,3.11,0.33
1777887857.9724,2.9,2.43,-0.03,2.87,2.96,1.79,3.04,3.08,1.19,3.58,3.1,0.44
1777887858.1727,2.92,2.37,-0.03,2.76,2.92,1.78,3.1,3.08,1.31,3.63,3.13,0.45
1777887858.3742,2.94,2.38,0.03,2.79,2.93,1.77,2.96,3.07,1.18,3.59,3.11,0.42
1777887858.5745,2.93,2.37,-0.05,2.83,2.95,1.79,3.11,3.05,1.25,3.57,3.06,0.37
1777887858.7748,2.86,2.39,0.01,2.84,2.92,1.79,3.03,3.05,1.3,3.63,3.06,0.42
1777887858.9753,2.9,2.38,0.04,2.78,2.92,1.77,3.06,3.15,1.23,3.54,3.07,0.41
1777887859.1757,2.94,2.36,0.03,2.91,2.95,1.8,3.02,2.97,1.28,3.62,3.05,0.43
1777887859.3760,3.0,2.37,-0.03,2.7,2.99,1.78,3.15,3.11,1.29,3.62,3.1,0.43
1777887859.5762,3.01,2.37,0.03,2.82,2.96,1.78,3.06,3.14,1.31,3.49,3.18,0.41
1777887859.7765,3.01,2.42,-0.02,2.77,2.93,1.79,3.09,3.03,1.3,3.41,3.12,0.39
1777887859.9768,3.02,2.4,-0.04,2.76,2.98,1.78,3.02,3.18,1.26,3.48,3.16,0.45
1777887860.1771,2.99,2.41,0.0,2.83,2.94,1.78,3.09,3.06,1.27,3.42,3.11,0.43
1777887860.3774,2.87,2.39,0.02,2.9,2.98,1.78,3.01,3.06,1.32,3.53,3.13,0.41
1777887860.5776,2.94,2.36,0.01,2.86,2.93,1.77,3.09,3.03,1.27,3.46,3.09,0.45
1777887860.7779,2.94,2.35,-0.03,2.81,2.92,1.8,3.17,2.96,1.27,3.49,3.1,0.39
1777887860.9784,2.85,2.34,0.02,2.85,3.0,1.79,3.02,3.08,1.24,3.66,3.07,0.38
1777887861.1788,2.96,2.34,0.02,2.81,2.93,1.78,3.12,3.0,1.25,3.57,3.08,0.46
1777887861.3794,2.81,2.37,-0.05,2.91,2.92,1.8,3.04,3.07,1.29,3.61,3.15,0.43
1777887861.5800,3.01,2.37,0.02,2.8,2.96,1.79,3.1,3.04,1.22,3.6,3.09,0.43
1777887861.7804,2.81,2.38,0.02,2.83,2.93,1.79,3.1,3.0,1.27,3.4,3.1,0.44
1777887861.9806,2.89,2.37,-0.05,2.79,2.96,1.78,2.99,3.12,1.21,3.58,3.12,0.4
1777887862.1810,2.88,2.35,-0.02,3.02,2.95,1.8,3.05,3.05,1.3,3.56,3.11,0.43
1777887862.3815,2.87,2.39,0.02,2.8,2.92,1.8,3.05,2.99,1.19,3.51,3.08,0.44
1777887862.5817,2.98,2.41,-0.02,3.01,2.98,1.77,3.17,3.06,1.2,3.54,3.07,0.42
1777887862.7830,2.97,2.33,0.01,2.91,2.92,1.79,3.06,3.11,1.25,3.37,3.02,0.41
1777887862.9833,2.99,2.44,-0.04,2.69,2.92,1.78,2.94,3.0,1.21,3.55,3.09,0.41
1777887863.1837,2.71,2.42,-0.01,2.87,2.9,1.8,3.16,3.08,1.28,3.58,3.07,0.43
1777887863.3840,2.91,2.38,-0.04,2.86,2.96,1.79,3.06,3.01,1.21,3.61,3.18,0.44
1777887863.5843,2.96,2.33,0.03,2.78,3.02,1.77,2.99,3.1,1.18,3.55,3.15,0.45
1777887863.7847,2.86,2.39,0.0,2.95,2.96,1.78,3.04,3.05,1.22,3.59,3.06,0.43
1777887863.9851,2.79,2.38,0.02,2.8,2.9,1.79,3.04,2.99,1.24,3.54,3.07,0.43
1777887864.1854,2.89,2.35,0.02,2.95,2.94,1.77,3.0,2.93,1.22,3.45,3.11,0.43
1777887864.3858,2.82,2.36,0.05,2.77,3.04,1.79,3.08,3.11,1.16,3.6,3.15,0.42
1777887864.5861,2.99,2.4,0.02,2.83,2.91,1.76,3.06,3.06,1.24,3.55,3.1,0.47
1777887864.7873,2.88,2.4,0.01,2.93,3.01,1.78,2.97,3.06,1.24,3.6,3.05,0.42
1777887864.9876,2.93,2.39,0.02,2.7,3.0,1.79,3.11,3.01,1.32,3.66,3.09,0.42
1777887865.1879,2.85,2.36,0.02,2.88,2.96,1.77,3.11,2.99,1.34,3.47,3.12,0.46
1777887865.3883,2.74,2.4,0.02,2.78,2.98,1.77,3.08,3.04,1.33,3.57,3.14,0.44
1777887865.5886,2.87,2.39,0.03,2.82,2.95,1.78,3.06,3.14,1.37,3.51,3.11,0.4
1777887865.7890,2.99,2.4,0.05,2.85,3.0,1.77,3.04,3.05,1.32,3.56,3.13,0.4
1777887865.9893,2.97,2.34,-0.06,2.75,2.94,1.77,3.08,2.98,1.28,3.55,3.08,0.38
1777887866.1896,2.85,2.4,-0.04,2.79,3.0,1.77,3.09,2.98,1.23,3.58,3.08,0.41
1777887866.3899,2.86,2.39,-0.02,2.86,3.01,1.78,3.08,2.9,1.28,3.52,3.07,0.42
1777887866.5902,2.92,2.4,-0.04,2.79,3.0,1.79,3.16,2.99,1.33,3.56,3.08,0.44
1777887866.7906,2.94,2.38,0.05,2.79,2.99,1.79,3.13,3.07,1.27,3.6,3.1,0.44
1777887866.9910,2.85,2.38,0.02,2.86,2.93,1.79,3.11,2.97,1.32,3.53,3.14,0.48
1777887867.1916,3.0,2.37,-0.04,2.84,3.0,1.77,3.14,3.0,1.34,3.5,3.07,0.44
1777887867.3920,2.87,2.39,0.04,2.87,2.97,1.78,3.01,3.04,1.27,3.62,3.17,0.39
1777887867.5924,2.82,2.39,0.04,2.78,2.95,1.79,3.13,3.03,1.29,3.57,3.2,0.47
1777887867.7927,2.97,2.37,0.03,2.83,3.04,1.79,3.1,3.01,1.3,3.62,3.15,0.44
1777887867.9930,2.91,2.36,-0.05,2.75,2.99,1.78,3.09,3.05,1.3,3.64,3.14,0.42
1777887868.1934,2.98,2.4,0.01,2.78,2.97,1.78,3.08,3.1,1.36,3.69,3.17,0.39
1777887868.3941,2.9,2.37,0.03,2.79,2.95,1.77,3.12,3.04,1.4,3.5,3.15,0.4
1777887868.5945,2.9,2.37,0.04,2.78,2.98,1.77,3.08,2.9,1.25,3.6,3.08,0.4
1777887868.7950,2.82,2.38,0.02,2.86,2.99,1.77,3.04,3.01,1.25,3.53,3.1,0.46
1777887868.9957,2.96,2.33,0.0,2.8,2.93,1.79,3.03,3.07,1.35,3.54,3.13,0.38
1777887869.1967,2.92,2.41,0.04,2.8,2.98,1.78,3.12,3.01,1.26,3.51,3.1,0.43
1777887869.3982,2.79,2.41,0.03,2.74,3.08,1.77,3.07,2.97,1.34,3.58,3.17,0.43
1777887869.5986,2.83,2.38,0.04,2.87,2.96,1.79,3.09,3.04,1.28,3.63,3.12,0.37
1777887869.7999,2.92,2.38,0.03,2.87,2.97,1.77,3.05,3.01,1.32,3.52,3.12,0.44
1777887870.0002,2.91,2.38,-0.03,2.84,3.04,1.78,3.08,3.07,1.27,3.52,3.11,0.36
1777887870.2005,2.77,2.39,0.02,2.95,2.96,1.76,3.01,3.0,1.43,3.59,3.12,0.37
1777887870.4009,2.93,2.39,0.03,2.8,2.93,1.76,3.11,3.0,1.28,3.63,3.14,0.37
1777887870.6012,3.01,2.39,0.02,2.98,2.98,1.76,3.11,2.92,1.4,3.61,3.17,0.36
1777887870.8017,2.96,2.4,-0.03,2.87,2.92,1.76,3.12,2.95,1.3,3.61,3.16,0.42
1777887871.0020,2.92,2.35,0.02,2.96,2.97,1.76,3.04,3.12,1.3,3.57,3.13,0.41
1777887871.2022,2.91,2.39,0.03,2.94,2.96,1.79,3.06,2.97,1.29,3.66,3.13,0.4
1777887871.4025,2.94,2.37,0.01,2.92,3.05,1.75,3.06,2.96,1.27,3.57,3.16,0.42
1777887871.6028,2.82,2.39,-0.06,2.84,2.94,1.77,3.12,2.98,1.22,3.55,3.17,0.45
1777887871.8030,2.95,2.37,-0.04,2.86,3.0,1.77,3.08,3.03,1.32,3.68,3.2,0.39
1777887872.0033,2.86,2.38,-0.03,2.88,2.93,1.78,3.07,3.12,1.3,3.6,3.2,0.37
1777887872.2036,2.93,2.38,-0.05,2.94,2.94,1.75,3.04,3.01,1.33,3.71,3.15,0.4
1777887872.4038,2.92,2.39,0.04,2.87,2.97,1.76,3.01,2.94,1.28,3.58,3.07,0.39
1777887872.6042,2.97,2.36,-0.05,2.85,3.02,1.79,3.09,3.02,1.25,3.61,3.13,0.43
1777887872.8046,2.97,2.38,0.02,2.8,2.97,1.76,3.16,2.99,1.32,3.63,3.14,0.42
1777887873.0049,2.91,2.39,0.04,2.85,2.93,1.76,3.15,3.11,1.28,3.57,3.11,0.43
1777887873.2051,2.95,2.37,-0.03,2.83,2.99,1.77,3.05,3.02,1.24,3.67,3.21,0.48
1777887873.4054,2.91,2.4,-0.04,2.85,2.95,1.77,3.1,2.97,1.3,3.59,3.13,0.44
1777887873.6056,2.88,2.37,0.04,2.89,2.99,1.75,3.03,3.03,1.26,3.65,3.19,0.44
1777887873.8059,2.84,2.4,0.02,2.82,3.03,1.79,3.12,3.12,1.31,3.58,3.16,0.42
1777887874.0062,2.98,2.36,-0.07,2.86,2.97,1.77,3.07,3.04,1.28,3.6,3.09,0.45
1777887874.2065,2.81,2.39,0.04,2.9,3.01,1.79,2.99,3.09,1.25,3.61,3.19,0.43
1777887874.4071,2.94,2.37,-0.05,2.84,2.96,1.78,3.07,3.08,1.26,3.63,3.13,0.41
1777887874.6073,3.0,2.41,-0.03,2.75,3.0,1.76,3.02,2.95,1.25,3.66,3.12,0.44
1777887874.8076,2.92,2.38,0.01,2.85,2.97,1.76,3.12,3.05,1.3,3.71,3.11,0.42
1777887875.0079,3.0,2.4,0.05,2.83,2.91,1.76,3.13,3.04,1.31,3.63,3.14,0.4
1777887875.2081,2.83,2.4,0.03,2.84,3.02,1.78,3.11,3.02,1.27,3.61,3.15,0.42
1777887875.4084,2.95,2.38,-0.01,2.86,3.02,1.76,3.02,3.13,1.3,3.62,3.09,0.39
1777887875.6086,2.89,2.39,-0.02,2.9,2.96,1.77,3.04,3.08,1.33,3.61,3.12,0.41
1777887875.8089,2.86,2.37,-0.06,2.82,2.99,1.79,3.07,3.03,1.27,3.57,3.1,0.36
1777887876.0091,2.87,2.38,-0.05,2.81,2.95,1.77,3.06,2.96,1.24,3.65,3.11,0.47
1777887876.2094,2.96,2.4,0.04,2.88,2.97,1.77,3.07,2.95,1.3,3.58,3.17,0.41
1777887876.4097,2.91,2.39,0.04,2.79,3.01,1.75,2.99,3.0,1.35,3.66,3.11,0.4
1777887876.6100,2.98,2.34,0.0,2.73,2.98,1.77,3.01,3.01,1.28,3.6,3.14,0.41
1777887876.8102,2.89,2.4,-0.02,2.92,2.99,1.76,3.08,3.02,1.32,3.56,3.1,0.39
1777887877.0105,2.76,2.37,-0.04,2.87,2.96,1.78,3.14,3.07,1.28,3.61,3.11,0.37
1777887877.2108,3.02,2.35,-0.02,2.84,3.01,1.78,3.0,3.08,1.3,3.68,3.09,0.43
1777887877.4111,2.92,2.38,-0.05,2.9,2.98,1.74,3.06,3.07,1.25,3.61,3.11,0.42
1777887877.6113,2.97,2.38,0.04,2.96,2.96,1.77,3.08,3.0,1.28,3.64,3.09,0.37
1777887877.8116,2.83,2.38,-0.01,2.83,2.95,1.76,3.12,3.06,1.3,3.51,3.17,0.38
1777887878.0118,2.86,2.38,-0.06,2.84,2.94,1.76,3.03,3.03,1.25,3.58,3.14,0.41
1777887878.2121,2.81,2.38,0.04,2.86,2.96,1.78,2.99,3.04,1.2,3.68,3.11,0.41
1777887878.4124,2.93,2.34,0.04,2.81,2.99,1.77,3.09,3.09,1.24,3.58,3.12,0.4
1777887878.6126,2.87,2.37,-0.03,2.81,2.94,1.76,3.03,3.07,1.28,3.63,3.2,0.35
1777887878.8129,2.95,2.39,-0.04,2.84,2.99,1.75,2.97,3.07,1.35,3.52,3.11,0.38
1777887879.0131,2.77,2.41,0.04,2.85,2.95,1.78,2.99,3.15,1.29,3.64,3.21,0.36
1777887879.2135,2.96,2.38,-0.07,2.78,2.97,1.76,3.07,3.11,1.27,3.63,3.12,0.37
1777887879.4138,2.88,2.39,-0.03,2.89,2.99,1.75,3.05,3.01,1.28,3.53,3.13,0.39
1777887879.6141,2.79,2.39,-0.02,2.87,2.97,1.77,3.04,2.92,1.32,3.6,3.14,0.4
1777887879.8143,2.89,2.36,0.02,2.8,3.03,1.76,3.0,3.05,1.3,3.58,3.09,0.38
1777887880.0146,2.92,2.35,0.05,2.82,2.99,1.76,3.05,3.09,1.31,3.64,3.07,0.43
1777887880.2150,2.89,2.33,-0.03,2.8,2.92,1.78,3.05,2.92,1.25,3.58,3.16,0.39
1777887880.4155,2.95,2.39,-0.05,2.88,3.0,1.76,3.03,3.03,1.28,3.56,3.14,0.36
1777887880.6158,2.88,2.4,-0.03,2.95,2.93,1.78,3.06,2.96,1.28,3.57,3.08,0.33
1777887880.8168,2.89,2.36,-0.02,2.7,2.95,1.79,3.19,2.92,1.27,3.62,3.14,0.4
1777887881.0172,2.97,2.39,0.03,2.77,3.03,1.77,3.04,3.07,1.25,3.48,3.09,0.37
1777887881.2183,2.95,2.35,-0.02,2.8,2.91,1.76,2.96,3.03,1.35,3.57,3.13,0.37
1777887881.4185,2.93,2.39,-0.03,2.9,2.99,1.77,3.1,3.04,1.33,3.49,3.03,0.36
1777887881.6192,2.84,2.36,-0.05,2.84,2.98,1.77,2.99,3.0,1.34,3.49,3.08,0.41
1777887881.8195,2.85,2.38,0.03,2.85,2.98,1.78,3.13,3.0,1.25,3.54,3.1,0.37
1777887882.0200,2.96,2.39,-0.03,2.68,2.96,1.77,3.16,3.04,1.32,3.55,3.1,0.34
1777887882.2202,2.83,2.36,-0.02,2.75,2.97,1.76,2.99,3.06,1.27,3.61,3.18,0.42
1777887882.4205,2.94,2.37,-0.02,2.75,2.97,1.76,3.0,3.14,1.3,3.54,3.12,0.39
1777887882.6208,2.85,2.36,-0.02,2.72,2.94,1.76,3.08,3.09,1.3,3.56,3.18,0.45
1777887882.8211,2.89,2.38,0.04,2.85,2.92,1.76,3.11,3.1,1.31,3.62,3.12,0.38
1777887883.0213,2.87,2.41,0.0,2.95,2.94,1.8,3.07,3.07,1.24,3.48,3.15,0.41
1777887883.2216,2.94,2.39,0.0,2.85,2.95,1.76,3.06,3.12,1.31,3.62,3.08,0.41
1777887883.4218,2.95,2.36,-0.03,2.8,2.99,1.78,3.03,3.11,1.31,3.57,3.17,0.38
1777887883.6224,2.79,2.35,-0.03,2.9,2.9,1.79,3.08,3.0,1.19,3.52,3.0,0.4
1777887883.8228,2.9,2.39,-0.01,2.9,2.94,1.79,3.02,2.96,1.29,3.54,3.14,0.45
1777887884.0230,2.91,2.41,-0.02,2.77,2.95,1.78,3.12,3.06,1.29,3.56,3.13,0.4
1777887884.2233,2.96,2.36,-0.02,2.8,2.89,1.77,3.05,3.12,1.26,3.5,3.05,0.51
1777887884.4236,2.82,2.35,0.0,2.85,2.94,1.78,3.03,3.07,1.26,3.65,3.06,0.41
1777887884.6240,2.86,2.38,0.02,2.93,2.94,1.76,3.04,2.97,1.29,3.68,3.21,0.44
1777887884.8242,2.95,2.38,0.02,2.8,2.96,1.78,3.02,2.98,1.15,3.56,3.12,0.44
1777887885.0246,2.91,2.35,0.03,2.91,2.98,1.76,3.11,3.07,1.26,3.59,3.11,0.42
1777887885.2249,2.91,2.38,-0.07,2.76,3.01,1.77,3.02,3.07,1.32,3.63,3.1,0.38
1777887885.4252,2.84,2.39,-0.03,2.8,2.98,1.77,3.13,3.05,1.33,3.59,3.07,0.45
1777887885.6255,2.88,2.39,0.04,2.88,2.97,1.76,3.1,3.17,1.31,3.61,3.14,0.35
1777887885.8261,2.79,2.33,-0.04,2.74,2.99,1.78,3.02,3.12,1.28,3.56,3.1,0.36
1777887886.0264,2.96,2.38,-0.03,2.83,2.97,1.77,3.05,2.9,1.3,3.6,3.12,0.39
1777887886.2267,2.86,2.37,0.02,2.87,2.95,1.76,2.94,3.03,1.27,3.57,3.1,0.43
1777887886.4268,2.83,2.39,-0.01,2.78,2.99,1.77,3.11,2.93,1.23,3.58,3.08,0.4
1777887886.6271,2.84,2.33,0.01,2.94,2.96,1.77,3.04,3.03,1.25,3.54,3.12,0.44
1777887886.8274,2.91,2.37,0.01,2.85,2.99,1.75,3.04,2.97,1.24,3.63,3.14,0.42
1777887887.0277,2.96,2.33,0.0,2.73,2.95,1.77,3.05,2.93,1.24,3.55,3.13,0.4
1777887887.2281,2.92,2.36,0.0,2.89,2.93,1.76,3.11,3.04,1.23,3.59,3.09,0.36
1777887887.4283,2.93,2.41,-0.02,2.82,2.97,1.77,3.09,3.12,1.27,3.49,3.09,0.4
1777887887.6285,2.84,2.36,-0.03,2.82,3.03,1.76,2.99,3.06,1.19,3.58,3.12,0.44
1777887887.8289,2.8,2.39,-0.02,2.81,2.98,1.77,3.15,3.14,1.2,3.46,3.15,0.4
1777887888.0293,2.9,2.37,0.04,2.74,2.99,1.79,3.05,3.14,1.28,3.57,3.17,0.37
1777887888.2296,2.92,2.39,0.02,2.72,2.97,1.76,2.97,3.07,1.27,3.55,3.14,0.44
1777887888.4301,2.92,2.37,-0.01,2.8,3.02,1.79,3.11,3.06,1.32,3.6,3.08,0.36
1777887888.6305,2.96,2.33,0.02,2.88,3.04,1.77,2.97,3.1,1.3,3.64,3.15,0.33
1777887888.8308,2.88,2.36,-0.03,2.79,2.97,1.76,2.99,3.1,1.25,3.58,3.09,0.4
1777887889.0311,2.9,2.36,0.01,2.7,2.99,1.76,3.03,2.98,1.33,3.7,3.03,0.42
1777887889.2314,2.98,2.38,0.01,2.79,3.02,1.78,2.94,3.01,1.28,3.62,3.16,0.37
1777887889.4316,2.85,2.4,0.01,2.78,3.01,1.77,3.03,3.06,1.23,3.65,3.1,0.4
1777887889.6319,2.84,2.38,0.03,2.88,3.04,1.77,3.1,3.13,1.25,3.49,3.05,0.38
1777887889.8322,2.75,2.34,0.03,2.83,3.0,1.76,3.08,3.05,1.24,3.57,3.1,0.41
1777887890.0324,2.78,2.34,0.03,2.77,3.02,1.75,3.07,3.23,1.26,3.48,3.16,0.39
1777887890.2327,2.76,2.36,-0.03,2.76,3.03,1.76,3.0,3.06,1.3,3.48,3.12,0.37
1777887890.4330,2.71,2.38,-0.01,2.71,3.03,1.77,3.07,3.1,1.27,3.46,3.14,0.37
1777887890.6332,2.81,2.35,-0.04,2.73,3.07,1.74,3.04,3.02,1.26,3.64,3.06,0.39
1777887890.8335,2.96,2.35,0.01,2.86,2.92,1.74,3.12,3.11,1.27,3.6,3.1,0.41
1777887891.0339,2.82,2.38,-0.04,2.81,3.02,1.77,2.99,2.92,1.21,3.61,3.17,0.48
1777887891.2342,2.95,2.36,0.02,2.79,2.93,1.75,3.06,3.1,1.27,3.62,3.1,0.45
1777887891.4345,2.8,2.32,0.02,2.8,2.91,1.76,3.02,3.07,1.28,3.54,3.15,0.4
1777887891.6350,2.88,2.4,-0.03,2.89,2.98,1.74,3.09,3.0,1.33,3.51,3.17,0.4
1777887891.8352,2.81,2.36,-0.02,2.89,2.94,1.76,3.01,3.1,1.26,3.58,3.1,0.4
1777887892.0355,2.9,2.36,0.02,2.87,2.98,1.76,3.02,3.16,1.22,3.57,3.14,0.39
1777887892.2359,2.96,2.39,0.04,2.79,2.93,1.77,3.1,3.09,1.25,3.56,3.18,0.37
1777887892.4365,2.93,2.39,0.01,2.83,3.02,1.75,3.01,3.06,1.26,3.61,3.17,0.39
1777887892.6393,2.85,2.37,-0.04,2.84,2.96,1.76,2.95,3.0,1.27,3.61,3.16,0.38
1777887892.8397,2.86,2.37,-0.03,2.8,2.97,1.76,3.05,3.13,1.24,3.56,3.16,0.37
1777887893.0400,2.93,2.37,-0.04,2.85,2.94,1.76,3.07,3.1,1.23,3.59,3.21,0.36
1777887893.2404,2.97,2.36,-0.04,2.84,3.01,1.76,3.04,3.1,1.32,3.56,3.13,0.39
1777887893.4408,2.87,2.36,0.0,2.9,2.97,1.77,3.05,3.15,1.26,3.58,3.13,0.4
1777887893.6411,2.83,2.33,-0.04,2.86,3.0,1.76,3.04,2.98,1.24,3.53,3.19,0.32
1777887893.8414,2.87,2.37,-0.04,2.84,2.96,1.76,2.96,3.14,1.23,3.59,3.12,0.42
1777887894.0418,2.95,2.36,0.0,2.81,3.01,1.77,3.0,3.08,1.19,3.6,3.11,0.36
1777887894.2422,2.96,2.37,-0.03,2.83,2.99,1.75,2.98,3.05,1.24,3.58,3.18,0.38
1777887894.4426,2.92,2.36,0.01,2.88,3.04,1.77,3.01,2.91,1.24,3.61,3.14,0.45
1777887894.6429,2.92,2.36,0.0,2.77,2.95,1.76,3.05,3.09,1.3,3.62,3.14,0.37
1777887894.8432,2.76,2.33,0.02,2.84,3.03,1.76,3.01,3.14,1.27,3.51,3.12,0.4
1777887895.0436,2.92,2.37,0.05,2.76,2.99,1.76,3.04,3.03,1.21,3.54,3.18,0.42
1777887895.2438,2.78,2.36,-0.03,2.72,3.04,1.76,3.06,3.05,1.27,3.59,3.03,0.36
1777887895.4441,2.82,2.38,-0.04,2.77,2.91,1.77,3.03,2.96,1.23,3.61,3.2,0.4
1777887895.6444,2.95,2.34,0.0,2.9,2.97,1.75,3.02,3.13,1.28,3.59,3.13,0.39
1777887895.8447,2.74,2.37,0.01,2.84,2.97,1.74,2.99,3.02,1.23,3.61,3.09,0.34
1777887896.0451,2.74,2.39,-0.04,2.86,2.96,1.76,2.97,2.94,1.21,3.68,3.2,0.4
1777887896.2454,2.94,2.39,-0.02,2.88,2.96,1.75,3.05,3.03,1.22,3.55,3.14,0.42
1777887896.4457,2.87,2.33,-0.02,2.75,2.97,1.75,3.1,3.11,1.26,3.58,3.16,0.36
1777887896.6459,2.84,2.38,-0.04,2.83,2.93,1.77,2.97,3.01,1.19,3.55,3.2,0.38
1777887896.8462,3.0,2.41,-0.03,2.83,2.99,1.76,3.07,3.1,1.27,3.63,3.09,0.35
1777887897.0464,2.87,2.36,-0.02,2.83,2.95,1.75,2.97,3.06,1.25,3.67,3.13,0.42
1777887897.2467,2.86,2.37,0.01,2.83,3.0,1.77,3.09,3.05,1.29,3.6,3.19,0.38
1777887897.4470,2.98,2.34,-0.05,2.85,2.96,1.75,3.05,3.11,1.26,3.47,3.12,0.41
1777887897.6472,2.91,2.35,0.02,2.83,2.91,1.76,3.09,3.12,1.26,3.6,3.24,0.39
1777887897.8476,2.86,2.37,0.02,2.91,3.03,1.77,3.13,3.06,1.24,3.6,3.23,0.41
1777887898.0478,2.85,2.36,-0.05,2.86,3.0,1.76,3.1,3.07,1.26,3.59,3.07,0.36
1777887898.2481,2.84,2.35,0.01,2.82,3.0,1.76,3.11,3.06,1.23,3.65,3.17,0.41
1777887898.4484,2.84,2.39,0.0,2.85,2.91,1.73,3.02,3.09,1.29,3.67,3.21,0.37
1777887898.6486,2.89,2.35,0.01,2.84,2.99,1.74,2.98,3.15,1.33,3.53,3.16,0.42
1777887898.8489,2.82,2.36,0.03,2.91,3.04,1.75,3.07,2.97,1.3,3.64,3.19,0.4
1777887899.0493,2.81,2.34,-0.04,2.75,3.07,1.75,2.98,3.07,1.22,3.6,3.16,0.43
1777887899.2495,2.78,2.34,-0.05,2.82,2.95,1.74,2.99,3.01,1.27,3.67,3.16,0.38
1777887899.4498,2.81,2.35,-0.03,2.88,2.96,1.77,2.92,3.06,1.24,3.59,3.18,0.38
1777887899.6501,2.83,2.35,0.02,2.93,2.97,1.77,3.06,3.06,1.23,3.55,3.17,0.39
1777887899.8505,2.81,2.39,0.01,2.85,2.96,1.75,3.04,2.96,1.33,3.61,3.18,0.45
1777887900.0506,2.91,2.33,0.0,2.82,2.99,1.77,3.11,3.0,1.28,3.59,3.11,0.38
1777887900.2512,2.89,2.35,0.01,2.8,2.97,1.76,3.08,3.1,1.19,3.63,3.13,0.35
1777887900.4514,2.85,2.39,0.01,2.85,2.96,1.75,3.06,3.08,1.26,3.56,3.19,0.35
1777887900.6517,2.83,2.33,-0.04,2.76,2.96,1.76,3.0,2.93,1.23,3.55,3.14,0.4
1777887900.8519,2.67,2.37,-0.03,2.81,2.96,1.76,3.09,3.1,1.36,3.59,3.11,0.35
1777887901.0522,2.78,2.36,0.02,2.84,2.99,1.75,2.98,3.1,1.22,3.5,3.14,0.43
1777887901.2525,2.85,2.36,-0.02,2.85,2.95,1.76,3.02,3.1,1.25,3.55,3.22,0.45
1777887901.4527,2.87,2.39,-0.03,2.82,2.95,1.77,3.07,3.11,1.38,3.66,3.14,0.39
1777887901.6530,2.86,2.36,0.04,2.92,3.01,1.74,3.08,3.09,1.24,3.57,3.16,0.43
1777887901.8533,2.88,2.36,0.04,2.86,2.97,1.76,3.14,3.01,1.21,3.53,3.12,0.44
1777887902.0535,2.82,2.35,0.04,2.84,3.0,1.76,3.07,3.05,1.26,3.46,3.12,0.37
1777887902.2538,2.99,2.38,-0.03,2.92,3.01,1.77,3.07,3.06,1.28,3.56,3.1,0.41
1777887902.4540,2.87,2.34,0.01,2.68,2.89,1.78,3.07,3.11,1.26,3.47,3.17,0.42
1777887902.6543,2.91,2.36,0.03,2.83,3.02,1.76,3.01,3.09,1.31,3.55,3.11,0.41
1777887902.8546,2.93,2.35,0.03,2.83,3.0,1.78,3.05,3.05,1.23,3.58,3.12,0.46
1777887903.0550,2.87,2.39,-0.03,2.81,2.94,1.77,3.1,3.1,1.25,3.55,3.07,0.44
1777887903.2553,2.85,2.34,0.01,2.86,2.97,1.76,3.03,3.01,1.29,3.53,3.12,0.46
1777887903.4556,2.84,2.35,-0.04,2.89,2.98,1.78,3.02,2.99,1.29,3.52,3.11,0.37
1777887903.6560,2.91,2.35,0.03,2.87,2.95,1.75,3.05,3.01,1.31,3.54,3.15,0.34
1777887903.8573,2.82,2.37,-0.04,2.84,2.96,1.76,3.04,3.04,1.28,3.57,3.16,0.4
1777887904.0582,2.95,2.35,-0.01,2.77,2.98,1.75,3.05,3.1,1.31,3.57,3.09,0.38
1777887904.2585,2.83,2.39,0.02,2.83,2.98,1.76,2.98,2.93,1.22,3.55,3.16,0.42
1777887904.4589,2.83,2.35,0.0,2.85,3.01,1.75,3.08,3.16,1.28,3.56,3.16,0.41
1777887904.6596,2.92,2.37,0.03,2.84,3.0,1.75,2.92,2.9,1.34,3.6,3.1,0.39
1777887904.8600,2.83,2.33,-0.04,2.91,3.01,1.74,3.04,3.01,1.33,3.51,3.12,0.42
1777887905.0604,2.81,2.36,0.03,2.84,2.97,1.76,3.03,3.0,1.3,3.55,3.13,0.37
1777887905.2607,2.97,2.33,0.02,2.87,2.93,1.76,3.03,2.93,1.32,3.59,3.08,0.39
1777887905.4611,2.8,2.39,-0.01,2.86,2.97,1.76,3.12,2.98,1.18,3.64,3.15,0.44
1777887905.6621,2.69,2.36,0.04,2.84,2.94,1.76,3.13,2.99,1.31,3.59,3.11,0.37
1777887905.8626,2.78,2.34,0.05,2.86,2.99,1.76,2.98,3.0,1.21,3.61,3.1,0.38
1777887906.0631,2.89,2.37,0.01,2.84,2.94,1.75,2.96,3.05,1.21,3.64,3.15,0.41
1777887906.2634,2.88,2.36,0.0,2.79,2.93,1.77,3.03,3.09,1.24,3.57,3.11,0.41
1777887906.4639,2.83,2.38,0.0,2.87,2.92,1.75,3.1,3.13,1.29,3.66,3.17,0.37
1777887906.6641,2.92,2.35,-0.02,2.85,2.96,1.76,3.14,2.99,1.23,3.65,3.11,0.39
1777887906.8644,2.71,2.33,0.04,2.84,2.89,1.76,3.13,3.07,1.25,3.61,3.17,0.39
1777887907.0646,2.99,2.34,-0.03,2.81,2.88,1.76,3.1,3.09,1.28,3.51,3.08,0.37
1777887907.2651,2.84,2.34,0.0,2.87,2.95,1.77,3.04,3.17,1.23,3.55,3.12,0.38
1777887907.4654,2.84,2.37,-0.04,2.7,3.0,1.76,3.0,2.94,1.24,3.53,3.15,0.41
