2025-09-14 05:37:08,019 INFO  Logger.cs: 70 - 
--------------------------------------------------------------------------------
2025-09-14 05:37:08,075 INFO  Logger.cs: 71 - Logging commencing for SW2URDF exporter
2025-09-14 05:37:08,077 INFO  Logger.cs: 73 - Commit version 1.6.0-4-g7f85cfe
2025-09-14 05:37:08,078 INFO  Logger.cs: 74 - Build version 1.6.7995.38578
2025-09-14 05:37:08,081 INFO  SwAddin.cs: 192 - Attempting to connect to SW
2025-09-14 05:37:08,083 INFO  SwAddin.cs: 197 - Setting up callbacks
2025-09-14 05:37:08,084 INFO  SwAddin.cs: 201 - Setting up command manager
2025-09-14 05:37:08,086 INFO  SwAddin.cs: 204 - Adding command manager
2025-09-14 05:37:08,090 INFO  SwAddin.cs: 263 - Adding Assembly export to file menu
2025-09-14 05:37:08,092 INFO  SwAddin.cs: 272 - Adding Part export to file menu
2025-09-14 05:37:08,093 INFO  SwAddin.cs: 210 - Adding event handlers
2025-09-14 05:37:08,098 INFO  SwAddin.cs: 217 - Connecting plugin to SolidWorks
2025-09-14 08:49:58,692 INFO  SwAddin.cs: 294 - Assembly export called for file nayaleg2.SLDASM
2025-09-14 08:49:58,719 INFO  SwAddin.cs: 299 - Save is required
2025-09-14 08:49:58,720 INFO  SwAddin.cs: 313 - Saving assembly
2025-09-14 08:50:00,247 INFO  SwAddin.cs: 316 - Opening property manager
2025-09-14 08:50:00,350 INFO  ExportHelperExtension.cs: 1125 - Retrieving features of type [CoordSys] from nayaleg2.SLDASM
2025-09-14 08:50:00,368 INFO  ExportHelperExtension.cs: 1136 - Found 97 in nayaleg2.SLDASM
2025-09-14 08:50:00,370 INFO  ExportHelperExtension.cs: 1145 - Found 0 features of type [CoordSys] in nayaleg2.SLDASM
2025-09-14 08:50:00,371 INFO  ExportHelperExtension.cs: 1148 - Proceeding through assembly components
2025-09-14 08:50:00,376 INFO  ExportHelperExtension.cs: 1160 - 20 components to check
2025-09-14 08:50:00,381 INFO  ExportHelperExtension.cs: 1125 - Retrieving features of type [CoordSys] from motorcon-1
2025-09-14 08:50:00,383 INFO  ExportHelperExtension.cs: 1136 - Found 31 in motorcon-1
2025-09-14 08:50:00,384 INFO  ExportHelperExtension.cs: 1145 - Found 0 features of type [CoordSys] in motorcon-1
2025-09-14 08:50:00,386 INFO  ExportHelperExtension.cs: 1125 - Retrieving features of type [CoordSys] from ak60-6v1-1-1
2025-09-14 08:50:00,387 INFO  ExportHelperExtension.cs: 1136 - Found 40 in ak60-6v1-1-1
2025-09-14 08:50:00,389 INFO  ExportHelperExtension.cs: 1145 - Found 0 features of type [CoordSys] in ak60-6v1-1-1
2025-09-14 08:50:00,390 INFO  ExportHelperExtension.cs: 1125 - Retrieving features of type [CoordSys] from hip2ndmotorholder-1
2025-09-14 08:50:00,391 INFO  ExportHelperExtension.cs: 1136 - Found 33 in hip2ndmotorholder-1
2025-09-14 08:50:00,393 INFO  ExportHelperExtension.cs: 1145 - Found 0 features of type [CoordSys] in hip2ndmotorholder-1
2025-09-14 08:50:00,395 INFO  ExportHelperExtension.cs: 1125 - Retrieving features of type [CoordSys] from ak60-6v1-1-2
2025-09-14 08:50:00,396 INFO  ExportHelperExtension.cs: 1136 - Found 40 in ak60-6v1-1-2
2025-09-14 08:50:00,398 INFO  ExportHelperExtension.cs: 1145 - Found 0 features of type [CoordSys] in ak60-6v1-1-2
2025-09-14 08:50:00,399 INFO  ExportHelperExtension.cs: 1125 - Retrieving features of type [CoordSys] from belowleglink1other-1
2025-09-14 08:50:00,403 INFO  ExportHelperExtension.cs: 1136 - Found 35 in belowleglink1other-1
2025-09-14 08:50:00,404 INFO  ExportHelperExtension.cs: 1145 - Found 0 features of type [CoordSys] in belowleglink1other-1
2025-09-14 08:50:00,406 INFO  ExportHelperExtension.cs: 1125 - Retrieving features of type [CoordSys] from 70shaft-1
2025-09-14 08:50:00,408 INFO  ExportHelperExtension.cs: 1136 - Found 25 in 70shaft-1
2025-09-14 08:50:00,409 INFO  ExportHelperExtension.cs: 1145 - Found 0 features of type [CoordSys] in 70shaft-1
2025-09-14 08:50:00,411 INFO  ExportHelperExtension.cs: 1125 - Retrieving features of type [CoordSys] from hipmotortokneemotor-1
2025-09-14 08:50:00,413 INFO  ExportHelperExtension.cs: 1136 - Found 37 in hipmotortokneemotor-1
2025-09-14 08:50:00,414 INFO  ExportHelperExtension.cs: 1145 - Found 0 features of type [CoordSys] in hipmotortokneemotor-1
2025-09-14 08:50:00,416 INFO  ExportHelperExtension.cs: 1125 - Retrieving features of type [CoordSys] from gt2pulleyconnector-1
2025-09-14 08:50:00,417 INFO  ExportHelperExtension.cs: 1136 - Found 27 in gt2pulleyconnector-1
2025-09-14 08:50:00,419 INFO  ExportHelperExtension.cs: 1145 - Found 0 features of type [CoordSys] in gt2pulleyconnector-1
2025-09-14 08:50:00,420 INFO  ExportHelperExtension.cs: 1125 - Retrieving features of type [CoordSys] from knee1linkother-1
2025-09-14 08:50:00,422 INFO  ExportHelperExtension.cs: 1136 - Found 31 in knee1linkother-1
2025-09-14 08:50:00,423 INFO  ExportHelperExtension.cs: 1145 - Found 0 features of type [CoordSys] in knee1linkother-1
2025-09-14 08:50:00,425 INFO  ExportHelperExtension.cs: 1125 - Retrieving features of type [CoordSys] from legmounting plate-1
2025-09-14 08:50:00,428 INFO  ExportHelperExtension.cs: 1136 - Found 27 in legmounting plate-1
2025-09-14 08:50:00,429 INFO  ExportHelperExtension.cs: 1145 - Found 0 features of type [CoordSys] in legmounting plate-1
2025-09-14 08:50:00,432 INFO  ExportHelperExtension.cs: 1125 - Retrieving features of type [CoordSys] from HTD 3M 40 TOOTH GEAR (8MM BORE)-2
2025-09-14 08:50:00,433 INFO  ExportHelperExtension.cs: 1136 - Found 38 in HTD 3M 40 TOOTH GEAR (8MM BORE)-2
2025-09-14 08:50:00,435 INFO  ExportHelperExtension.cs: 1145 - Found 0 features of type [CoordSys] in HTD 3M 40 TOOTH GEAR (8MM BORE)-2
2025-09-14 08:50:00,436 INFO  ExportHelperExtension.cs: 1125 - Retrieving features of type [CoordSys] from HTD 3M 40 TOOTH GEAR (8MM BORE)-1
2025-09-14 08:50:00,563 INFO  ExportHelperExtension.cs: 1136 - Found 38 in HTD 3M 40 TOOTH GEAR (8MM BORE)-1
2025-09-14 08:50:00,565 INFO  ExportHelperExtension.cs: 1145 - Found 0 features of type [CoordSys] in HTD 3M 40 TOOTH GEAR (8MM BORE)-1
2025-09-14 08:50:00,566 INFO  ExportHelperExtension.cs: 1125 - Retrieving features of type [CoordSys] from ak60-6v1-1-3
2025-09-14 08:50:00,567 INFO  ExportHelperExtension.cs: 1136 - Found 40 in ak60-6v1-1-3
2025-09-14 08:50:00,569 INFO  ExportHelperExtension.cs: 1145 - Found 0 features of type [CoordSys] in ak60-6v1-1-3
2025-09-14 08:50:00,570 INFO  ExportHelperExtension.cs: 1125 - Retrieving features of type [CoordSys] from knee1link-1
2025-09-14 08:50:00,572 INFO  ExportHelperExtension.cs: 1136 - Found 50 in knee1link-1
2025-09-14 08:50:00,573 INFO  ExportHelperExtension.cs: 1145 - Found 0 features of type [CoordSys] in knee1link-1
2025-09-14 08:50:00,575 INFO  ExportHelperExtension.cs: 1125 - Retrieving features of type [CoordSys] from belowleglink1-1
2025-09-14 08:50:00,577 INFO  ExportHelperExtension.cs: 1136 - Found 40 in belowleglink1-1
2025-09-14 08:50:00,578 INFO  ExportHelperExtension.cs: 1145 - Found 0 features of type [CoordSys] in belowleglink1-1
2025-09-14 08:50:00,579 INFO  ExportHelperExtension.cs: 1125 - Retrieving features of type [CoordSys] from idle_pulley_base-1
2025-09-14 08:50:00,581 INFO  ExportHelperExtension.cs: 1136 - Found 32 in idle_pulley_base-1
2025-09-14 08:50:00,583 INFO  ExportHelperExtension.cs: 1145 - Found 0 features of type [CoordSys] in idle_pulley_base-1
2025-09-14 08:50:00,583 INFO  ExportHelperExtension.cs: 1125 - Retrieving features of type [CoordSys] from M5x20_idle_b0lt-1
2025-09-14 08:50:00,584 INFO  ExportHelperExtension.cs: 1136 - Found 27 in M5x20_idle_b0lt-1
2025-09-14 08:50:00,585 INFO  ExportHelperExtension.cs: 1145 - Found 0 features of type [CoordSys] in M5x20_idle_b0lt-1
2025-09-14 08:50:00,586 INFO  ExportHelperExtension.cs: 1125 - Retrieving features of type [CoordSys] from flangebearing-2
2025-09-14 08:50:00,589 INFO  ExportHelperExtension.cs: 1136 - Found 43 in flangebearing-2
2025-09-14 08:50:00,590 INFO  ExportHelperExtension.cs: 1145 - Found 0 features of type [CoordSys] in flangebearing-2
2025-09-14 08:50:00,592 INFO  ExportHelperExtension.cs: 1125 - Retrieving features of type [CoordSys] from flangebearing-1
2025-09-14 08:50:00,594 INFO  ExportHelperExtension.cs: 1136 - Found 43 in flangebearing-1
2025-09-14 08:50:00,595 INFO  ExportHelperExtension.cs: 1145 - Found 0 features of type [CoordSys] in flangebearing-1
2025-09-14 08:50:00,597 INFO  ExportHelperExtension.cs: 1125 - Retrieving features of type [CoordSys] from pad-1
2025-09-14 08:50:00,599 INFO  ExportHelperExtension.cs: 1136 - Found 27 in pad-1
2025-09-14 08:50:00,600 INFO  ExportHelperExtension.cs: 1145 - Found 0 features of type [CoordSys] in pad-1
2025-09-14 08:50:00,601 INFO  ExportHelperExtension.cs: 1125 - Retrieving features of type [RefAxis] from nayaleg2.SLDASM
2025-09-14 08:50:00,603 INFO  ExportHelperExtension.cs: 1136 - Found 97 in nayaleg2.SLDASM
2025-09-14 08:50:00,604 INFO  ExportHelperExtension.cs: 1145 - Found 0 features of type [RefAxis] in nayaleg2.SLDASM
2025-09-14 08:50:00,605 INFO  ExportHelperExtension.cs: 1148 - Proceeding through assembly components
2025-09-14 08:50:00,606 INFO  ExportHelperExtension.cs: 1160 - 20 components to check
2025-09-14 08:50:00,607 INFO  ExportHelperExtension.cs: 1125 - Retrieving features of type [RefAxis] from motorcon-1
2025-09-14 08:50:00,608 INFO  ExportHelperExtension.cs: 1136 - Found 31 in motorcon-1
2025-09-14 08:50:00,609 INFO  ExportHelperExtension.cs: 1145 - Found 0 features of type [RefAxis] in motorcon-1
2025-09-14 08:50:00,610 INFO  ExportHelperExtension.cs: 1125 - Retrieving features of type [RefAxis] from ak60-6v1-1-1
2025-09-14 08:50:00,611 INFO  ExportHelperExtension.cs: 1136 - Found 40 in ak60-6v1-1-1
2025-09-14 08:50:00,612 INFO  ExportHelperExtension.cs: 1145 - Found 0 features of type [RefAxis] in ak60-6v1-1-1
2025-09-14 08:50:00,613 INFO  ExportHelperExtension.cs: 1125 - Retrieving features of type [RefAxis] from hip2ndmotorholder-1
2025-09-14 08:50:00,614 INFO  ExportHelperExtension.cs: 1136 - Found 33 in hip2ndmotorholder-1
2025-09-14 08:50:00,615 INFO  ExportHelperExtension.cs: 1145 - Found 0 features of type [RefAxis] in hip2ndmotorholder-1
2025-09-14 08:50:00,615 INFO  ExportHelperExtension.cs: 1125 - Retrieving features of type [RefAxis] from ak60-6v1-1-2
2025-09-14 08:50:00,616 INFO  ExportHelperExtension.cs: 1136 - Found 40 in ak60-6v1-1-2
2025-09-14 08:50:00,617 INFO  ExportHelperExtension.cs: 1145 - Found 0 features of type [RefAxis] in ak60-6v1-1-2
2025-09-14 08:50:00,618 INFO  ExportHelperExtension.cs: 1125 - Retrieving features of type [RefAxis] from belowleglink1other-1
2025-09-14 08:50:00,620 INFO  ExportHelperExtension.cs: 1136 - Found 35 in belowleglink1other-1
2025-09-14 08:50:00,621 INFO  ExportHelperExtension.cs: 1145 - Found 0 features of type [RefAxis] in belowleglink1other-1
2025-09-14 08:50:00,622 INFO  ExportHelperExtension.cs: 1125 - Retrieving features of type [RefAxis] from 70shaft-1
2025-09-14 08:50:00,623 INFO  ExportHelperExtension.cs: 1136 - Found 25 in 70shaft-1
2025-09-14 08:50:00,624 INFO  ExportHelperExtension.cs: 1145 - Found 0 features of type [RefAxis] in 70shaft-1
2025-09-14 08:50:00,625 INFO  ExportHelperExtension.cs: 1125 - Retrieving features of type [RefAxis] from hipmotortokneemotor-1
2025-09-14 08:50:00,627 INFO  ExportHelperExtension.cs: 1136 - Found 37 in hipmotortokneemotor-1
2025-09-14 08:50:00,629 INFO  ExportHelperExtension.cs: 1145 - Found 0 features of type [RefAxis] in hipmotortokneemotor-1
2025-09-14 08:50:00,630 INFO  ExportHelperExtension.cs: 1125 - Retrieving features of type [RefAxis] from gt2pulleyconnector-1
2025-09-14 08:50:00,644 INFO  ExportHelperExtension.cs: 1136 - Found 27 in gt2pulleyconnector-1
2025-09-14 08:50:00,646 INFO  ExportHelperExtension.cs: 1145 - Found 0 features of type [RefAxis] in gt2pulleyconnector-1
2025-09-14 08:50:00,647 INFO  ExportHelperExtension.cs: 1125 - Retrieving features of type [RefAxis] from knee1linkother-1
2025-09-14 08:50:00,649 INFO  ExportHelperExtension.cs: 1136 - Found 31 in knee1linkother-1
2025-09-14 08:50:00,650 INFO  ExportHelperExtension.cs: 1145 - Found 0 features of type [RefAxis] in knee1linkother-1
2025-09-14 08:50:00,651 INFO  ExportHelperExtension.cs: 1125 - Retrieving features of type [RefAxis] from legmounting plate-1
2025-09-14 08:50:00,652 INFO  ExportHelperExtension.cs: 1136 - Found 27 in legmounting plate-1
2025-09-14 08:50:00,653 INFO  ExportHelperExtension.cs: 1145 - Found 0 features of type [RefAxis] in legmounting plate-1
2025-09-14 08:50:00,653 INFO  ExportHelperExtension.cs: 1125 - Retrieving features of type [RefAxis] from HTD 3M 40 TOOTH GEAR (8MM BORE)-2
2025-09-14 08:50:00,654 INFO  ExportHelperExtension.cs: 1136 - Found 38 in HTD 3M 40 TOOTH GEAR (8MM BORE)-2
2025-09-14 08:50:00,656 INFO  ExportHelperExtension.cs: 1145 - Found 0 features of type [RefAxis] in HTD 3M 40 TOOTH GEAR (8MM BORE)-2
2025-09-14 08:50:00,657 INFO  ExportHelperExtension.cs: 1125 - Retrieving features of type [RefAxis] from HTD 3M 40 TOOTH GEAR (8MM BORE)-1
2025-09-14 08:50:00,657 INFO  ExportHelperExtension.cs: 1136 - Found 38 in HTD 3M 40 TOOTH GEAR (8MM BORE)-1
2025-09-14 08:50:00,658 INFO  ExportHelperExtension.cs: 1145 - Found 0 features of type [RefAxis] in HTD 3M 40 TOOTH GEAR (8MM BORE)-1
2025-09-14 08:50:00,659 INFO  ExportHelperExtension.cs: 1125 - Retrieving features of type [RefAxis] from ak60-6v1-1-3
2025-09-14 08:50:00,660 INFO  ExportHelperExtension.cs: 1136 - Found 40 in ak60-6v1-1-3
2025-09-14 08:50:00,661 INFO  ExportHelperExtension.cs: 1145 - Found 0 features of type [RefAxis] in ak60-6v1-1-3
2025-09-14 08:50:00,662 INFO  ExportHelperExtension.cs: 1125 - Retrieving features of type [RefAxis] from knee1link-1
2025-09-14 08:50:00,663 INFO  ExportHelperExtension.cs: 1136 - Found 50 in knee1link-1
2025-09-14 08:50:00,664 INFO  ExportHelperExtension.cs: 1145 - Found 0 features of type [RefAxis] in knee1link-1
2025-09-14 08:50:00,664 INFO  ExportHelperExtension.cs: 1125 - Retrieving features of type [RefAxis] from belowleglink1-1
2025-09-14 08:50:00,665 INFO  ExportHelperExtension.cs: 1136 - Found 40 in belowleglink1-1
2025-09-14 08:50:00,666 INFO  ExportHelperExtension.cs: 1145 - Found 0 features of type [RefAxis] in belowleglink1-1
2025-09-14 08:50:00,668 INFO  ExportHelperExtension.cs: 1125 - Retrieving features of type [RefAxis] from idle_pulley_base-1
2025-09-14 08:50:00,669 INFO  ExportHelperExtension.cs: 1136 - Found 32 in idle_pulley_base-1
2025-09-14 08:50:00,669 INFO  ExportHelperExtension.cs: 1145 - Found 0 features of type [RefAxis] in idle_pulley_base-1
2025-09-14 08:50:00,670 INFO  ExportHelperExtension.cs: 1125 - Retrieving features of type [RefAxis] from M5x20_idle_b0lt-1
2025-09-14 08:50:00,671 INFO  ExportHelperExtension.cs: 1136 - Found 27 in M5x20_idle_b0lt-1
2025-09-14 08:50:00,672 INFO  ExportHelperExtension.cs: 1145 - Found 0 features of type [RefAxis] in M5x20_idle_b0lt-1
2025-09-14 08:50:00,673 INFO  ExportHelperExtension.cs: 1125 - Retrieving features of type [RefAxis] from flangebearing-2
2025-09-14 08:50:00,674 INFO  ExportHelperExtension.cs: 1136 - Found 43 in flangebearing-2
2025-09-14 08:50:00,676 INFO  ExportHelperExtension.cs: 1145 - Found 0 features of type [RefAxis] in flangebearing-2
2025-09-14 08:50:00,677 INFO  ExportHelperExtension.cs: 1125 - Retrieving features of type [RefAxis] from flangebearing-1
2025-09-14 08:50:00,678 INFO  ExportHelperExtension.cs: 1136 - Found 43 in flangebearing-1
2025-09-14 08:50:00,679 INFO  ExportHelperExtension.cs: 1145 - Found 0 features of type [RefAxis] in flangebearing-1
2025-09-14 08:50:00,680 INFO  ExportHelperExtension.cs: 1125 - Retrieving features of type [RefAxis] from pad-1
2025-09-14 08:50:00,681 INFO  ExportHelperExtension.cs: 1136 - Found 27 in pad-1
2025-09-14 08:50:00,682 INFO  ExportHelperExtension.cs: 1145 - Found 0 features of type [RefAxis] in pad-1
2025-09-14 08:50:01,137 INFO  SwAddin.cs: 339 - Loading config tree
2025-09-14 08:50:01,150 INFO  ExportPropertyManagerExtension.cs: 520 - Starting new configuration
2025-09-14 08:50:01,160 INFO  SwAddin.cs: 344 - Showing property manager
2025-09-14 08:50:05,050 INFO  ExportPropertyManager.cs: 416 - Configuration canceled
2025-09-14 08:50:05,132 INFO  ExportPropertyManager.cs: 1142 - AfterClose called. This method no longer throws an Exception. It just silently does nothing. Ok, except for this logging message
2025-09-14 08:50:10,530 INFO  SwAddin.cs: 294 - Assembly export called for file nayaleg2.SLDASM
2025-09-14 08:50:12,469 INFO  SwAddin.cs: 313 - Saving assembly
2025-09-14 08:50:12,819 INFO  SwAddin.cs: 316 - Opening property manager
2025-09-14 08:50:12,820 INFO  ExportHelperExtension.cs: 1125 - Retrieving features of type [CoordSys] from nayaleg2.SLDASM
2025-09-14 08:50:12,822 INFO  ExportHelperExtension.cs: 1136 - Found 97 in nayaleg2.SLDASM
2025-09-14 08:50:12,824 INFO  ExportHelperExtension.cs: 1145 - Found 0 features of type [CoordSys] in nayaleg2.SLDASM
2025-09-14 08:50:12,825 INFO  ExportHelperExtension.cs: 1148 - Proceeding through assembly components
2025-09-14 08:50:12,826 INFO  ExportHelperExtension.cs: 1160 - 20 components to check
2025-09-14 08:50:12,827 INFO  ExportHelperExtension.cs: 1125 - Retrieving features of type [CoordSys] from motorcon-1
2025-09-14 08:50:12,828 INFO  ExportHelperExtension.cs: 1136 - Found 31 in motorcon-1
2025-09-14 08:50:12,829 INFO  ExportHelperExtension.cs: 1145 - Found 0 features of type [CoordSys] in motorcon-1
2025-09-14 08:50:12,830 INFO  ExportHelperExtension.cs: 1125 - Retrieving features of type [CoordSys] from ak60-6v1-1-1
2025-09-14 08:50:12,831 INFO  ExportHelperExtension.cs: 1136 - Found 40 in ak60-6v1-1-1
2025-09-14 08:50:12,833 INFO  ExportHelperExtension.cs: 1145 - Found 0 features of type [CoordSys] in ak60-6v1-1-1
2025-09-14 08:50:12,834 INFO  ExportHelperExtension.cs: 1125 - Retrieving features of type [CoordSys] from hip2ndmotorholder-1
2025-09-14 08:50:12,835 INFO  ExportHelperExtension.cs: 1136 - Found 33 in hip2ndmotorholder-1
2025-09-14 08:50:12,836 INFO  ExportHelperExtension.cs: 1145 - Found 0 features of type [CoordSys] in hip2ndmotorholder-1
2025-09-14 08:50:12,837 INFO  ExportHelperExtension.cs: 1125 - Retrieving features of type [CoordSys] from ak60-6v1-1-2
2025-09-14 08:50:12,838 INFO  ExportHelperExtension.cs: 1136 - Found 40 in ak60-6v1-1-2
2025-09-14 08:50:12,840 INFO  ExportHelperExtension.cs: 1145 - Found 0 features of type [CoordSys] in ak60-6v1-1-2
2025-09-14 08:50:12,841 INFO  ExportHelperExtension.cs: 1125 - Retrieving features of type [CoordSys] from belowleglink1other-1
2025-09-14 08:50:12,842 INFO  ExportHelperExtension.cs: 1136 - Found 35 in belowleglink1other-1
2025-09-14 08:50:12,843 INFO  ExportHelperExtension.cs: 1145 - Found 0 features of type [CoordSys] in belowleglink1other-1
2025-09-14 08:50:12,844 INFO  ExportHelperExtension.cs: 1125 - Retrieving features of type [CoordSys] from 70shaft-1
2025-09-14 08:50:12,846 INFO  ExportHelperExtension.cs: 1136 - Found 25 in 70shaft-1
2025-09-14 08:50:12,847 INFO  ExportHelperExtension.cs: 1145 - Found 0 features of type [CoordSys] in 70shaft-1
2025-09-14 08:50:12,848 INFO  ExportHelperExtension.cs: 1125 - Retrieving features of type [CoordSys] from hipmotortokneemotor-1
2025-09-14 08:50:12,850 INFO  ExportHelperExtension.cs: 1136 - Found 37 in hipmotortokneemotor-1
2025-09-14 08:50:12,851 INFO  ExportHelperExtension.cs: 1145 - Found 0 features of type [CoordSys] in hipmotortokneemotor-1
2025-09-14 08:50:12,852 INFO  ExportHelperExtension.cs: 1125 - Retrieving features of type [CoordSys] from gt2pulleyconnector-1
2025-09-14 08:50:12,854 INFO  ExportHelperExtension.cs: 1136 - Found 27 in gt2pulleyconnector-1
2025-09-14 08:50:12,855 INFO  ExportHelperExtension.cs: 1145 - Found 0 features of type [CoordSys] in gt2pulleyconnector-1
2025-09-14 08:50:12,856 INFO  ExportHelperExtension.cs: 1125 - Retrieving features of type [CoordSys] from knee1linkother-1
2025-09-14 08:50:12,858 INFO  ExportHelperExtension.cs: 1136 - Found 31 in knee1linkother-1
2025-09-14 08:50:12,859 INFO  ExportHelperExtension.cs: 1145 - Found 0 features of type [CoordSys] in knee1linkother-1
2025-09-14 08:50:12,860 INFO  ExportHelperExtension.cs: 1125 - Retrieving features of type [CoordSys] from legmounting plate-1
2025-09-14 08:50:12,862 INFO  ExportHelperExtension.cs: 1136 - Found 27 in legmounting plate-1
2025-09-14 08:50:12,864 INFO  ExportHelperExtension.cs: 1145 - Found 0 features of type [CoordSys] in legmounting plate-1
2025-09-14 08:50:12,865 INFO  ExportHelperExtension.cs: 1125 - Retrieving features of type [CoordSys] from HTD 3M 40 TOOTH GEAR (8MM BORE)-2
2025-09-14 08:50:12,866 INFO  ExportHelperExtension.cs: 1136 - Found 38 in HTD 3M 40 TOOTH GEAR (8MM BORE)-2
2025-09-14 08:50:12,868 INFO  ExportHelperExtension.cs: 1145 - Found 0 features of type [CoordSys] in HTD 3M 40 TOOTH GEAR (8MM BORE)-2
2025-09-14 08:50:12,869 INFO  ExportHelperExtension.cs: 1125 - Retrieving features of type [CoordSys] from HTD 3M 40 TOOTH GEAR (8MM BORE)-1
2025-09-14 08:50:12,870 INFO  ExportHelperExtension.cs: 1136 - Found 38 in HTD 3M 40 TOOTH GEAR (8MM BORE)-1
2025-09-14 08:50:12,872 INFO  ExportHelperExtension.cs: 1145 - Found 0 features of type [CoordSys] in HTD 3M 40 TOOTH GEAR (8MM BORE)-1
2025-09-14 08:50:12,873 INFO  ExportHelperExtension.cs: 1125 - Retrieving features of type [CoordSys] from ak60-6v1-1-3
2025-09-14 08:50:12,907 INFO  ExportHelperExtension.cs: 1136 - Found 40 in ak60-6v1-1-3
2025-09-14 08:50:12,908 INFO  ExportHelperExtension.cs: 1145 - Found 0 features of type [CoordSys] in ak60-6v1-1-3
2025-09-14 08:50:12,909 INFO  ExportHelperExtension.cs: 1125 - Retrieving features of type [CoordSys] from knee1link-1
2025-09-14 08:50:12,910 INFO  ExportHelperExtension.cs: 1136 - Found 50 in knee1link-1
2025-09-14 08:50:12,911 INFO  ExportHelperExtension.cs: 1145 - Found 0 features of type [CoordSys] in knee1link-1
2025-09-14 08:50:12,911 INFO  ExportHelperExtension.cs: 1125 - Retrieving features of type [CoordSys] from belowleglink1-1
2025-09-14 08:50:12,912 INFO  ExportHelperExtension.cs: 1136 - Found 40 in belowleglink1-1
2025-09-14 08:50:12,913 INFO  ExportHelperExtension.cs: 1145 - Found 0 features of type [CoordSys] in belowleglink1-1
2025-09-14 08:50:12,914 INFO  ExportHelperExtension.cs: 1125 - Retrieving features of type [CoordSys] from idle_pulley_base-1
2025-09-14 08:50:12,915 INFO  ExportHelperExtension.cs: 1136 - Found 32 in idle_pulley_base-1
2025-09-14 08:50:12,917 INFO  ExportHelperExtension.cs: 1145 - Found 0 features of type [CoordSys] in idle_pulley_base-1
2025-09-14 08:50:12,917 INFO  ExportHelperExtension.cs: 1125 - Retrieving features of type [CoordSys] from M5x20_idle_b0lt-1
2025-09-14 08:50:12,918 INFO  ExportHelperExtension.cs: 1136 - Found 27 in M5x20_idle_b0lt-1
2025-09-14 08:50:12,919 INFO  ExportHelperExtension.cs: 1145 - Found 0 features of type [CoordSys] in M5x20_idle_b0lt-1
2025-09-14 08:50:12,920 INFO  ExportHelperExtension.cs: 1125 - Retrieving features of type [CoordSys] from flangebearing-2
2025-09-14 08:50:12,921 INFO  ExportHelperExtension.cs: 1136 - Found 43 in flangebearing-2
2025-09-14 08:50:12,922 INFO  ExportHelperExtension.cs: 1145 - Found 0 features of type [CoordSys] in flangebearing-2
2025-09-14 08:50:12,922 INFO  ExportHelperExtension.cs: 1125 - Retrieving features of type [CoordSys] from flangebearing-1
2025-09-14 08:50:12,923 INFO  ExportHelperExtension.cs: 1136 - Found 43 in flangebearing-1
2025-09-14 08:50:12,924 INFO  ExportHelperExtension.cs: 1145 - Found 0 features of type [CoordSys] in flangebearing-1
2025-09-14 08:50:12,925 INFO  ExportHelperExtension.cs: 1125 - Retrieving features of type [CoordSys] from pad-1
2025-09-14 08:50:12,926 INFO  ExportHelperExtension.cs: 1136 - Found 27 in pad-1
2025-09-14 08:50:12,927 INFO  ExportHelperExtension.cs: 1145 - Found 0 features of type [CoordSys] in pad-1
2025-09-14 08:50:12,927 INFO  ExportHelperExtension.cs: 1125 - Retrieving features of type [RefAxis] from nayaleg2.SLDASM
2025-09-14 08:50:12,928 INFO  ExportHelperExtension.cs: 1136 - Found 97 in nayaleg2.SLDASM
2025-09-14 08:50:12,931 INFO  ExportHelperExtension.cs: 1145 - Found 0 features of type [RefAxis] in nayaleg2.SLDASM
2025-09-14 08:50:12,932 INFO  ExportHelperExtension.cs: 1148 - Proceeding through assembly components
2025-09-14 08:50:12,932 INFO  ExportHelperExtension.cs: 1160 - 20 components to check
2025-09-14 08:50:12,933 INFO  ExportHelperExtension.cs: 1125 - Retrieving features of type [RefAxis] from motorcon-1
2025-09-14 08:50:12,934 INFO  ExportHelperExtension.cs: 1136 - Found 31 in motorcon-1
2025-09-14 08:50:12,935 INFO  ExportHelperExtension.cs: 1145 - Found 0 features of type [RefAxis] in motorcon-1
2025-09-14 08:50:12,935 INFO  ExportHelperExtension.cs: 1125 - Retrieving features of type [RefAxis] from ak60-6v1-1-1
2025-09-14 08:50:12,936 INFO  ExportHelperExtension.cs: 1136 - Found 40 in ak60-6v1-1-1
2025-09-14 08:50:12,937 INFO  ExportHelperExtension.cs: 1145 - Found 0 features of type [RefAxis] in ak60-6v1-1-1
2025-09-14 08:50:12,938 INFO  ExportHelperExtension.cs: 1125 - Retrieving features of type [RefAxis] from hip2ndmotorholder-1
2025-09-14 08:50:12,939 INFO  ExportHelperExtension.cs: 1136 - Found 33 in hip2ndmotorholder-1
2025-09-14 08:50:12,940 INFO  ExportHelperExtension.cs: 1145 - Found 0 features of type [RefAxis] in hip2ndmotorholder-1
2025-09-14 08:50:12,941 INFO  ExportHelperExtension.cs: 1125 - Retrieving features of type [RefAxis] from ak60-6v1-1-2
2025-09-14 08:50:12,942 INFO  ExportHelperExtension.cs: 1136 - Found 40 in ak60-6v1-1-2
2025-09-14 08:50:12,943 INFO  ExportHelperExtension.cs: 1145 - Found 0 features of type [RefAxis] in ak60-6v1-1-2
2025-09-14 08:50:12,944 INFO  ExportHelperExtension.cs: 1125 - Retrieving features of type [RefAxis] from belowleglink1other-1
2025-09-14 08:50:12,945 INFO  ExportHelperExtension.cs: 1136 - Found 35 in belowleglink1other-1
2025-09-14 08:50:12,946 INFO  ExportHelperExtension.cs: 1145 - Found 0 features of type [RefAxis] in belowleglink1other-1
2025-09-14 08:50:12,947 INFO  ExportHelperExtension.cs: 1125 - Retrieving features of type [RefAxis] from 70shaft-1
2025-09-14 08:50:12,948 INFO  ExportHelperExtension.cs: 1136 - Found 25 in 70shaft-1
2025-09-14 08:50:12,949 INFO  ExportHelperExtension.cs: 1145 - Found 0 features of type [RefAxis] in 70shaft-1
2025-09-14 08:50:12,950 INFO  ExportHelperExtension.cs: 1125 - Retrieving features of type [RefAxis] from hipmotortokneemotor-1
2025-09-14 08:50:12,951 INFO  ExportHelperExtension.cs: 1136 - Found 37 in hipmotortokneemotor-1
2025-09-14 08:50:12,952 INFO  ExportHelperExtension.cs: 1145 - Found 0 features of type [RefAxis] in hipmotortokneemotor-1
2025-09-14 08:50:12,953 INFO  ExportHelperExtension.cs: 1125 - Retrieving features of type [RefAxis] from gt2pulleyconnector-1
2025-09-14 08:50:12,954 INFO  ExportHelperExtension.cs: 1136 - Found 27 in gt2pulleyconnector-1
2025-09-14 08:50:12,955 INFO  ExportHelperExtension.cs: 1145 - Found 0 features of type [RefAxis] in gt2pulleyconnector-1
2025-09-14 08:50:12,956 INFO  ExportHelperExtension.cs: 1125 - Retrieving features of type [RefAxis] from knee1linkother-1
2025-09-14 08:50:12,957 INFO  ExportHelperExtension.cs: 1136 - Found 31 in knee1linkother-1
2025-09-14 08:50:12,958 INFO  ExportHelperExtension.cs: 1145 - Found 0 features of type [RefAxis] in knee1linkother-1
2025-09-14 08:50:12,959 INFO  ExportHelperExtension.cs: 1125 - Retrieving features of type [RefAxis] from legmounting plate-1
2025-09-14 08:50:12,961 INFO  ExportHelperExtension.cs: 1136 - Found 27 in legmounting plate-1
2025-09-14 08:50:12,962 INFO  ExportHelperExtension.cs: 1145 - Found 0 features of type [RefAxis] in legmounting plate-1
2025-09-14 08:50:12,963 INFO  ExportHelperExtension.cs: 1125 - Retrieving features of type [RefAxis] from HTD 3M 40 TOOTH GEAR (8MM BORE)-2
2025-09-14 08:50:12,964 INFO  ExportHelperExtension.cs: 1136 - Found 38 in HTD 3M 40 TOOTH GEAR (8MM BORE)-2
2025-09-14 08:50:12,965 INFO  ExportHelperExtension.cs: 1145 - Found 0 features of type [RefAxis] in HTD 3M 40 TOOTH GEAR (8MM BORE)-2
2025-09-14 08:50:12,966 INFO  ExportHelperExtension.cs: 1125 - Retrieving features of type [RefAxis] from HTD 3M 40 TOOTH GEAR (8MM BORE)-1
2025-09-14 08:50:12,967 INFO  ExportHelperExtension.cs: 1136 - Found 38 in HTD 3M 40 TOOTH GEAR (8MM BORE)-1
2025-09-14 08:50:12,968 INFO  ExportHelperExtension.cs: 1145 - Found 0 features of type [RefAxis] in HTD 3M 40 TOOTH GEAR (8MM BORE)-1
2025-09-14 08:50:12,968 INFO  ExportHelperExtension.cs: 1125 - Retrieving features of type [RefAxis] from ak60-6v1-1-3
2025-09-14 08:50:12,969 INFO  ExportHelperExtension.cs: 1136 - Found 40 in ak60-6v1-1-3
2025-09-14 08:50:12,970 INFO  ExportHelperExtension.cs: 1145 - Found 0 features of type [RefAxis] in ak60-6v1-1-3
2025-09-14 08:50:12,971 INFO  ExportHelperExtension.cs: 1125 - Retrieving features of type [RefAxis] from knee1link-1
2025-09-14 08:50:12,972 INFO  ExportHelperExtension.cs: 1136 - Found 50 in knee1link-1
2025-09-14 08:50:12,973 INFO  ExportHelperExtension.cs: 1145 - Found 0 features of type [RefAxis] in knee1link-1
2025-09-14 08:50:12,974 INFO  ExportHelperExtension.cs: 1125 - Retrieving features of type [RefAxis] from belowleglink1-1
2025-09-14 08:50:12,974 INFO  ExportHelperExtension.cs: 1136 - Found 40 in belowleglink1-1
2025-09-14 08:50:12,975 INFO  ExportHelperExtension.cs: 1145 - Found 0 features of type [RefAxis] in belowleglink1-1
2025-09-14 08:50:12,976 INFO  ExportHelperExtension.cs: 1125 - Retrieving features of type [RefAxis] from idle_pulley_base-1
2025-09-14 08:50:12,977 INFO  ExportHelperExtension.cs: 1136 - Found 32 in idle_pulley_base-1
2025-09-14 08:50:12,978 INFO  ExportHelperExtension.cs: 1145 - Found 0 features of type [RefAxis] in idle_pulley_base-1
2025-09-14 08:50:12,979 INFO  ExportHelperExtension.cs: 1125 - Retrieving features of type [RefAxis] from M5x20_idle_b0lt-1
2025-09-14 08:50:12,980 INFO  ExportHelperExtension.cs: 1136 - Found 27 in M5x20_idle_b0lt-1
2025-09-14 08:50:12,981 INFO  ExportHelperExtension.cs: 1145 - Found 0 features of type [RefAxis] in M5x20_idle_b0lt-1
2025-09-14 08:50:12,982 INFO  ExportHelperExtension.cs: 1125 - Retrieving features of type [RefAxis] from flangebearing-2
2025-09-14 08:50:12,983 INFO  ExportHelperExtension.cs: 1136 - Found 43 in flangebearing-2
2025-09-14 08:50:12,984 INFO  ExportHelperExtension.cs: 1145 - Found 0 features of type [RefAxis] in flangebearing-2
2025-09-14 08:50:12,985 INFO  ExportHelperExtension.cs: 1125 - Retrieving features of type [RefAxis] from flangebearing-1
2025-09-14 08:50:12,986 INFO  ExportHelperExtension.cs: 1136 - Found 43 in flangebearing-1
2025-09-14 08:50:12,987 INFO  ExportHelperExtension.cs: 1145 - Found 0 features of type [RefAxis] in flangebearing-1
2025-09-14 08:50:12,988 INFO  ExportHelperExtension.cs: 1125 - Retrieving features of type [RefAxis] from pad-1
2025-09-14 08:50:12,989 INFO  ExportHelperExtension.cs: 1136 - Found 27 in pad-1
2025-09-14 08:50:12,990 INFO  ExportHelperExtension.cs: 1145 - Found 0 features of type [RefAxis] in pad-1
2025-09-14 08:50:13,052 INFO  SwAddin.cs: 339 - Loading config tree
2025-09-14 08:50:13,054 INFO  ExportPropertyManagerExtension.cs: 520 - Starting new configuration
2025-09-14 08:50:13,059 INFO  SwAddin.cs: 344 - Showing property manager
2025-09-14 08:50:58,615 INFO  ExportPropertyManager.cs: 416 - Configuration canceled
2025-09-14 08:50:58,687 INFO  ExportPropertyManager.cs: 1142 - AfterClose called. This method no longer throws an Exception. It just silently does nothing. Ok, except for this logging message
2025-09-14 08:51:03,925 INFO  SwAddin.cs: 294 - Assembly export called for file nayaleg2.SLDASM
2025-09-14 08:51:05,483 INFO  SwAddin.cs: 313 - Saving assembly
2025-09-14 08:51:05,827 INFO  SwAddin.cs: 316 - Opening property manager
2025-09-14 08:51:05,828 INFO  ExportHelperExtension.cs: 1125 - Retrieving features of type [CoordSys] from nayaleg2.SLDASM
2025-09-14 08:51:05,831 INFO  ExportHelperExtension.cs: 1136 - Found 97 in nayaleg2.SLDASM
2025-09-14 08:51:05,833 INFO  ExportHelperExtension.cs: 1145 - Found 0 features of type [CoordSys] in nayaleg2.SLDASM
2025-09-14 08:51:05,834 INFO  ExportHelperExtension.cs: 1148 - Proceeding through assembly components
2025-09-14 08:51:05,835 INFO  ExportHelperExtension.cs: 1160 - 20 components to check
2025-09-14 08:51:05,847 INFO  ExportHelperExtension.cs: 1125 - Retrieving features of type [CoordSys] from motorcon-1
2025-09-14 08:51:05,885 INFO  ExportHelperExtension.cs: 1136 - Found 31 in motorcon-1
2025-09-14 08:51:05,886 INFO  ExportHelperExtension.cs: 1145 - Found 0 features of type [CoordSys] in motorcon-1
2025-09-14 08:51:05,888 INFO  ExportHelperExtension.cs: 1125 - Retrieving features of type [CoordSys] from ak60-6v1-1-1
2025-09-14 08:51:05,889 INFO  ExportHelperExtension.cs: 1136 - Found 40 in ak60-6v1-1-1
2025-09-14 08:51:05,891 INFO  ExportHelperExtension.cs: 1145 - Found 0 features of type [CoordSys] in ak60-6v1-1-1
2025-09-14 08:51:05,893 INFO  ExportHelperExtension.cs: 1125 - Retrieving features of type [CoordSys] from hip2ndmotorholder-1
2025-09-14 08:51:05,895 INFO  ExportHelperExtension.cs: 1136 - Found 33 in hip2ndmotorholder-1
2025-09-14 08:51:05,897 INFO  ExportHelperExtension.cs: 1145 - Found 0 features of type [CoordSys] in hip2ndmotorholder-1
2025-09-14 08:51:05,898 INFO  ExportHelperExtension.cs: 1125 - Retrieving features of type [CoordSys] from ak60-6v1-1-2
2025-09-14 08:51:05,900 INFO  ExportHelperExtension.cs: 1136 - Found 40 in ak60-6v1-1-2
2025-09-14 08:51:05,902 INFO  ExportHelperExtension.cs: 1145 - Found 0 features of type [CoordSys] in ak60-6v1-1-2
2025-09-14 08:51:05,904 INFO  ExportHelperExtension.cs: 1125 - Retrieving features of type [CoordSys] from belowleglink1other-1
2025-09-14 08:51:05,906 INFO  ExportHelperExtension.cs: 1136 - Found 35 in belowleglink1other-1
2025-09-14 08:51:05,908 INFO  ExportHelperExtension.cs: 1145 - Found 0 features of type [CoordSys] in belowleglink1other-1
2025-09-14 08:51:05,909 INFO  ExportHelperExtension.cs: 1125 - Retrieving features of type [CoordSys] from 70shaft-1
2025-09-14 08:51:05,911 INFO  ExportHelperExtension.cs: 1136 - Found 25 in 70shaft-1
2025-09-14 08:51:05,912 INFO  ExportHelperExtension.cs: 1145 - Found 0 features of type [CoordSys] in 70shaft-1
2025-09-14 08:51:05,914 INFO  ExportHelperExtension.cs: 1125 - Retrieving features of type [CoordSys] from hipmotortokneemotor-1
2025-09-14 08:51:05,915 INFO  ExportHelperExtension.cs: 1136 - Found 37 in hipmotortokneemotor-1
2025-09-14 08:51:05,916 INFO  ExportHelperExtension.cs: 1145 - Found 0 features of type [CoordSys] in hipmotortokneemotor-1
2025-09-14 08:51:05,917 INFO  ExportHelperExtension.cs: 1125 - Retrieving features of type [CoordSys] from gt2pulleyconnector-1
2025-09-14 08:51:05,918 INFO  ExportHelperExtension.cs: 1136 - Found 27 in gt2pulleyconnector-1
2025-09-14 08:51:05,919 INFO  ExportHelperExtension.cs: 1145 - Found 0 features of type [CoordSys] in gt2pulleyconnector-1
2025-09-14 08:51:05,920 INFO  ExportHelperExtension.cs: 1125 - Retrieving features of type [CoordSys] from knee1linkother-1
2025-09-14 08:51:05,921 INFO  ExportHelperExtension.cs: 1136 - Found 31 in knee1linkother-1
2025-09-14 08:51:05,922 INFO  ExportHelperExtension.cs: 1145 - Found 0 features of type [CoordSys] in knee1linkother-1
2025-09-14 08:51:05,923 INFO  ExportHelperExtension.cs: 1125 - Retrieving features of type [CoordSys] from legmounting plate-1
2025-09-14 08:51:05,925 INFO  ExportHelperExtension.cs: 1136 - Found 27 in legmounting plate-1
2025-09-14 08:51:05,926 INFO  ExportHelperExtension.cs: 1145 - Found 0 features of type [CoordSys] in legmounting plate-1
2025-09-14 08:51:05,927 INFO  ExportHelperExtension.cs: 1125 - Retrieving features of type [CoordSys] from HTD 3M 40 TOOTH GEAR (8MM BORE)-2
2025-09-14 08:51:05,928 INFO  ExportHelperExtension.cs: 1136 - Found 38 in HTD 3M 40 TOOTH GEAR (8MM BORE)-2
2025-09-14 08:51:05,929 INFO  ExportHelperExtension.cs: 1145 - Found 0 features of type [CoordSys] in HTD 3M 40 TOOTH GEAR (8MM BORE)-2
2025-09-14 08:51:05,930 INFO  ExportHelperExtension.cs: 1125 - Retrieving features of type [CoordSys] from HTD 3M 40 TOOTH GEAR (8MM BORE)-1
2025-09-14 08:51:05,931 INFO  ExportHelperExtension.cs: 1136 - Found 38 in HTD 3M 40 TOOTH GEAR (8MM BORE)-1
2025-09-14 08:51:05,933 INFO  ExportHelperExtension.cs: 1145 - Found 0 features of type [CoordSys] in HTD 3M 40 TOOTH GEAR (8MM BORE)-1
2025-09-14 08:51:05,934 INFO  ExportHelperExtension.cs: 1125 - Retrieving features of type [CoordSys] from ak60-6v1-1-3
2025-09-14 08:51:05,935 INFO  ExportHelperExtension.cs: 1136 - Found 40 in ak60-6v1-1-3
2025-09-14 08:51:05,936 INFO  ExportHelperExtension.cs: 1145 - Found 0 features of type [CoordSys] in ak60-6v1-1-3
2025-09-14 08:51:05,938 INFO  ExportHelperExtension.cs: 1125 - Retrieving features of type [CoordSys] from knee1link-1
2025-09-14 08:51:05,939 INFO  ExportHelperExtension.cs: 1136 - Found 50 in knee1link-1
2025-09-14 08:51:05,940 INFO  ExportHelperExtension.cs: 1145 - Found 0 features of type [CoordSys] in knee1link-1
2025-09-14 08:51:05,941 INFO  ExportHelperExtension.cs: 1125 - Retrieving features of type [CoordSys] from belowleglink1-1
2025-09-14 08:51:05,942 INFO  ExportHelperExtension.cs: 1136 - Found 40 in belowleglink1-1
2025-09-14 08:51:05,944 INFO  ExportHelperExtension.cs: 1145 - Found 0 features of type [CoordSys] in belowleglink1-1
2025-09-14 08:51:05,945 INFO  ExportHelperExtension.cs: 1125 - Retrieving features of type [CoordSys] from idle_pulley_base-1
2025-09-14 08:51:05,946 INFO  ExportHelperExtension.cs: 1136 - Found 32 in idle_pulley_base-1
2025-09-14 08:51:05,947 INFO  ExportHelperExtension.cs: 1145 - Found 0 features of type [CoordSys] in idle_pulley_base-1
2025-09-14 08:51:05,948 INFO  ExportHelperExtension.cs: 1125 - Retrieving features of type [CoordSys] from M5x20_idle_b0lt-1
2025-09-14 08:51:05,949 INFO  ExportHelperExtension.cs: 1136 - Found 27 in M5x20_idle_b0lt-1
2025-09-14 08:51:05,951 INFO  ExportHelperExtension.cs: 1145 - Found 0 features of type [CoordSys] in M5x20_idle_b0lt-1
2025-09-14 08:51:05,951 INFO  ExportHelperExtension.cs: 1125 - Retrieving features of type [CoordSys] from flangebearing-2
2025-09-14 08:51:05,952 INFO  ExportHelperExtension.cs: 1136 - Found 43 in flangebearing-2
2025-09-14 08:51:05,953 INFO  ExportHelperExtension.cs: 1145 - Found 0 features of type [CoordSys] in flangebearing-2
2025-09-14 08:51:05,954 INFO  ExportHelperExtension.cs: 1125 - Retrieving features of type [CoordSys] from flangebearing-1
2025-09-14 08:51:05,955 INFO  ExportHelperExtension.cs: 1136 - Found 43 in flangebearing-1
2025-09-14 08:51:05,957 INFO  ExportHelperExtension.cs: 1145 - Found 0 features of type [CoordSys] in flangebearing-1
2025-09-14 08:51:05,958 INFO  ExportHelperExtension.cs: 1125 - Retrieving features of type [CoordSys] from pad-1
2025-09-14 08:51:05,959 INFO  ExportHelperExtension.cs: 1136 - Found 27 in pad-1
2025-09-14 08:51:05,960 INFO  ExportHelperExtension.cs: 1145 - Found 0 features of type [CoordSys] in pad-1
2025-09-14 08:51:05,960 INFO  ExportHelperExtension.cs: 1125 - Retrieving features of type [RefAxis] from nayaleg2.SLDASM
2025-09-14 08:51:05,961 INFO  ExportHelperExtension.cs: 1136 - Found 97 in nayaleg2.SLDASM
2025-09-14 08:51:05,963 INFO  ExportHelperExtension.cs: 1145 - Found 0 features of type [RefAxis] in nayaleg2.SLDASM
2025-09-14 08:51:05,964 INFO  ExportHelperExtension.cs: 1148 - Proceeding through assembly components
2025-09-14 08:51:05,965 INFO  ExportHelperExtension.cs: 1160 - 20 components to check
2025-09-14 08:51:05,966 INFO  ExportHelperExtension.cs: 1125 - Retrieving features of type [RefAxis] from motorcon-1
2025-09-14 08:51:05,967 INFO  ExportHelperExtension.cs: 1136 - Found 31 in motorcon-1
2025-09-14 08:51:05,968 INFO  ExportHelperExtension.cs: 1145 - Found 0 features of type [RefAxis] in motorcon-1
2025-09-14 08:51:05,969 INFO  ExportHelperExtension.cs: 1125 - Retrieving features of type [RefAxis] from ak60-6v1-1-1
2025-09-14 08:51:05,970 INFO  ExportHelperExtension.cs: 1136 - Found 40 in ak60-6v1-1-1
2025-09-14 08:51:05,971 INFO  ExportHelperExtension.cs: 1145 - Found 0 features of type [RefAxis] in ak60-6v1-1-1
2025-09-14 08:51:05,972 INFO  ExportHelperExtension.cs: 1125 - Retrieving features of type [RefAxis] from hip2ndmotorholder-1
2025-09-14 08:51:05,974 INFO  ExportHelperExtension.cs: 1136 - Found 33 in hip2ndmotorholder-1
2025-09-14 08:51:05,975 INFO  ExportHelperExtension.cs: 1145 - Found 0 features of type [RefAxis] in hip2ndmotorholder-1
2025-09-14 08:51:05,976 INFO  ExportHelperExtension.cs: 1125 - Retrieving features of type [RefAxis] from ak60-6v1-1-2
2025-09-14 08:51:05,977 INFO  ExportHelperExtension.cs: 1136 - Found 40 in ak60-6v1-1-2
2025-09-14 08:51:05,978 INFO  ExportHelperExtension.cs: 1145 - Found 0 features of type [RefAxis] in ak60-6v1-1-2
2025-09-14 08:51:05,979 INFO  ExportHelperExtension.cs: 1125 - Retrieving features of type [RefAxis] from belowleglink1other-1
2025-09-14 08:51:05,980 INFO  ExportHelperExtension.cs: 1136 - Found 35 in belowleglink1other-1
2025-09-14 08:51:05,981 INFO  ExportHelperExtension.cs: 1145 - Found 0 features of type [RefAxis] in belowleglink1other-1
2025-09-14 08:51:05,981 INFO  ExportHelperExtension.cs: 1125 - Retrieving features of type [RefAxis] from 70shaft-1
2025-09-14 08:51:05,983 INFO  ExportHelperExtension.cs: 1136 - Found 25 in 70shaft-1
2025-09-14 08:51:05,984 INFO  ExportHelperExtension.cs: 1145 - Found 0 features of type [RefAxis] in 70shaft-1
2025-09-14 08:51:05,984 INFO  ExportHelperExtension.cs: 1125 - Retrieving features of type [RefAxis] from hipmotortokneemotor-1
2025-09-14 08:51:05,985 INFO  ExportHelperExtension.cs: 1136 - Found 37 in hipmotortokneemotor-1
2025-09-14 08:51:05,986 INFO  ExportHelperExtension.cs: 1145 - Found 0 features of type [RefAxis] in hipmotortokneemotor-1
2025-09-14 08:51:05,987 INFO  ExportHelperExtension.cs: 1125 - Retrieving features of type [RefAxis] from gt2pulleyconnector-1
2025-09-14 08:51:05,988 INFO  ExportHelperExtension.cs: 1136 - Found 27 in gt2pulleyconnector-1
2025-09-14 08:51:05,989 INFO  ExportHelperExtension.cs: 1145 - Found 0 features of type [RefAxis] in gt2pulleyconnector-1
2025-09-14 08:51:05,990 INFO  ExportHelperExtension.cs: 1125 - Retrieving features of type [RefAxis] from knee1linkother-1
2025-09-14 08:51:05,991 INFO  ExportHelperExtension.cs: 1136 - Found 31 in knee1linkother-1
2025-09-14 08:51:05,991 INFO  ExportHelperExtension.cs: 1145 - Found 0 features of type [RefAxis] in knee1linkother-1
2025-09-14 08:51:05,992 INFO  ExportHelperExtension.cs: 1125 - Retrieving features of type [RefAxis] from legmounting plate-1
2025-09-14 08:51:05,993 INFO  ExportHelperExtension.cs: 1136 - Found 27 in legmounting plate-1
2025-09-14 08:51:05,994 INFO  ExportHelperExtension.cs: 1145 - Found 0 features of type [RefAxis] in legmounting plate-1
2025-09-14 08:51:05,995 INFO  ExportHelperExtension.cs: 1125 - Retrieving features of type [RefAxis] from HTD 3M 40 TOOTH GEAR (8MM BORE)-2
2025-09-14 08:51:05,995 INFO  ExportHelperExtension.cs: 1136 - Found 38 in HTD 3M 40 TOOTH GEAR (8MM BORE)-2
2025-09-14 08:51:05,996 INFO  ExportHelperExtension.cs: 1145 - Found 0 features of type [RefAxis] in HTD 3M 40 TOOTH GEAR (8MM BORE)-2
2025-09-14 08:51:05,997 INFO  ExportHelperExtension.cs: 1125 - Retrieving features of type [RefAxis] from HTD 3M 40 TOOTH GEAR (8MM BORE)-1
2025-09-14 08:51:05,998 INFO  ExportHelperExtension.cs: 1136 - Found 38 in HTD 3M 40 TOOTH GEAR (8MM BORE)-1
2025-09-14 08:51:05,999 INFO  ExportHelperExtension.cs: 1145 - Found 0 features of type [RefAxis] in HTD 3M 40 TOOTH GEAR (8MM BORE)-1
2025-09-14 08:51:06,000 INFO  ExportHelperExtension.cs: 1125 - Retrieving features of type [RefAxis] from ak60-6v1-1-3
2025-09-14 08:51:06,000 INFO  ExportHelperExtension.cs: 1136 - Found 40 in ak60-6v1-1-3
2025-09-14 08:51:06,001 INFO  ExportHelperExtension.cs: 1145 - Found 0 features of type [RefAxis] in ak60-6v1-1-3
2025-09-14 08:51:06,002 INFO  ExportHelperExtension.cs: 1125 - Retrieving features of type [RefAxis] from knee1link-1
2025-09-14 08:51:06,003 INFO  ExportHelperExtension.cs: 1136 - Found 50 in knee1link-1
2025-09-14 08:51:06,004 INFO  ExportHelperExtension.cs: 1145 - Found 0 features of type [RefAxis] in knee1link-1
2025-09-14 08:51:06,005 INFO  ExportHelperExtension.cs: 1125 - Retrieving features of type [RefAxis] from belowleglink1-1
2025-09-14 08:51:06,005 INFO  ExportHelperExtension.cs: 1136 - Found 40 in belowleglink1-1
2025-09-14 08:51:06,006 INFO  ExportHelperExtension.cs: 1145 - Found 0 features of type [RefAxis] in belowleglink1-1
2025-09-14 08:51:06,007 INFO  ExportHelperExtension.cs: 1125 - Retrieving features of type [RefAxis] from idle_pulley_base-1
2025-09-14 08:51:06,008 INFO  ExportHelperExtension.cs: 1136 - Found 32 in idle_pulley_base-1
2025-09-14 08:51:06,009 INFO  ExportHelperExtension.cs: 1145 - Found 0 features of type [RefAxis] in idle_pulley_base-1
2025-09-14 08:51:06,010 INFO  ExportHelperExtension.cs: 1125 - Retrieving features of type [RefAxis] from M5x20_idle_b0lt-1
2025-09-14 08:51:06,010 INFO  ExportHelperExtension.cs: 1136 - Found 27 in M5x20_idle_b0lt-1
2025-09-14 08:51:06,011 INFO  ExportHelperExtension.cs: 1145 - Found 0 features of type [RefAxis] in M5x20_idle_b0lt-1
2025-09-14 08:51:06,012 INFO  ExportHelperExtension.cs: 1125 - Retrieving features of type [RefAxis] from flangebearing-2
2025-09-14 08:51:06,013 INFO  ExportHelperExtension.cs: 1136 - Found 43 in flangebearing-2
2025-09-14 08:51:06,014 INFO  ExportHelperExtension.cs: 1145 - Found 0 features of type [RefAxis] in flangebearing-2
2025-09-14 08:51:06,015 INFO  ExportHelperExtension.cs: 1125 - Retrieving features of type [RefAxis] from flangebearing-1
2025-09-14 08:51:06,016 INFO  ExportHelperExtension.cs: 1136 - Found 43 in flangebearing-1
2025-09-14 08:51:06,017 INFO  ExportHelperExtension.cs: 1145 - Found 0 features of type [RefAxis] in flangebearing-1
2025-09-14 08:51:06,018 INFO  ExportHelperExtension.cs: 1125 - Retrieving features of type [RefAxis] from pad-1
2025-09-14 08:51:06,020 INFO  ExportHelperExtension.cs: 1136 - Found 27 in pad-1
2025-09-14 08:51:06,021 INFO  ExportHelperExtension.cs: 1145 - Found 0 features of type [RefAxis] in pad-1
2025-09-14 08:51:06,104 INFO  SwAddin.cs: 339 - Loading config tree
2025-09-14 08:51:06,106 INFO  ExportPropertyManagerExtension.cs: 520 - Starting new configuration
2025-09-14 08:51:06,115 INFO  SwAddin.cs: 344 - Showing property manager
2025-09-14 08:51:11,608 INFO  ExportPropertyManager.cs: 1136 - OnNumberBoxTrackingCompleted called. This method no longer throws an Exception. It just silently does nothing. Ok, except for this logging message
2025-09-14 08:51:13,291 INFO  ExportPropertyManager.cs: 1136 - OnNumberBoxTrackingCompleted called. This method no longer throws an Exception. It just silently does nothing. Ok, except for this logging message
2025-09-14 08:51:14,464 INFO  ExportPropertyManager.cs: 1136 - OnNumberBoxTrackingCompleted called. This method no longer throws an Exception. It just silently does nothing. Ok, except for this logging message
2025-09-14 08:51:17,792 INFO  ExportPropertyManager.cs: 1018 - OnComboboxSelectionChanged called. This method no longer throws an Exception. It just silently does nothing. Ok, except for this logging message
2025-09-14 08:51:19,891 INFO  ExportPropertyManager.cs: 1018 - OnComboboxSelectionChanged called. This method no longer throws an Exception. It just silently does nothing. Ok, except for this logging message
2025-09-14 08:51:22,330 INFO  ExportPropertyManager.cs: 1136 - OnNumberBoxTrackingCompleted called. This method no longer throws an Exception. It just silently does nothing. Ok, except for this logging message
2025-09-14 08:51:29,352 INFO  ExportPropertyManager.cs: 416 - Configuration canceled
2025-09-14 08:51:29,435 INFO  ExportPropertyManager.cs: 1142 - AfterClose called. This method no longer throws an Exception. It just silently does nothing. Ok, except for this logging message
2025-09-14 09:33:15,856 INFO  SwAddin.cs: 294 - Assembly export called for file 1.SLDASM
2025-09-14 09:33:15,870 INFO  SwAddin.cs: 299 - Save is required
2025-09-14 09:33:15,870 INFO  SwAddin.cs: 313 - Saving assembly
2025-09-14 09:33:16,414 INFO  SwAddin.cs: 316 - Opening property manager
2025-09-14 09:33:16,416 INFO  ExportHelperExtension.cs: 1125 - Retrieving features of type [CoordSys] from 1.SLDASM
2025-09-14 09:33:16,420 INFO  ExportHelperExtension.cs: 1136 - Found 38 in 1.SLDASM
2025-09-14 09:33:16,424 INFO  ExportHelperExtension.cs: 1145 - Found 3 features of type [CoordSys] in 1.SLDASM
2025-09-14 09:33:16,425 INFO  ExportHelperExtension.cs: 1148 - Proceeding through assembly components
2025-09-14 09:33:16,428 INFO  ExportHelperExtension.cs: 1160 - 4 components to check
2025-09-14 09:33:16,432 INFO  ExportHelperExtension.cs: 1125 - Retrieving features of type [CoordSys] from link 3-1
2025-09-14 09:33:16,436 INFO  ExportHelperExtension.cs: 1136 - Found 26 in link 3-1
2025-09-14 09:33:16,439 INFO  ExportHelperExtension.cs: 1145 - Found 0 features of type [CoordSys] in link 3-1
2025-09-14 09:33:16,441 INFO  ExportHelperExtension.cs: 1125 - Retrieving features of type [CoordSys] from link 1-1
2025-09-14 09:33:16,443 INFO  ExportHelperExtension.cs: 1136 - Found 26 in link 1-1
2025-09-14 09:33:16,445 INFO  ExportHelperExtension.cs: 1145 - Found 0 features of type [CoordSys] in link 1-1
2025-09-14 09:33:16,447 INFO  ExportHelperExtension.cs: 1125 - Retrieving features of type [CoordSys] from link 2-1
2025-09-14 09:33:16,449 INFO  ExportHelperExtension.cs: 1136 - Found 39 in link 2-1
2025-09-14 09:33:16,451 INFO  ExportHelperExtension.cs: 1145 - Found 0 features of type [CoordSys] in link 2-1
2025-09-14 09:33:16,452 INFO  ExportHelperExtension.cs: 1125 - Retrieving features of type [CoordSys] from base link-2
2025-09-14 09:33:16,454 INFO  ExportHelperExtension.cs: 1136 - Found 25 in base link-2
2025-09-14 09:33:16,456 INFO  ExportHelperExtension.cs: 1145 - Found 0 features of type [CoordSys] in base link-2
2025-09-14 09:33:16,459 INFO  ExportHelperExtension.cs: 1125 - Retrieving features of type [RefAxis] from 1.SLDASM
2025-09-14 09:33:16,460 INFO  ExportHelperExtension.cs: 1136 - Found 38 in 1.SLDASM
2025-09-14 09:33:16,462 INFO  ExportHelperExtension.cs: 1145 - Found 3 features of type [RefAxis] in 1.SLDASM
2025-09-14 09:33:16,463 INFO  ExportHelperExtension.cs: 1148 - Proceeding through assembly components
2025-09-14 09:33:16,465 INFO  ExportHelperExtension.cs: 1160 - 4 components to check
2025-09-14 09:33:16,466 INFO  ExportHelperExtension.cs: 1125 - Retrieving features of type [RefAxis] from link 3-1
2025-09-14 09:33:16,468 INFO  ExportHelperExtension.cs: 1136 - Found 26 in link 3-1
2025-09-14 09:33:16,470 INFO  ExportHelperExtension.cs: 1145 - Found 0 features of type [RefAxis] in link 3-1
2025-09-14 09:33:16,472 INFO  ExportHelperExtension.cs: 1125 - Retrieving features of type [RefAxis] from link 1-1
2025-09-14 09:33:16,474 INFO  ExportHelperExtension.cs: 1136 - Found 26 in link 1-1
2025-09-14 09:33:16,476 INFO  ExportHelperExtension.cs: 1145 - Found 0 features of type [RefAxis] in link 1-1
2025-09-14 09:33:16,477 INFO  ExportHelperExtension.cs: 1125 - Retrieving features of type [RefAxis] from link 2-1
2025-09-14 09:33:16,478 INFO  ExportHelperExtension.cs: 1136 - Found 39 in link 2-1
2025-09-14 09:33:16,480 INFO  ExportHelperExtension.cs: 1145 - Found 0 features of type [RefAxis] in link 2-1
2025-09-14 09:33:16,481 INFO  ExportHelperExtension.cs: 1125 - Retrieving features of type [RefAxis] from base link-2
2025-09-14 09:33:16,482 INFO  ExportHelperExtension.cs: 1136 - Found 25 in base link-2
2025-09-14 09:33:16,484 INFO  ExportHelperExtension.cs: 1145 - Found 0 features of type [RefAxis] in base link-2
2025-09-14 09:33:16,892 INFO  SwAddin.cs: 339 - Loading config tree
2025-09-14 09:33:16,894 INFO  ExportPropertyManagerExtension.cs: 520 - Starting new configuration
2025-09-14 09:33:16,899 INFO  SwAddin.cs: 344 - Showing property manager
2025-09-14 09:33:21,347 INFO  ExportPropertyManager.cs: 1136 - OnNumberBoxTrackingCompleted called. This method no longer throws an Exception. It just silently does nothing. Ok, except for this logging message
2025-09-14 09:33:23,476 INFO  ExportPropertyManager.cs: 1136 - OnNumberBoxTrackingCompleted called. This method no longer throws an Exception. It just silently does nothing. Ok, except for this logging message
2025-09-14 09:33:28,256 INFO  ExportPropertyManager.cs: 1018 - OnComboboxSelectionChanged called. This method no longer throws an Exception. It just silently does nothing. Ok, except for this logging message
2025-09-14 09:33:37,011 INFO  ExportPropertyManager.cs: 1018 - OnComboboxSelectionChanged called. This method no longer throws an Exception. It just silently does nothing. Ok, except for this logging message
2025-09-14 09:34:03,372 INFO  ExportPropertyManager.cs: 1018 - OnComboboxSelectionChanged called. This method no longer throws an Exception. It just silently does nothing. Ok, except for this logging message
2025-09-14 09:34:12,440 INFO  ExportPropertyManager.cs: 1018 - OnComboboxSelectionChanged called. This method no longer throws an Exception. It just silently does nothing. Ok, except for this logging message
2025-09-14 09:34:15,625 INFO  ExportPropertyManager.cs: 1018 - OnComboboxSelectionChanged called. This method no longer throws an Exception. It just silently does nothing. Ok, except for this logging message
2025-09-14 09:35:13,226 INFO  ExportPropertyManager.cs: 1018 - OnComboboxSelectionChanged called. This method no longer throws an Exception. It just silently does nothing. Ok, except for this logging message
2025-09-14 09:35:13,251 INFO  ExportPropertyManager.cs: 1018 - OnComboboxSelectionChanged called. This method no longer throws an Exception. It just silently does nothing. Ok, except for this logging message
2025-09-14 09:35:14,235 INFO  ExportPropertyManager.cs: 1018 - OnComboboxSelectionChanged called. This method no longer throws an Exception. It just silently does nothing. Ok, except for this logging message
2025-09-14 09:35:14,562 INFO  ExportPropertyManager.cs: 1018 - OnComboboxSelectionChanged called. This method no longer throws an Exception. It just silently does nothing. Ok, except for this logging message
2025-09-14 09:35:14,618 INFO  ExportPropertyManager.cs: 1018 - OnComboboxSelectionChanged called. This method no longer throws an Exception. It just silently does nothing. Ok, except for this logging message
2025-09-14 09:35:15,010 INFO  ExportPropertyManager.cs: 1018 - OnComboboxSelectionChanged called. This method no longer throws an Exception. It just silently does nothing. Ok, except for this logging message
2025-09-14 09:35:20,777 INFO  ExportPropertyManager.cs: 1018 - OnComboboxSelectionChanged called. This method no longer throws an Exception. It just silently does nothing. Ok, except for this logging message
2025-09-14 09:35:24,118 INFO  ExportPropertyManager.cs: 1018 - OnComboboxSelectionChanged called. This method no longer throws an Exception. It just silently does nothing. Ok, except for this logging message
2025-09-14 09:35:28,737 INFO  ExportPropertyManager.cs: 1018 - OnComboboxSelectionChanged called. This method no longer throws an Exception. It just silently does nothing. Ok, except for this logging message
2025-09-14 09:35:41,390 INFO  ExportPropertyManager.cs: 1136 - OnNumberBoxTrackingCompleted called. This method no longer throws an Exception. It just silently does nothing. Ok, except for this logging message
2025-09-14 09:35:58,883 INFO  ExportPropertyManager.cs: 1018 - OnComboboxSelectionChanged called. This method no longer throws an Exception. It just silently does nothing. Ok, except for this logging message
2025-09-14 09:36:09,998 INFO  ExportPropertyManager.cs: 1018 - OnComboboxSelectionChanged called. This method no longer throws an Exception. It just silently does nothing. Ok, except for this logging message
2025-09-14 09:36:12,686 INFO  ExportPropertyManager.cs: 1018 - OnComboboxSelectionChanged called. This method no longer throws an Exception. It just silently does nothing. Ok, except for this logging message
2025-09-14 09:37:59,405 INFO  ExportPropertyManager.cs: 422 - Configuration saved
2025-09-14 09:37:59,914 INFO  ExportHelperExtension.cs: 347 - Creating joint link_1
2025-09-14 09:38:01,048 WARN  ExportHelperExtension.cs: 351 - Creating joint from parent base_link to child link_1 failed
2025-09-14 09:38:01,123 INFO  ExportHelperExtension.cs: 347 - Creating joint link_2
2025-09-14 09:38:01,155 WARN  ExportHelperExtension.cs: 351 - Creating joint from parent link_1 to child link_2 failed
2025-09-14 09:38:01,375 INFO  ExportHelperExtension.cs: 347 - Creating joint link_3
2025-09-14 09:38:01,411 WARN  ExportHelperExtension.cs: 351 - Creating joint from parent link_2 to child link_3 failed
2025-09-14 09:38:01,746 INFO  ExportHelperExtension.cs: 1125 - Retrieving features of type [CoordSys] from 1.SLDASM
2025-09-14 09:38:01,760 INFO  ExportHelperExtension.cs: 1136 - Found 39 in 1.SLDASM
2025-09-14 09:38:01,761 INFO  ExportHelperExtension.cs: 1145 - Found 3 features of type [CoordSys] in 1.SLDASM
2025-09-14 09:38:01,761 INFO  ExportHelperExtension.cs: 1148 - Proceeding through assembly components
2025-09-14 09:38:01,762 INFO  ExportHelperExtension.cs: 1160 - 4 components to check
2025-09-14 09:38:01,763 INFO  ExportHelperExtension.cs: 1125 - Retrieving features of type [CoordSys] from link 3-1
2025-09-14 09:38:01,764 INFO  ExportHelperExtension.cs: 1136 - Found 26 in link 3-1
2025-09-14 09:38:01,765 INFO  ExportHelperExtension.cs: 1145 - Found 0 features of type [CoordSys] in link 3-1
2025-09-14 09:38:01,766 INFO  ExportHelperExtension.cs: 1125 - Retrieving features of type [CoordSys] from link 1-1
2025-09-14 09:38:01,768 INFO  ExportHelperExtension.cs: 1136 - Found 26 in link 1-1
2025-09-14 09:38:01,768 INFO  ExportHelperExtension.cs: 1145 - Found 0 features of type [CoordSys] in link 1-1
2025-09-14 09:38:01,769 INFO  ExportHelperExtension.cs: 1125 - Retrieving features of type [CoordSys] from link 2-1
2025-09-14 09:38:01,770 INFO  ExportHelperExtension.cs: 1136 - Found 39 in link 2-1
2025-09-14 09:38:01,771 INFO  ExportHelperExtension.cs: 1145 - Found 0 features of type [CoordSys] in link 2-1
2025-09-14 09:38:01,772 INFO  ExportHelperExtension.cs: 1125 - Retrieving features of type [CoordSys] from base link-2
2025-09-14 09:38:01,773 INFO  ExportHelperExtension.cs: 1136 - Found 25 in base link-2
2025-09-14 09:38:01,774 INFO  ExportHelperExtension.cs: 1145 - Found 0 features of type [CoordSys] in base link-2
2025-09-14 09:38:01,775 INFO  ExportHelperExtension.cs: 1125 - Retrieving features of type [RefAxis] from 1.SLDASM
2025-09-14 09:38:01,775 INFO  ExportHelperExtension.cs: 1136 - Found 39 in 1.SLDASM
2025-09-14 09:38:01,777 INFO  ExportHelperExtension.cs: 1145 - Found 3 features of type [RefAxis] in 1.SLDASM
2025-09-14 09:38:01,778 INFO  ExportHelperExtension.cs: 1148 - Proceeding through assembly components
2025-09-14 09:38:01,778 INFO  ExportHelperExtension.cs: 1160 - 4 components to check
2025-09-14 09:38:01,779 INFO  ExportHelperExtension.cs: 1125 - Retrieving features of type [RefAxis] from link 3-1
2025-09-14 09:38:01,780 INFO  ExportHelperExtension.cs: 1136 - Found 26 in link 3-1
2025-09-14 09:38:01,781 INFO  ExportHelperExtension.cs: 1145 - Found 0 features of type [RefAxis] in link 3-1
2025-09-14 09:38:01,782 INFO  ExportHelperExtension.cs: 1125 - Retrieving features of type [RefAxis] from link 1-1
2025-09-14 09:38:01,783 INFO  ExportHelperExtension.cs: 1136 - Found 26 in link 1-1
2025-09-14 09:38:01,784 INFO  ExportHelperExtension.cs: 1145 - Found 0 features of type [RefAxis] in link 1-1
2025-09-14 09:38:01,785 INFO  ExportHelperExtension.cs: 1125 - Retrieving features of type [RefAxis] from link 2-1
2025-09-14 09:38:01,785 INFO  ExportHelperExtension.cs: 1136 - Found 39 in link 2-1
2025-09-14 09:38:01,787 INFO  ExportHelperExtension.cs: 1145 - Found 0 features of type [RefAxis] in link 2-1
2025-09-14 09:38:01,788 INFO  ExportHelperExtension.cs: 1125 - Retrieving features of type [RefAxis] from base link-2
2025-09-14 09:38:01,789 INFO  ExportHelperExtension.cs: 1136 - Found 25 in base link-2
2025-09-14 09:38:01,790 INFO  ExportHelperExtension.cs: 1145 - Found 0 features of type [RefAxis] in base link-2
2025-09-14 09:38:01,913 INFO  ExportPropertyManager.cs: 1142 - AfterClose called. This method no longer throws an Exception. It just silently does nothing. Ok, except for this logging message
2025-09-14 09:57:21,852 INFO  AssemblyExportForm.cs: 253 - Completing URDF export
2025-09-14 09:57:21,868 INFO  ConfigurationSerialization.cs: 276 - URDF Configuration found
<Link z:Id="i1" xmlns="http://schemas.datacontract.org/2004/07/SW2URDF" xmlns:i="http://www.w3.org/2001/XMLSchema-instance" xmlns:z="http://schemas.microsoft.com/2003/10/Serialization/"><Attributes><Attribute z:Id="i2"><AttributeType>name</AttributeType><IsRequired>true</IsRequired><Value i:type="a:string" xmlns:a="http://www.w3.org/2001/XMLSchema">base_link</Value></Attribute></Attributes><ChildElements><URDFElement z:Id="i3" i:type="Inertial"><Attributes/><ChildElements><URDFElement z:Id="i4" i:type="Origin"><Attributes><Attribute z:Id="i5"><AttributeType>xyz</AttributeType><IsRequired>true</IsRequired><Value i:type="a:ArrayOfdouble" xmlns:a="http://schemas.microsoft.com/2003/10/Serialization/Arrays"><a:double>0</a:double><a:double>0</a:double><a:double>0</a:double></Value></Attribute><Attribute z:Id="i6"><AttributeType>rpy</AttributeType><IsRequired>true</IsRequired><Value i:type="a:ArrayOfdouble" xmlns:a="http://schemas.microsoft.com/2003/10/Serialization/Arrays"><a:double>0</a:double><a:double>0</a:double><a:double>0</a:double></Value></Attribute></Attributes><ChildElements/><ElementName>origin</ElementName><required>false</required><RPYAttribute z:Ref="i6"/><XYZAttribute z:Ref="i5"/><isCustomized>false</isCustomized></URDFElement><URDFElement z:Id="i7" i:type="Mass"><Attributes><Attribute z:Id="i8"><AttributeType>value</AttributeType><IsRequired>true</IsRequired><Value i:type="a:double" xmlns:a="http://www.w3.org/2001/XMLSchema">0</Value></Attribute></Attributes><ChildElements/><ElementName>mass</ElementName><required>false</required><ValueAttribute z:Ref="i8"/></URDFElement><URDFElement z:Id="i9" i:type="Inertia"><Attributes><Attribute z:Id="i10"><AttributeType>ixx</AttributeType><IsRequired>true</IsRequired><Value i:type="a:double" xmlns:a="http://www.w3.org/2001/XMLSchema">0</Value></Attribute><Attribute z:Id="i11"><AttributeType>ixy</AttributeType><IsRequired>true</IsRequired><Value i:type="a:double" xmlns:a="http://www.w3.org/2001/XMLSchema">0</Value></Attribute><Attribute z:Id="i12"><AttributeType>ixz</AttributeType><IsRequired>true</IsRequired><Value i:type="a:double" xmlns:a="http://www.w3.org/2001/XMLSchema">0</Value></Attribute><Attribute z:Id="i13"><AttributeType>iyy</AttributeType><IsRequired>true</IsRequired><Value i:type="a:double" xmlns:a="http://www.w3.org/2001/XMLSchema">0</Value></Attribute><Attribute z:Id="i14"><AttributeType>iyz</AttributeType><IsRequired>true</IsRequired><Value i:type="a:double" xmlns:a="http://www.w3.org/2001/XMLSchema">0</Value></Attribute><Attribute z:Id="i15"><AttributeType>izz</AttributeType><IsRequired>true</IsRequired><Value i:type="a:double" xmlns:a="http://www.w3.org/2001/XMLSchema">0</Value></Attribute></Attributes><ChildElements/><ElementName>inertia</ElementName><required>false</required><IxxAttribute z:Ref="i10"/><IxyAttribute z:Ref="i11"/><IxzAttribute z:Ref="i12"/><IyyAttribute z:Ref="i13"/><IyzAttribute z:Ref="i14"/><IzzAttribute z:Ref="i15"/></URDFElement></ChildElements><ElementName>inertial</ElementName><required>false</required><Inertia z:Ref="i9"/><Mass z:Ref="i7"/><Origin z:Ref="i4"/></URDFElement><URDFElement z:Id="i16" i:type="Visual"><Attributes/><ChildElements><URDFElement z:Id="i17" i:type="Origin"><Attributes><Attribute z:Id="i18"><AttributeType>xyz</AttributeType><IsRequired>true</IsRequired><Value i:type="a:ArrayOfdouble" xmlns:a="http://schemas.microsoft.com/2003/10/Serialization/Arrays"><a:double>0</a:double><a:double>0</a:double><a:double>0</a:double></Value></Attribute><Attribute z:Id="i19"><AttributeType>rpy</AttributeType><IsRequired>true</IsRequired><Value i:type="a:ArrayOfdouble" xmlns:a="http://schemas.microsoft.com/2003/10/Serialization/Arrays"><a:double>0</a:double><a:double>0</a:double><a:double>0</a:double></Value></Attribute></Attributes><ChildElements/><ElementName>origin</ElementName><required>false</required><RPYAttribute z:Ref="i19"/><XYZAttribute z:Ref="i18"/><isCustomized>false</isCustomized></URDFElement><URDFElement z:Id="i20" i:type="Geometry"><Attributes/><ChildElements><URDFElement z:Id="i21" i:type="Mesh"><Attributes><Attribute z:Id="i22"><AttributeType>filename</AttributeType><IsRequired>true</IsRequired><Value i:nil="true"/></Attribute></Attributes><ChildElements/><ElementName>mesh</ElementName><required>false</required><FilenameAttribute z:Ref="i22"/></URDFElement></ChildElements><ElementName>geometry</ElementName><required>true</required><Mesh z:Ref="i21"/></URDFElement><URDFElement z:Id="i23" i:type="Material"><Attributes><Attribute z:Id="i24"><AttributeType>name</AttributeType><IsRequired>true</IsRequired><Value i:type="a:string" xmlns:a="http://www.w3.org/2001/XMLSchema"/></Attribute></Attributes><ChildElements><URDFElement z:Id="i25" i:type="Color"><Attributes><Attribute z:Id="i26"><AttributeType>rgba</AttributeType><IsRequired>true</IsRequired><Value i:type="a:ArrayOfdouble" xmlns:a="http://schemas.microsoft.com/2003/10/Serialization/Arrays"><a:double>1</a:double><a:double>1</a:double><a:double>1</a:double><a:double>1</a:double></Value></Attribute></Attributes><ChildElements/><ElementName>color</ElementName><required>false</required><RGBAAttribute z:Ref="i26"/></URDFElement><URDFElement z:Id="i27" i:type="Texture"><Attributes><Attribute z:Id="i28"><AttributeType>filename</AttributeType><IsRequired>true</IsRequired><Value i:nil="true"/></Attribute></Attributes><ChildElements/><ElementName>texture</ElementName><required>false</required><FilenameAttribute z:Ref="i28"/><wFilename/></URDFElement></ChildElements><ElementName>material</ElementName><required>false</required><Color z:Ref="i25"/><NameAttribute z:Ref="i24"/><Texture z:Ref="i27"/></URDFElement></ChildElements><ElementName>visual</ElementName><required>false</required><Geometry z:Ref="i20"/><Material z:Ref="i23"/><Origin z:Ref="i17"/></URDFElement><URDFElement z:Id="i29" i:type="Collision"><Attributes/><ChildElements><URDFElement z:Id="i30" i:type="Origin"><Attributes><Attribute z:Id="i31"><AttributeType>xyz</AttributeType><IsRequired>true</IsRequired><Value i:type="a:ArrayOfdouble" xmlns:a="http://schemas.microsoft.com/2003/10/Serialization/Arrays"><a:double>0</a:double><a:double>0</a:double><a:double>0</a:double></Value></Attribute><Attribute z:Id="i32"><AttributeType>rpy</AttributeType><IsRequired>true</IsRequired><Value i:type="a:ArrayOfdouble" xmlns:a="http://schemas.microsoft.com/2003/10/Serialization/Arrays"><a:double>0</a:double><a:double>0</a:double><a:double>0</a:double></Value></Attribute></Attributes><ChildElements/><ElementName>origin</ElementName><required>false</required><RPYAttribute z:Ref="i32"/><XYZAttribute z:Ref="i31"/><isCustomized>false</isCustomized></URDFElement><URDFElement z:Id="i33" i:type="Geometry"><Attributes/><ChildElements><URDFElement z:Id="i34" i:type="Mesh"><Attributes><Attribute z:Id="i35"><AttributeType>filename</AttributeType><IsRequired>true</IsRequired><Value i:nil="true"/></Attribute></Attributes><ChildElements/><ElementName>mesh</ElementName><required>false</required><FilenameAttribute z:Ref="i35"/></URDFElement></ChildElements><ElementName>geometry</ElementName><required>true</required><Mesh z:Ref="i34"/></URDFElement></ChildElements><ElementName>collision</ElementName><required>false</required><Geometry z:Ref="i33"/><Origin z:Ref="i30"/></URDFElement><URDFElement z:Id="i36" i:type="Joint"><Attributes><Attribute z:Id="i37"><AttributeType>name</AttributeType><IsRequired>true</IsRequired><Value i:type="a:string" xmlns:a="http://www.w3.org/2001/XMLSchema"/></Attribute><Attribute z:Id="i38"><AttributeType>type</AttributeType><IsRequired>true</IsRequired><Value i:type="a:string" xmlns:a="http://www.w3.org/2001/XMLSchema"/></Attribute></Attributes><ChildElements><URDFElement z:Id="i39" i:type="Origin"><Attributes><Attribute z:Id="i40"><AttributeType>xyz</AttributeType><IsRequired>true</IsRequired><Value i:type="a:ArrayOfdouble" xmlns:a="http://schemas.microsoft.com/2003/10/Serialization/Arrays"><a:double>0</a:double><a:double>0</a:double><a:double>0</a:double></Value></Attribute><Attribute z:Id="i41"><AttributeType>rpy</AttributeType><IsRequired>true</IsRequired><Value i:type="a:ArrayOfdouble" xmlns:a="http://schemas.microsoft.com/2003/10/Serialization/Arrays"><a:double>0</a:double><a:double>0</a:double><a:double>0</a:double></Value></Attribute></Attributes><ChildElements/><ElementName>origin</ElementName><required>false</required><RPYAttribute z:Ref="i41"/><XYZAttribute z:Ref="i40"/><isCustomized>false</isCustomized></URDFElement><URDFElement z:Id="i42" i:type="ParentLink"><Attributes><Attribute z:Id="i43"><AttributeType>link</AttributeType><IsRequired>true</IsRequired><Value i:type="a:string" xmlns:a="http://www.w3.org/2001/XMLSchema"/></Attribute></Attributes><ChildElements/><ElementName>parent</ElementName><required>true</required><NameAttribute z:Ref="i43"/></URDFElement><URDFElement z:Id="i44" i:type="ChildLink"><Attributes><Attribute z:Id="i45"><AttributeType>link</AttributeType><IsRequired>true</IsRequired><Value i:type="a:string" xmlns:a="http://www.w3.org/2001/XMLSchema"/></Attribute></Attributes><ChildElements/><ElementName>child</ElementName><required>true</required><NameAttribute z:Ref="i45"/></URDFElement><URDFElement z:Id="i46" i:type="Axis"><Attributes><Attribute z:Id="i47"><AttributeType>xyz</AttributeType><IsRequired>true</IsRequired><Value i:type="a:ArrayOfdouble" xmlns:a="http://schemas.microsoft.com/2003/10/Serialization/Arrays"><a:double>0</a:double><a:double>0</a:double><a:double>0</a:double></Value></Attribute></Attributes><ChildElements/><ElementName>axis</ElementName><required>false</required><XYZAttribute z:Ref="i47"/></URDFElement><URDFElement z:Id="i48" i:type="Limit"><Attributes><Attribute z:Id="i49"><AttributeType>lower</AttributeType><IsRequired>false</IsRequired><Value i:nil="true"/></Attribute><Attribute z:Id="i50"><AttributeType>upper</AttributeType><IsRequired>false</IsRequired><Value i:nil="true"/></Attribute><Attribute z:Id="i51"><AttributeType>effort</AttributeType><IsRequired>true</IsRequired><Value i:nil="true"/></Attribute><Attribute z:Id="i52"><AttributeType>velocity</AttributeType><IsRequired>true</IsRequired><Value i:nil="true"/></Attribute></Attributes><ChildElements/><ElementName>limit</ElementName><required>false</required><EffortAttribute z:Ref="i51"/><LowerAttribute z:Ref="i49"/><UpperAttribute z:Ref="i50"/><VelocityAttribute z:Ref="i52"/></URDFElement><URDFElement z:Id="i53" i:type="Calibration"><Attributes><Attribute z:Id="i54"><AttributeType>rising</AttributeType><IsRequired>false</IsRequired><Value i:nil="true"/></Attribute><Attribute z:Id="i55"><AttributeType>falling</AttributeType><IsRequired>false</IsRequired><Value i:nil="true"/></Attribute></Attributes><ChildElements/><ElementName>calibration</ElementName><required>false</required><FallingAttribute z:Ref="i55"/><RisingAttribute z:Ref="i54"/></URDFElement><URDFElement z:Id="i56" i:type="Dynamics"><Attributes><Attribute z:Id="i57"><AttributeType>damping</AttributeType><IsRequired>false</IsRequired><Value i:nil="true"/></Attribute><Attribute z:Id="i58"><AttributeType>friction</AttributeType><IsRequired>false</IsRequired><Value i:nil="true"/></Attribute></Attributes><ChildElements/><ElementName>dynamics</ElementName><required>false</required><DampingAttribute z:Ref="i57"/><FrictionAttribute z:Ref="i58"/></URDFElement><URDFElement z:Id="i59" i:type="SafetyController"><Attributes><Attribute z:Id="i60"><AttributeType>soft_upper_limit</AttributeType><IsRequired>false</IsRequired><Value i:nil="true"/></Attribute><Attribute z:Id="i61"><AttributeType>soft_lower_limit</AttributeType><IsRequired>false</IsRequired><Value i:nil="true"/></Attribute><Attribute z:Id="i62"><AttributeType>k_position</AttributeType><IsRequired>false</IsRequired><Value i:nil="true"/></Attribute><Attribute z:Id="i63"><AttributeType>k_velocity</AttributeType><IsRequired>true</IsRequired><Value i:nil="true"/></Attribute></Attributes><ChildElements/><ElementName>safety_controller</ElementName><required>false</required><KPositionAttribute z:Ref="i62"/><KVelocityAttribute z:Ref="i63"/><SoftLowerAttribute z:Ref="i61"/><SoftUpperAttribute z:Ref="i60"/></URDFElement><URDFElement z:Id="i64" i:type="Mimic"><Attributes><Attribute z:Id="i65"><AttributeType>joint</AttributeType><IsRequired>true</IsRequired><Value i:nil="true"/></Attribute><Attribute z:Id="i66"><AttributeType>multiplier</AttributeType><IsRequired>false</IsRequired><Value i:nil="true"/></Attribute><Attribute z:Id="i67"><AttributeType>offset</AttributeType><IsRequired>false</IsRequired><Value i:nil="true"/></Attribute></Attributes><ChildElements/><ElementName>mimic</ElementName><required>false</required><JointNameAttribute z:Ref="i65"/><MultiplierAttribute z:Ref="i66"/><OffsetAttribute z:Ref="i67"/></URDFElement></ChildElements><ElementName>joint</ElementName><required>false</required><Axis z:Ref="i46"/><AxisName/><Calibration z:Ref="i53"/><Child z:Ref="i44"/><CoordinateSystemName>Coordinate System4</CoordinateSystemName><Dynamics z:Ref="i56"/><Limit z:Ref="i48"/><Mimic z:Ref="i64"/><NameAttribute z:Ref="i37"/><Origin z:Ref="i39"/><Parent z:Ref="i42"/><Safety z:Ref="i59"/><TypeAttribute z:Ref="i38"/></URDFElement></ChildElements><ElementName>link</ElementName><required>true</required><Children><Link z:Id="i68"><Attributes><Attribute z:Id="i69"><AttributeType>name</AttributeType><IsRequired>true</IsRequired><Value i:type="a:string" xmlns:a="http://www.w3.org/2001/XMLSchema">link_1</Value></Attribute></Attributes><ChildElements><URDFElement z:Id="i70" i:type="Inertial"><Attributes/><ChildElements><URDFElement z:Id="i71" i:type="Origin"><Attributes><Attribute z:Id="i72"><AttributeType>xyz</AttributeType><IsRequired>true</IsRequired><Value i:type="a:ArrayOfdouble" xmlns:a="http://schemas.microsoft.com/2003/10/Serialization/Arrays"><a:double>0</a:double><a:double>0</a:double><a:double>0</a:double></Value></Attribute><Attribute z:Id="i73"><AttributeType>rpy</AttributeType><IsRequired>true</IsRequired><Value i:type="a:ArrayOfdouble" xmlns:a="http://schemas.microsoft.com/2003/10/Serialization/Arrays"><a:double>0</a:double><a:double>0</a:double><a:double>0</a:double></Value></Attribute></Attributes><ChildElements/><ElementName>origin</ElementName><required>false</required><RPYAttribute z:Ref="i73"/><XYZAttribute z:Ref="i72"/><isCustomized>false</isCustomized></URDFElement><URDFElement z:Id="i74" i:type="Mass"><Attributes><Attribute z:Id="i75"><AttributeType>value</AttributeType><IsRequired>true</IsRequired><Value i:type="a:double" xmlns:a="http://www.w3.org/2001/XMLSchema">0</Value></Attribute></Attributes><ChildElements/><ElementName>mass</ElementName><required>false</required><ValueAttribute z:Ref="i75"/></URDFElement><URDFElement z:Id="i76" i:type="Inertia"><Attributes><Attribute z:Id="i77"><AttributeType>ixx</AttributeType><IsRequired>true</IsRequired><Value i:type="a:double" xmlns:a="http://www.w3.org/2001/XMLSchema">0</Value></Attribute><Attribute z:Id="i78"><AttributeType>ixy</AttributeType><IsRequired>true</IsRequired><Value i:type="a:double" xmlns:a="http://www.w3.org/2001/XMLSchema">0</Value></Attribute><Attribute z:Id="i79"><AttributeType>ixz</AttributeType><IsRequired>true</IsRequired><Value i:type="a:double" xmlns:a="http://www.w3.org/2001/XMLSchema">0</Value></Attribute><Attribute z:Id="i80"><AttributeType>iyy</AttributeType><IsRequired>true</IsRequired><Value i:type="a:double" xmlns:a="http://www.w3.org/2001/XMLSchema">0</Value></Attribute><Attribute z:Id="i81"><AttributeType>iyz</AttributeType><IsRequired>true</IsRequired><Value i:type="a:double" xmlns:a="http://www.w3.org/2001/XMLSchema">0</Value></Attribute><Attribute z:Id="i82"><AttributeType>izz</AttributeType><IsRequired>true</IsRequired><Value i:type="a:double" xmlns:a="http://www.w3.org/2001/XMLSchema">0</Value></Attribute></Attributes><ChildElements/><ElementName>inertia</ElementName><required>false</required><IxxAttribute z:Ref="i77"/><IxyAttribute z:Ref="i78"/><IxzAttribute z:Ref="i79"/><IyyAttribute z:Ref="i80"/><IyzAttribute z:Ref="i81"/><IzzAttribute z:Ref="i82"/></URDFElement></ChildElements><ElementName>inertial</ElementName><required>false</required><Inertia z:Ref="i76"/><Mass z:Ref="i74"/><Origin z:Ref="i71"/></URDFElement><URDFElement z:Id="i83" i:type="Visual"><Attributes/><ChildElements><URDFElement z:Id="i84" i:type="Origin"><Attributes><Attribute z:Id="i85"><AttributeType>xyz</AttributeType><IsRequired>true</IsRequired><Value i:type="a:ArrayOfdouble" xmlns:a="http://schemas.microsoft.com/2003/10/Serialization/Arrays"><a:double>0</a:double><a:double>0</a:double><a:double>0</a:double></Value></Attribute><Attribute z:Id="i86"><AttributeType>rpy</AttributeType><IsRequired>true</IsRequired><Value i:type="a:ArrayOfdouble" xmlns:a="http://schemas.microsoft.com/2003/10/Serialization/Arrays"><a:double>0</a:double><a:double>0</a:double><a:double>0</a:double></Value></Attribute></Attributes><ChildElements/><ElementName>origin</ElementName><required>false</required><RPYAttribute z:Ref="i86"/><XYZAttribute z:Ref="i85"/><isCustomized>false</isCustomized></URDFElement><URDFElement z:Id="i87" i:type="Geometry"><Attributes/><ChildElements><URDFElement z:Id="i88" i:type="Mesh"><Attributes><Attribute z:Id="i89"><AttributeType>filename</AttributeType><IsRequired>true</IsRequired><Value i:nil="true"/></Attribute></Attributes><ChildElements/><ElementName>mesh</ElementName><required>false</required><FilenameAttribute z:Ref="i89"/></URDFElement></ChildElements><ElementName>geometry</ElementName><required>true</required><Mesh z:Ref="i88"/></URDFElement><URDFElement z:Id="i90" i:type="Material"><Attributes><Attribute z:Id="i91"><AttributeType>name</AttributeType><IsRequired>true</IsRequired><Value i:type="a:string" xmlns:a="http://www.w3.org/2001/XMLSchema"/></Attribute></Attributes><ChildElements><URDFElement z:Id="i92" i:type="Color"><Attributes><Attribute z:Id="i93"><AttributeType>rgba</AttributeType><IsRequired>true</IsRequired><Value i:type="a:ArrayOfdouble" xmlns:a="http://schemas.microsoft.com/2003/10/Serialization/Arrays"><a:double>1</a:double><a:double>1</a:double><a:double>1</a:double><a:double>1</a:double></Value></Attribute></Attributes><ChildElements/><ElementName>color</ElementName><required>false</required><RGBAAttribute z:Ref="i93"/></URDFElement><URDFElement z:Id="i94" i:type="Texture"><Attributes><Attribute z:Id="i95"><AttributeType>filename</AttributeType><IsRequired>true</IsRequired><Value i:nil="true"/></Attribute></Attributes><ChildElements/><ElementName>texture</ElementName><required>false</required><FilenameAttribute z:Ref="i95"/><wFilename/></URDFElement></ChildElements><ElementName>material</ElementName><required>false</required><Color z:Ref="i92"/><NameAttribute z:Ref="i91"/><Texture z:Ref="i94"/></URDFElement></ChildElements><ElementName>visual</ElementName><required>false</required><Geometry z:Ref="i87"/><Material z:Ref="i90"/><Origin z:Ref="i84"/></URDFElement><URDFElement z:Id="i96" i:type="Collision"><Attributes/><ChildElements><URDFElement z:Id="i97" i:type="Origin"><Attributes><Attribute z:Id="i98"><AttributeType>xyz</AttributeType><IsRequired>true</IsRequired><Value i:type="a:ArrayOfdouble" xmlns:a="http://schemas.microsoft.com/2003/10/Serialization/Arrays"><a:double>0</a:double><a:double>0</a:double><a:double>0</a:double></Value></Attribute><Attribute z:Id="i99"><AttributeType>rpy</AttributeType><IsRequired>true</IsRequired><Value i:type="a:ArrayOfdouble" xmlns:a="http://schemas.microsoft.com/2003/10/Serialization/Arrays"><a:double>0</a:double><a:double>0</a:double><a:double>0</a:double></Value></Attribute></Attributes><ChildElements/><ElementName>origin</ElementName><required>false</required><RPYAttribute z:Ref="i99"/><XYZAttribute z:Ref="i98"/><isCustomized>false</isCustomized></URDFElement><URDFElement z:Id="i100" i:type="Geometry"><Attributes/><ChildElements><URDFElement z:Id="i101" i:type="Mesh"><Attributes><Attribute z:Id="i102"><AttributeType>filename</AttributeType><IsRequired>true</IsRequired><Value i:nil="true"/></Attribute></Attributes><ChildElements/><ElementName>mesh</ElementName><required>false</required><FilenameAttribute z:Ref="i102"/></URDFElement></ChildElements><ElementName>geometry</ElementName><required>true</required><Mesh z:Ref="i101"/></URDFElement></ChildElements><ElementName>collision</ElementName><required>false</required><Geometry z:Ref="i100"/><Origin z:Ref="i97"/></URDFElement><URDFElement z:Id="i103" i:type="Joint"><Attributes><Attribute z:Id="i104"><AttributeType>name</AttributeType><IsRequired>true</IsRequired><Value i:type="a:string" xmlns:a="http://www.w3.org/2001/XMLSchema">twisting</Value></Attribute><Attribute z:Id="i105"><AttributeType>type</AttributeType><IsRequired>true</IsRequired><Value i:type="a:string" xmlns:a="http://www.w3.org/2001/XMLSchema">revolute</Value></Attribute></Attributes><ChildElements><URDFElement z:Id="i106" i:type="Origin"><Attributes><Attribute z:Id="i107"><AttributeType>xyz</AttributeType><IsRequired>true</IsRequired><Value i:type="a:ArrayOfdouble" xmlns:a="http://schemas.microsoft.com/2003/10/Serialization/Arrays"><a:double>0</a:double><a:double>0</a:double><a:double>0</a:double></Value></Attribute><Attribute z:Id="i108"><AttributeType>rpy</AttributeType><IsRequired>true</IsRequired><Value i:type="a:ArrayOfdouble" xmlns:a="http://schemas.microsoft.com/2003/10/Serialization/Arrays"><a:double>0</a:double><a:double>0</a:double><a:double>0</a:double></Value></Attribute></Attributes><ChildElements/><ElementName>origin</ElementName><required>false</required><RPYAttribute z:Ref="i108"/><XYZAttribute z:Ref="i107"/><isCustomized>false</isCustomized></URDFElement><URDFElement z:Id="i109" i:type="ParentLink"><Attributes><Attribute z:Id="i110"><AttributeType>link</AttributeType><IsRequired>true</IsRequired><Value i:type="a:string" xmlns:a="http://www.w3.org/2001/XMLSchema"/></Attribute></Attributes><ChildElements/><ElementName>parent</ElementName><required>true</required><NameAttribute z:Ref="i110"/></URDFElement><URDFElement z:Id="i111" i:type="ChildLink"><Attributes><Attribute z:Id="i112"><AttributeType>link</AttributeType><IsRequired>true</IsRequired><Value i:type="a:string" xmlns:a="http://www.w3.org/2001/XMLSchema"/></Attribute></Attributes><ChildElements/><ElementName>child</ElementName><required>true</required><NameAttribute z:Ref="i112"/></URDFElement><URDFElement z:Id="i113" i:type="Axis"><Attributes><Attribute z:Id="i114"><AttributeType>xyz</AttributeType><IsRequired>true</IsRequired><Value i:type="a:ArrayOfdouble" xmlns:a="http://schemas.microsoft.com/2003/10/Serialization/Arrays"><a:double>0</a:double><a:double>0</a:double><a:double>0</a:double></Value></Attribute></Attributes><ChildElements/><ElementName>axis</ElementName><required>false</required><XYZAttribute z:Ref="i114"/></URDFElement><URDFElement z:Id="i115" i:type="Limit"><Attributes><Attribute z:Id="i116"><AttributeType>lower</AttributeType><IsRequired>false</IsRequired><Value i:nil="true"/></Attribute><Attribute z:Id="i117"><AttributeType>upper</AttributeType><IsRequired>false</IsRequired><Value i:nil="true"/></Attribute><Attribute z:Id="i118"><AttributeType>effort</AttributeType><IsRequired>true</IsRequired><Value i:nil="true"/></Attribute><Attribute z:Id="i119"><AttributeType>velocity</AttributeType><IsRequired>true</IsRequired><Value i:nil="true"/></Attribute></Attributes><ChildElements/><ElementName>limit</ElementName><required>false</required><EffortAttribute z:Ref="i118"/><LowerAttribute z:Ref="i116"/><UpperAttribute z:Ref="i117"/><VelocityAttribute z:Ref="i119"/></URDFElement><URDFElement z:Id="i120" i:type="Calibration"><Attributes><Attribute z:Id="i121"><AttributeType>rising</AttributeType><IsRequired>false</IsRequired><Value i:nil="true"/></Attribute><Attribute z:Id="i122"><AttributeType>falling</AttributeType><IsRequired>false</IsRequired><Value i:nil="true"/></Attribute></Attributes><ChildElements/><ElementName>calibration</ElementName><required>false</required><FallingAttribute z:Ref="i122"/><RisingAttribute z:Ref="i121"/></URDFElement><URDFElement z:Id="i123" i:type="Dynamics"><Attributes><Attribute z:Id="i124"><AttributeType>damping</AttributeType><IsRequired>false</IsRequired><Value i:nil="true"/></Attribute><Attribute z:Id="i125"><AttributeType>friction</AttributeType><IsRequired>false</IsRequired><Value i:nil="true"/></Attribute></Attributes><ChildElements/><ElementName>dynamics</ElementName><required>false</required><DampingAttribute z:Ref="i124"/><FrictionAttribute z:Ref="i125"/></URDFElement><URDFElement z:Id="i126" i:type="SafetyController"><Attributes><Attribute z:Id="i127"><AttributeType>soft_upper_limit</AttributeType><IsRequired>false</IsRequired><Value i:nil="true"/></Attribute><Attribute z:Id="i128"><AttributeType>soft_lower_limit</AttributeType><IsRequired>false</IsRequired><Value i:nil="true"/></Attribute><Attribute z:Id="i129"><AttributeType>k_position</AttributeType><IsRequired>false</IsRequired><Value i:nil="true"/></Attribute><Attribute z:Id="i130"><AttributeType>k_velocity</AttributeType><IsRequired>true</IsRequired><Value i:nil="true"/></Attribute></Attributes><ChildElements/><ElementName>safety_controller</ElementName><required>false</required><KPositionAttribute z:Ref="i129"/><KVelocityAttribute z:Ref="i130"/><SoftLowerAttribute z:Ref="i128"/><SoftUpperAttribute z:Ref="i127"/></URDFElement><URDFElement z:Id="i131" i:type="Mimic"><Attributes><Attribute z:Id="i132"><AttributeType>joint</AttributeType><IsRequired>true</IsRequired><Value i:nil="true"/></Attribute><Attribute z:Id="i133"><AttributeType>multiplier</AttributeType><IsRequired>false</IsRequired><Value i:nil="true"/></Attribute><Attribute z:Id="i134"><AttributeType>offset</AttributeType><IsRequired>false</IsRequired><Value i:nil="true"/></Attribute></Attributes><ChildElements/><ElementName>mimic</ElementName><required>false</required><JointNameAttribute z:Ref="i132"/><MultiplierAttribute z:Ref="i133"/><OffsetAttribute z:Ref="i134"/></URDFElement></ChildElements><ElementName>joint</ElementName><required>false</required><Axis z:Ref="i113"/><AxisName>Axis1</AxisName><Calibration z:Ref="i120"/><Child z:Ref="i111"/><CoordinateSystemName>Coordinate System4</CoordinateSystemName><Dynamics z:Ref="i123"/><Limit z:Ref="i115"/><Mimic z:Ref="i131"/><NameAttribute z:Ref="i104"/><Origin z:Ref="i106"/><Parent z:Ref="i109"/><Safety z:Ref="i126"/><TypeAttribute z:Ref="i105"/></URDFElement></ChildElements><ElementName>link</ElementName><required>true</required><Children><Link z:Id="i135"><Attributes><Attribute z:Id="i136"><AttributeType>name</AttributeType><IsRequired>true</IsRequired><Value i:type="a:string" xmlns:a="http://www.w3.org/2001/XMLSchema">link_2</Value></Attribute></Attributes><ChildElements><URDFElement z:Id="i137" i:type="Inertial"><Attributes/><ChildElements><URDFElement z:Id="i138" i:type="Origin"><Attributes><Attribute z:Id="i139"><AttributeType>xyz</AttributeType><IsRequired>true</IsRequired><Value i:type="a:ArrayOfdouble" xmlns:a="http://schemas.microsoft.com/2003/10/Serialization/Arrays"><a:double>0</a:double><a:double>0</a:double><a:double>0</a:double></Value></Attribute><Attribute z:Id="i140"><AttributeType>rpy</AttributeType><IsRequired>true</IsRequired><Value i:type="a:ArrayOfdouble" xmlns:a="http://schemas.microsoft.com/2003/10/Serialization/Arrays"><a:double>0</a:double><a:double>0</a:double><a:double>0</a:double></Value></Attribute></Attributes><ChildElements/><ElementName>origin</ElementName><required>false</required><RPYAttribute z:Ref="i140"/><XYZAttribute z:Ref="i139"/><isCustomized>false</isCustomized></URDFElement><URDFElement z:Id="i141" i:type="Mass"><Attributes><Attribute z:Id="i142"><AttributeType>value</AttributeType><IsRequired>true</IsRequired><Value i:type="a:double" xmlns:a="http://www.w3.org/2001/XMLSchema">0</Value></Attribute></Attributes><ChildElements/><ElementName>mass</ElementName><required>false</required><ValueAttribute z:Ref="i142"/></URDFElement><URDFElement z:Id="i143" i:type="Inertia"><Attributes><Attribute z:Id="i144"><AttributeType>ixx</AttributeType><IsRequired>true</IsRequired><Value i:type="a:double" xmlns:a="http://www.w3.org/2001/XMLSchema">0</Value></Attribute><Attribute z:Id="i145"><AttributeType>ixy</AttributeType><IsRequired>true</IsRequired><Value i:type="a:double" xmlns:a="http://www.w3.org/2001/XMLSchema">0</Value></Attribute><Attribute z:Id="i146"><AttributeType>ixz</AttributeType><IsRequired>true</IsRequired><Value i:type="a:double" xmlns:a="http://www.w3.org/2001/XMLSchema">0</Value></Attribute><Attribute z:Id="i147"><AttributeType>iyy</AttributeType><IsRequired>true</IsRequired><Value i:type="a:double" xmlns:a="http://www.w3.org/2001/XMLSchema">0</Value></Attribute><Attribute z:Id="i148"><AttributeType>iyz</AttributeType><IsRequired>true</IsRequired><Value i:type="a:double" xmlns:a="http://www.w3.org/2001/XMLSchema">0</Value></Attribute><Attribute z:Id="i149"><AttributeType>izz</AttributeType><IsRequired>true</IsRequired><Value i:type="a:double" xmlns:a="http://www.w3.org/2001/XMLSchema">0</Value></Attribute></Attributes><ChildElements/><ElementName>inertia</ElementName><required>false</required><IxxAttribute z:Ref="i144"/><IxyAttribute z:Ref="i145"/><IxzAttribute z:Ref="i146"/><IyyAttribute z:Ref="i147"/><IyzAttribute z:Ref="i148"/><IzzAttribute z:Ref="i149"/></URDFElement></ChildElements><ElementName>inertial</ElementName><required>false</required><Inertia z:Ref="i143"/><Mass z:Ref="i141"/><Origin z:Ref="i138"/></URDFElement><URDFElement z:Id="i150" i:type="Visual"><Attributes/><ChildElements><URDFElement z:Id="i151" i:type="Origin"><Attributes><Attribute z:Id="i152"><AttributeType>xyz</AttributeType><IsRequired>true</IsRequired><Value i:type="a:ArrayOfdouble" xmlns:a="http://schemas.microsoft.com/2003/10/Serialization/Arrays"><a:double>0</a:double><a:double>0</a:double><a:double>0</a:double></Value></Attribute><Attribute z:Id="i153"><AttributeType>rpy</AttributeType><IsRequired>true</IsRequired><Value i:type="a:ArrayOfdouble" xmlns:a="http://schemas.microsoft.com/2003/10/Serialization/Arrays"><a:double>0</a:double><a:double>0</a:double><a:double>0</a:double></Value></Attribute></Attributes><ChildElements/><ElementName>origin</ElementName><required>false</required><RPYAttribute z:Ref="i153"/><XYZAttribute z:Ref="i152"/><isCustomized>false</isCustomized></URDFElement><URDFElement z:Id="i154" i:type="Geometry"><Attributes/><ChildElements><URDFElement z:Id="i155" i:type="Mesh"><Attributes><Attribute z:Id="i156"><AttributeType>filename</AttributeType><IsRequired>true</IsRequired><Value i:nil="true"/></Attribute></Attributes><ChildElements/><ElementName>mesh</ElementName><required>false</required><FilenameAttribute z:Ref="i156"/></URDFElement></ChildElements><ElementName>geometry</ElementName><required>true</required><Mesh z:Ref="i155"/></URDFElement><URDFElement z:Id="i157" i:type="Material"><Attributes><Attribute z:Id="i158"><AttributeType>name</AttributeType><IsRequired>true</IsRequired><Value i:type="a:string" xmlns:a="http://www.w3.org/2001/XMLSchema"/></Attribute></Attributes><ChildElements><URDFElement z:Id="i159" i:type="Color"><Attributes><Attribute z:Id="i160"><AttributeType>rgba</AttributeType><IsRequired>true</IsRequired><Value i:type="a:ArrayOfdouble" xmlns:a="http://schemas.microsoft.com/2003/10/Serialization/Arrays"><a:double>1</a:double><a:double>1</a:double><a:double>1</a:double><a:double>1</a:double></Value></Attribute></Attributes><ChildElements/><ElementName>color</ElementName><required>false</required><RGBAAttribute z:Ref="i160"/></URDFElement><URDFElement z:Id="i161" i:type="Texture"><Attributes><Attribute z:Id="i162"><AttributeType>filename</AttributeType><IsRequired>true</IsRequired><Value i:nil="true"/></Attribute></Attributes><ChildElements/><ElementName>texture</ElementName><required>false</required><FilenameAttribute z:Ref="i162"/><wFilename/></URDFElement></ChildElements><ElementName>material</ElementName><required>false</required><Color z:Ref="i159"/><NameAttribute z:Ref="i158"/><Texture z:Ref="i161"/></URDFElement></ChildElements><ElementName>visual</ElementName><required>false</required><Geometry z:Ref="i154"/><Material z:Ref="i157"/><Origin z:Ref="i151"/></URDFElement><URDFElement z:Id="i163" i:type="Collision"><Attributes/><ChildElements><URDFElement z:Id="i164" i:type="Origin"><Attributes><Attribute z:Id="i165"><AttributeType>xyz</AttributeType><IsRequired>true</IsRequired><Value i:type="a:ArrayOfdouble" xmlns:a="http://schemas.microsoft.com/2003/10/Serialization/Arrays"><a:double>0</a:double><a:double>0</a:double><a:double>0</a:double></Value></Attribute><Attribute z:Id="i166"><AttributeType>rpy</AttributeType><IsRequired>true</IsRequired><Value i:type="a:ArrayOfdouble" xmlns:a="http://schemas.microsoft.com/2003/10/Serialization/Arrays"><a:double>0</a:double><a:double>0</a:double><a:double>0</a:double></Value></Attribute></Attributes><ChildElements/><ElementName>origin</ElementName><required>false</required><RPYAttribute z:Ref="i166"/><XYZAttribute z:Ref="i165"/><isCustomized>false</isCustomized></URDFElement><URDFElement z:Id="i167" i:type="Geometry"><Attributes/><ChildElements><URDFElement z:Id="i168" i:type="Mesh"><Attributes><Attribute z:Id="i169"><AttributeType>filename</AttributeType><IsRequired>true</IsRequired><Value i:nil="true"/></Attribute></Attributes><ChildElements/><ElementName>mesh</ElementName><required>false</required><FilenameAttribute z:Ref="i169"/></URDFElement></ChildElements><ElementName>geometry</ElementName><required>true</required><Mesh z:Ref="i168"/></URDFElement></ChildElements><ElementName>collision</ElementName><required>false</required><Geometry z:Ref="i167"/><Origin z:Ref="i164"/></URDFElement><URDFElement z:Id="i170" i:type="Joint"><Attributes><Attribute z:Id="i171"><AttributeType>name</AttributeType><IsRequired>true</IsRequired><Value i:type="a:string" xmlns:a="http://www.w3.org/2001/XMLSchema">Revolute1</Value></Attribute><Attribute z:Id="i172"><AttributeType>type</AttributeType><IsRequired>true</IsRequired><Value i:type="a:string" xmlns:a="http://www.w3.org/2001/XMLSchema">revolute</Value></Attribute></Attributes><ChildElements><URDFElement z:Id="i173" i:type="Origin"><Attributes><Attribute z:Id="i174"><AttributeType>xyz</AttributeType><IsRequired>true</IsRequired><Value i:type="a:ArrayOfdouble" xmlns:a="http://schemas.microsoft.com/2003/10/Serialization/Arrays"><a:double>0</a:double><a:double>0</a:double><a:double>0</a:double></Value></Attribute><Attribute z:Id="i175"><AttributeType>rpy</AttributeType><IsRequired>true</IsRequired><Value i:type="a:ArrayOfdouble" xmlns:a="http://schemas.microsoft.com/2003/10/Serialization/Arrays"><a:double>0</a:double><a:double>0</a:double><a:double>0</a:double></Value></Attribute></Attributes><ChildElements/><ElementName>origin</ElementName><required>false</required><RPYAttribute z:Ref="i175"/><XYZAttribute z:Ref="i174"/><isCustomized>false</isCustomized></URDFElement><URDFElement z:Id="i176" i:type="ParentLink"><Attributes><Attribute z:Id="i177"><AttributeType>link</AttributeType><IsRequired>true</IsRequired><Value i:type="a:string" xmlns:a="http://www.w3.org/2001/XMLSchema"/></Attribute></Attributes><ChildElements/><ElementName>parent</ElementName><required>true</required><NameAttribute z:Ref="i177"/></URDFElement><URDFElement z:Id="i178" i:type="ChildLink"><Attributes><Attribute z:Id="i179"><AttributeType>link</AttributeType><IsRequired>true</IsRequired><Value i:type="a:string" xmlns:a="http://www.w3.org/2001/XMLSchema"/></Attribute></Attributes><ChildElements/><ElementName>child</ElementName><required>true</required><NameAttribute z:Ref="i179"/></URDFElement><URDFElement z:Id="i180" i:type="Axis"><Attributes><Attribute z:Id="i181"><AttributeType>xyz</AttributeType><IsRequired>true</IsRequired><Value i:type="a:ArrayOfdouble" xmlns:a="http://schemas.microsoft.com/2003/10/Serialization/Arrays"><a:double>0</a:double><a:double>0</a:double><a:double>0</a:double></Value></Attribute></Attributes><ChildElements/><ElementName>axis</ElementName><required>false</required><XYZAttribute z:Ref="i181"/></URDFElement><URDFElement z:Id="i182" i:type="Limit"><Attributes><Attribute z:Id="i183"><AttributeType>lower</AttributeType><IsRequired>false</IsRequired><Value i:nil="true"/></Attribute><Attribute z:Id="i184"><AttributeType>upper</AttributeType><IsRequired>false</IsRequired><Value i:nil="true"/></Attribute><Attribute z:Id="i185"><AttributeType>effort</AttributeType><IsRequired>true</IsRequired><Value i:nil="true"/></Attribute><Attribute z:Id="i186"><AttributeType>velocity</AttributeType><IsRequired>true</IsRequired><Value i:nil="true"/></Attribute></Attributes><ChildElements/><ElementName>limit</ElementName><required>false</required><EffortAttribute z:Ref="i185"/><LowerAttribute z:Ref="i183"/><UpperAttribute z:Ref="i184"/><VelocityAttribute z:Ref="i186"/></URDFElement><URDFElement z:Id="i187" i:type="Calibration"><Attributes><Attribute z:Id="i188"><AttributeType>rising</AttributeType><IsRequired>false</IsRequired><Value i:nil="true"/></Attribute><Attribute z:Id="i189"><AttributeType>falling</AttributeType><IsRequired>false</IsRequired><Value i:nil="true"/></Attribute></Attributes><ChildElements/><ElementName>calibration</ElementName><required>false</required><FallingAttribute z:Ref="i189"/><RisingAttribute z:Ref="i188"/></URDFElement><URDFElement z:Id="i190" i:type="Dynamics"><Attributes><Attribute z:Id="i191"><AttributeType>damping</AttributeType><IsRequired>false</IsRequired><Value i:nil="true"/></Attribute><Attribute z:Id="i192"><AttributeType>friction</AttributeType><IsRequired>false</IsRequired><Value i:nil="true"/></Attribute></Attributes><ChildElements/><ElementName>dynamics</ElementName><required>false</required><DampingAttribute z:Ref="i191"/><FrictionAttribute z:Ref="i192"/></URDFElement><URDFElement z:Id="i193" i:type="SafetyController"><Attributes><Attribute z:Id="i194"><AttributeType>soft_upper_limit</AttributeType><IsRequired>false</IsRequired><Value i:nil="true"/></Attribute><Attribute z:Id="i195"><AttributeType>soft_lower_limit</AttributeType><IsRequired>false</IsRequired><Value i:nil="true"/></Attribute><Attribute z:Id="i196"><AttributeType>k_position</AttributeType><IsRequired>false</IsRequired><Value i:nil="true"/></Attribute><Attribute z:Id="i197"><AttributeType>k_velocity</AttributeType><IsRequired>true</IsRequired><Value i:nil="true"/></Attribute></Attributes><ChildElements/><ElementName>safety_controller</ElementName><required>false</required><KPositionAttribute z:Ref="i196"/><KVelocityAttribute z:Ref="i197"/><SoftLowerAttribute z:Ref="i195"/><SoftUpperAttribute z:Ref="i194"/></URDFElement><URDFElement z:Id="i198" i:type="Mimic"><Attributes><Attribute z:Id="i199"><AttributeType>joint</AttributeType><IsRequired>true</IsRequired><Value i:nil="true"/></Attribute><Attribute z:Id="i200"><AttributeType>multiplier</AttributeType><IsRequired>false</IsRequired><Value i:nil="true"/></Attribute><Attribute z:Id="i201"><AttributeType>offset</AttributeType><IsRequired>false</IsRequired><Value i:nil="true"/></Attribute></Attributes><ChildElements/><ElementName>mimic</ElementName><required>false</required><JointNameAttribute z:Ref="i199"/><MultiplierAttribute z:Ref="i200"/><OffsetAttribute z:Ref="i201"/></URDFElement></ChildElements><ElementName>joint</ElementName><required>false</required><Axis z:Ref="i180"/><AxisName>Axis2</AxisName><Calibration z:Ref="i187"/><Child z:Ref="i178"/><CoordinateSystemName>Coordinate System5</CoordinateSystemName><Dynamics z:Ref="i190"/><Limit z:Ref="i182"/><Mimic z:Ref="i198"/><NameAttribute z:Ref="i171"/><Origin z:Ref="i173"/><Parent z:Ref="i176"/><Safety z:Ref="i193"/><TypeAttribute z:Ref="i172"/></URDFElement></ChildElements><ElementName>link</ElementName><required>true</required><Children><Link z:Id="i202"><Attributes><Attribute z:Id="i203"><AttributeType>name</AttributeType><IsRequired>true</IsRequired><Value i:type="a:string" xmlns:a="http://www.w3.org/2001/XMLSchema">link_3</Value></Attribute></Attributes><ChildElements><URDFElement z:Id="i204" i:type="Inertial"><Attributes/><ChildElements><URDFElement z:Id="i205" i:type="Origin"><Attributes><Attribute z:Id="i206"><AttributeType>xyz</AttributeType><IsRequired>true</IsRequired><Value i:type="a:ArrayOfdouble" xmlns:a="http://schemas.microsoft.com/2003/10/Serialization/Arrays"><a:double>0</a:double><a:double>0</a:double><a:double>0</a:double></Value></Attribute><Attribute z:Id="i207"><AttributeType>rpy</AttributeType><IsRequired>true</IsRequired><Value i:type="a:ArrayOfdouble" xmlns:a="http://schemas.microsoft.com/2003/10/Serialization/Arrays"><a:double>0</a:double><a:double>0</a:double><a:double>0</a:double></Value></Attribute></Attributes><ChildElements/><ElementName>origin</ElementName><required>false</required><RPYAttribute z:Ref="i207"/><XYZAttribute z:Ref="i206"/><isCustomized>false</isCustomized></URDFElement><URDFElement z:Id="i208" i:type="Mass"><Attributes><Attribute z:Id="i209"><AttributeType>value</AttributeType><IsRequired>true</IsRequired><Value i:type="a:double" xmlns:a="http://www.w3.org/2001/XMLSchema">0</Value></Attribute></Attributes><ChildElements/><ElementName>mass</ElementName><required>false</required><ValueAttribute z:Ref="i209"/></URDFElement><URDFElement z:Id="i210" i:type="Inertia"><Attributes><Attribute z:Id="i211"><AttributeType>ixx</AttributeType><IsRequired>true</IsRequired><Value i:type="a:double" xmlns:a="http://www.w3.org/2001/XMLSchema">0</Value></Attribute><Attribute z:Id="i212"><AttributeType>ixy</AttributeType><IsRequired>true</IsRequired><Value i:type="a:double" xmlns:a="http://www.w3.org/2001/XMLSchema">0</Value></Attribute><Attribute z:Id="i213"><AttributeType>ixz</AttributeType><IsRequired>true</IsRequired><Value i:type="a:double" xmlns:a="http://www.w3.org/2001/XMLSchema">0</Value></Attribute><Attribute z:Id="i214"><AttributeType>iyy</AttributeType><IsRequired>true</IsRequired><Value i:type="a:double" xmlns:a="http://www.w3.org/2001/XMLSchema">0</Value></Attribute><Attribute z:Id="i215"><AttributeType>iyz</AttributeType><IsRequired>true</IsRequired><Value i:type="a:double" xmlns:a="http://www.w3.org/2001/XMLSchema">0</Value></Attribute><Attribute z:Id="i216"><AttributeType>izz</AttributeType><IsRequired>true</IsRequired><Value i:type="a:double" xmlns:a="http://www.w3.org/2001/XMLSchema">0</Value></Attribute></Attributes><ChildElements/><ElementName>inertia</ElementName><required>false</required><IxxAttribute z:Ref="i211"/><IxyAttribute z:Ref="i212"/><IxzAttribute z:Ref="i213"/><IyyAttribute z:Ref="i214"/><IyzAttribute z:Ref="i215"/><IzzAttribute z:Ref="i216"/></URDFElement></ChildElements><ElementName>inertial</ElementName><required>false</required><Inertia z:Ref="i210"/><Mass z:Ref="i208"/><Origin z:Ref="i205"/></URDFElement><URDFElement z:Id="i217" i:type="Visual"><Attributes/><ChildElements><URDFElement z:Id="i218" i:type="Origin"><Attributes><Attribute z:Id="i219"><AttributeType>xyz</AttributeType><IsRequired>true</IsRequired><Value i:type="a:ArrayOfdouble" xmlns:a="http://schemas.microsoft.com/2003/10/Serialization/Arrays"><a:double>0</a:double><a:double>0</a:double><a:double>0</a:double></Value></Attribute><Attribute z:Id="i220"><AttributeType>rpy</AttributeType><IsRequired>true</IsRequired><Value i:type="a:ArrayOfdouble" xmlns:a="http://schemas.microsoft.com/2003/10/Serialization/Arrays"><a:double>0</a:double><a:double>0</a:double><a:double>0</a:double></Value></Attribute></Attributes><ChildElements/><ElementName>origin</ElementName><required>false</required><RPYAttribute z:Ref="i220"/><XYZAttribute z:Ref="i219"/><isCustomized>false</isCustomized></URDFElement><URDFElement z:Id="i221" i:type="Geometry"><Attributes/><ChildElements><URDFElement z:Id="i222" i:type="Mesh"><Attributes><Attribute z:Id="i223"><AttributeType>filename</AttributeType><IsRequired>true</IsRequired><Value i:nil="true"/></Attribute></Attributes><ChildElements/><ElementName>mesh</ElementName><required>false</required><FilenameAttribute z:Ref="i223"/></URDFElement></ChildElements><ElementName>geometry</ElementName><required>true</required><Mesh z:Ref="i222"/></URDFElement><URDFElement z:Id="i224" i:type="Material"><Attributes><Attribute z:Id="i225"><AttributeType>name</AttributeType><IsRequired>true</IsRequired><Value i:type="a:string" xmlns:a="http://www.w3.org/2001/XMLSchema"/></Attribute></Attributes><ChildElements><URDFElement z:Id="i226" i:type="Color"><Attributes><Attribute z:Id="i227"><AttributeType>rgba</AttributeType><IsRequired>true</IsRequired><Value i:type="a:ArrayOfdouble" xmlns:a="http://schemas.microsoft.com/2003/10/Serialization/Arrays"><a:double>1</a:double><a:double>1</a:double><a:double>1</a:double><a:double>1</a:double></Value></Attribute></Attributes><ChildElements/><ElementName>color</ElementName><required>false</required><RGBAAttribute z:Ref="i227"/></URDFElement><URDFElement z:Id="i228" i:type="Texture"><Attributes><Attribute z:Id="i229"><AttributeType>filename</AttributeType><IsRequired>true</IsRequired><Value i:nil="true"/></Attribute></Attributes><ChildElements/><ElementName>texture</ElementName><required>false</required><FilenameAttribute z:Ref="i229"/><wFilename/></URDFElement></ChildElements><ElementName>material</ElementName><required>false</required><Color z:Ref="i226"/><NameAttribute z:Ref="i225"/><Texture z:Ref="i228"/></URDFElement></ChildElements><ElementName>visual</ElementName><required>false</required><Geometry z:Ref="i221"/><Material z:Ref="i224"/><Origin z:Ref="i218"/></URDFElement><URDFElement z:Id="i230" i:type="Collision"><Attributes/><ChildElements><URDFElement z:Id="i231" i:type="Origin"><Attributes><Attribute z:Id="i232"><AttributeType>xyz</AttributeType><IsRequired>true</IsRequired><Value i:type="a:ArrayOfdouble" xmlns:a="http://schemas.microsoft.com/2003/10/Serialization/Arrays"><a:double>0</a:double><a:double>0</a:double><a:double>0</a:double></Value></Attribute><Attribute z:Id="i233"><AttributeType>rpy</AttributeType><IsRequired>true</IsRequired><Value i:type="a:ArrayOfdouble" xmlns:a="http://schemas.microsoft.com/2003/10/Serialization/Arrays"><a:double>0</a:double><a:double>0</a:double><a:double>0</a:double></Value></Attribute></Attributes><ChildElements/><ElementName>origin</ElementName><required>false</required><RPYAttribute z:Ref="i233"/><XYZAttribute z:Ref="i232"/><isCustomized>false</isCustomized></URDFElement><URDFElement z:Id="i234" i:type="Geometry"><Attributes/><ChildElements><URDFElement z:Id="i235" i:type="Mesh"><Attributes><Attribute z:Id="i236"><AttributeType>filename</AttributeType><IsRequired>true</IsRequired><Value i:nil="true"/></Attribute></Attributes><ChildElements/><ElementName>mesh</ElementName><required>false</required><FilenameAttribute z:Ref="i236"/></URDFElement></ChildElements><ElementName>geometry</ElementName><required>true</required><Mesh z:Ref="i235"/></URDFElement></ChildElements><ElementName>collision</ElementName><required>false</required><Geometry z:Ref="i234"/><Origin z:Ref="i231"/></URDFElement><URDFElement z:Id="i237" i:type="Joint"><Attributes><Attribute z:Id="i238"><AttributeType>name</AttributeType><IsRequired>true</IsRequired><Value i:type="a:string" xmlns:a="http://www.w3.org/2001/XMLSchema">Revolute2</Value></Attribute><Attribute z:Id="i239"><AttributeType>type</AttributeType><IsRequired>true</IsRequired><Value i:type="a:string" xmlns:a="http://www.w3.org/2001/XMLSchema">revolute</Value></Attribute></Attributes><ChildElements><URDFElement z:Id="i240" i:type="Origin"><Attributes><Attribute z:Id="i241"><AttributeType>xyz</AttributeType><IsRequired>true</IsRequired><Value i:type="a:ArrayOfdouble" xmlns:a="http://schemas.microsoft.com/2003/10/Serialization/Arrays"><a:double>0</a:double><a:double>0</a:double><a:double>0</a:double></Value></Attribute><Attribute z:Id="i242"><AttributeType>rpy</AttributeType><IsRequired>true</IsRequired><Value i:type="a:ArrayOfdouble" xmlns:a="http://schemas.microsoft.com/2003/10/Serialization/Arrays"><a:double>0</a:double><a:double>0</a:double><a:double>0</a:double></Value></Attribute></Attributes><ChildElements/><ElementName>origin</ElementName><required>false</required><RPYAttribute z:Ref="i242"/><XYZAttribute z:Ref="i241"/><isCustomized>false</isCustomized></URDFElement><URDFElement z:Id="i243" i:type="ParentLink"><Attributes><Attribute z:Id="i244"><AttributeType>link</AttributeType><IsRequired>true</IsRequired><Value i:type="a:string" xmlns:a="http://www.w3.org/2001/XMLSchema"/></Attribute></Attributes><ChildElements/><ElementName>parent</ElementName><required>true</required><NameAttribute z:Ref="i244"/></URDFElement><URDFElement z:Id="i245" i:type="ChildLink"><Attributes><Attribute z:Id="i246"><AttributeType>link</AttributeType><IsRequired>true</IsRequired><Value i:type="a:string" xmlns:a="http://www.w3.org/2001/XMLSchema"/></Attribute></Attributes><ChildElements/><ElementName>child</ElementName><required>true</required><NameAttribute z:Ref="i246"/></URDFElement><URDFElement z:Id="i247" i:type="Axis"><Attributes><Attribute z:Id="i248"><AttributeType>xyz</AttributeType><IsRequired>true</IsRequired><Value i:type="a:ArrayOfdouble" xmlns:a="http://schemas.microsoft.com/2003/10/Serialization/Arrays"><a:double>0</a:double><a:double>0</a:double><a:double>0</a:double></Value></Attribute></Attributes><ChildElements/><ElementName>axis</ElementName><required>false</required><XYZAttribute z:Ref="i248"/></URDFElement><URDFElement z:Id="i249" i:type="Limit"><Attributes><Attribute z:Id="i250"><AttributeType>lower</AttributeType><IsRequired>false</IsRequired><Value i:nil="true"/></Attribute><Attribute z:Id="i251"><AttributeType>upper</AttributeType><IsRequired>false</IsRequired><Value i:nil="true"/></Attribute><Attribute z:Id="i252"><AttributeType>effort</AttributeType><IsRequired>true</IsRequired><Value i:nil="true"/></Attribute><Attribute z:Id="i253"><AttributeType>velocity</AttributeType><IsRequired>true</IsRequired><Value i:nil="true"/></Attribute></Attributes><ChildElements/><ElementName>limit</ElementName><required>false</required><EffortAttribute z:Ref="i252"/><LowerAttribute z:Ref="i250"/><UpperAttribute z:Ref="i251"/><VelocityAttribute z:Ref="i253"/></URDFElement><URDFElement z:Id="i254" i:type="Calibration"><Attributes><Attribute z:Id="i255"><AttributeType>rising</AttributeType><IsRequired>false</IsRequired><Value i:nil="true"/></Attribute><Attribute z:Id="i256"><AttributeType>falling</AttributeType><IsRequired>false</IsRequired><Value i:nil="true"/></Attribute></Attributes><ChildElements/><ElementName>calibration</ElementName><required>false</required><FallingAttribute z:Ref="i256"/><RisingAttribute z:Ref="i255"/></URDFElement><URDFElement z:Id="i257" i:type="Dynamics"><Attributes><Attribute z:Id="i258"><AttributeType>damping</AttributeType><IsRequired>false</IsRequired><Value i:nil="true"/></Attribute><Attribute z:Id="i259"><AttributeType>friction</AttributeType><IsRequired>false</IsRequired><Value i:nil="true"/></Attribute></Attributes><ChildElements/><ElementName>dynamics</ElementName><required>false</required><DampingAttribute z:Ref="i258"/><FrictionAttribute z:Ref="i259"/></URDFElement><URDFElement z:Id="i260" i:type="SafetyController"><Attributes><Attribute z:Id="i261"><AttributeType>soft_upper_limit</AttributeType><IsRequired>false</IsRequired><Value i:nil="true"/></Attribute><Attribute z:Id="i262"><AttributeType>soft_lower_limit</AttributeType><IsRequired>false</IsRequired><Value i:nil="true"/></Attribute><Attribute z:Id="i263"><AttributeType>k_position</AttributeType><IsRequired>false</IsRequired><Value i:nil="true"/></Attribute><Attribute z:Id="i264"><AttributeType>k_velocity</AttributeType><IsRequired>true</IsRequired><Value i:nil="true"/></Attribute></Attributes><ChildElements/><ElementName>safety_controller</ElementName><required>false</required><KPositionAttribute z:Ref="i263"/><KVelocityAttribute z:Ref="i264"/><SoftLowerAttribute z:Ref="i262"/><SoftUpperAttribute z:Ref="i261"/></URDFElement><URDFElement z:Id="i265" i:type="Mimic"><Attributes><Attribute z:Id="i266"><AttributeType>joint</AttributeType><IsRequired>true</IsRequired><Value i:nil="true"/></Attribute><Attribute z:Id="i267"><AttributeType>multiplier</AttributeType><IsRequired>false</IsRequired><Value i:nil="true"/></Attribute><Attribute z:Id="i268"><AttributeType>offset</AttributeType><IsRequired>false</IsRequired><Value i:nil="true"/></Attribute></Attributes><ChildElements/><ElementName>mimic</ElementName><required>false</required><JointNameAttribute z:Ref="i266"/><MultiplierAttribute z:Ref="i267"/><OffsetAttribute z:Ref="i268"/></URDFElement></ChildElements><ElementName>joint</ElementName><required>false</required><Axis z:Ref="i247"/><AxisName>Axis3</AxisName><Calibration z:Ref="i254"/><Child z:Ref="i245"/><CoordinateSystemName>Coordinate System6</CoordinateSystemName><Dynamics z:Ref="i257"/><Limit z:Ref="i249"/><Mimic z:Ref="i265"/><NameAttribute z:Ref="i238"/><Origin z:Ref="i240"/><Parent z:Ref="i243"/><Safety z:Ref="i260"/><TypeAttribute z:Ref="i239"/></URDFElement></ChildElements><ElementName>link</ElementName><required>true</required><Children/><Collision z:Ref="i230"/><Inertial z:Ref="i204"/><Joint z:Ref="i237"/><NameAttribute z:Ref="i203"/><Parent z:Ref="i135"/><STLQualityFine>false</STLQualityFine><SWComponentPIDs xmlns:a="http://schemas.microsoft.com/2003/10/Serialization/Arrays"><a:base64Binary>UEYAAAUAAAD//v8KbABpAG4AawAgADMALQAxAEAAMQAEAAAAEAAAAAEAAAABAAAAJQAAAA==</a:base64Binary></SWComponentPIDs><SWMainComponentPID i:nil="true"/><Visual z:Ref="i217"/><isFixedFrame>false</isFixedFrame><isIncomplete>false</isIncomplete></Link></Children><Collision z:Ref="i163"/><Inertial z:Ref="i137"/><Joint z:Ref="i170"/><NameAttribute z:Ref="i136"/><Parent z:Ref="i68"/><STLQualityFine>false</STLQualityFine><SWComponentPIDs xmlns:a="http://schemas.microsoft.com/2003/10/Serialization/Arrays"><a:base64Binary>UEYAAAUAAAD//v8KbABpAG4AawAgADIALQAxAEAAMQAEAAAAEAAAAAEAAAABAAAAIgAAAA==</a:base64Binary></SWComponentPIDs><SWMainComponentPID i:nil="true"/><Visual z:Ref="i150"/><isFixedFrame>false</isFixedFrame><isIncomplete>false</isIncomplete></Link></Children><Collision z:Ref="i96"/><Inertial z:Ref="i70"/><Joint z:Ref="i103"/><NameAttribute z:Ref="i69"/><Parent z:Ref="i1"/><STLQualityFine>false</STLQualityFine><SWComponentPIDs xmlns:a="http://schemas.microsoft.com/2003/10/Serialization/Arrays"><a:base64Binary>UEYAAAUAAAD//v8KbABpAG4AawAgADEALQAxAEAAMQAEAAAAEAAAAAEAAAABAAAAHwAAAA==</a:base64Binary></SWComponentPIDs><SWMainComponentPID i:nil="true"/><Visual z:Ref="i83"/><isFixedFrame>false</isFixedFrame><isIncomplete>false</isIncomplete></Link></Children><Collision z:Ref="i29"/><Inertial z:Ref="i3"/><Joint z:Ref="i36"/><NameAttribute z:Ref="i2"/><Parent i:nil="true"/><STLQualityFine>false</STLQualityFine><SWComponentPIDs xmlns:a="http://schemas.microsoft.com/2003/10/Serialization/Arrays"><a:base64Binary>UEYAAAUAAAD//v8NYgBhAHMAZQAgAGwAaQBuAGsALQAyAEAAMQAEAAAAEAAAAAEAAAABAAAAHAAAAA==</a:base64Binary></SWComponentPIDs><SWMainComponentPID i:nil="true"/><Visual z:Ref="i16"/><isFixedFrame>false</isFixedFrame><isIncomplete>false</isIncomplete></Link>
2025-09-14 10:00:37,138 INFO  AssemblyExportForm.cs: 253 - Completing URDF export
2025-09-14 10:00:37,141 INFO  ConfigurationSerialization.cs: 276 - URDF Configuration found
<Link z:Id="i1" xmlns="http://schemas.datacontract.org/2004/07/SW2URDF" xmlns:i="http://www.w3.org/2001/XMLSchema-instance" xmlns:z="http://schemas.microsoft.com/2003/10/Serialization/"><Attributes><Attribute z:Id="i2"><AttributeType>name</AttributeType><IsRequired>true</IsRequired><Value i:type="a:string" xmlns:a="http://www.w3.org/2001/XMLSchema">base_link</Value></Attribute></Attributes><ChildElements><URDFElement z:Id="i3" i:type="Inertial"><Attributes/><ChildElements><URDFElement z:Id="i4" i:type="Origin"><Attributes><Attribute z:Id="i5"><AttributeType>xyz</AttributeType><IsRequired>true</IsRequired><Value i:type="a:ArrayOfdouble" xmlns:a="http://schemas.microsoft.com/2003/10/Serialization/Arrays"><a:double>0.0001726215745982973</a:double><a:double>-0.012486775353969803</a:double><a:double>1.2490009027033011E-16</a:double></Value></Attribute><Attribute z:Id="i6"><AttributeType>rpy</AttributeType><IsRequired>true</IsRequired><Value i:type="a:ArrayOfdouble" xmlns:a="http://schemas.microsoft.com/2003/10/Serialization/Arrays"><a:double>0</a:double><a:double>0</a:double><a:double>0</a:double></Value></Attribute></Attributes><ChildElements/><ElementName>origin</ElementName><required>false</required><RPYAttribute z:Ref="i6"/><XYZAttribute z:Ref="i5"/><isCustomized>false</isCustomized></URDFElement><URDFElement z:Id="i7" i:type="Mass"><Attributes><Attribute z:Id="i8"><AttributeType>value</AttributeType><IsRequired>true</IsRequired><Value i:type="a:double" xmlns:a="http://www.w3.org/2001/XMLSchema">0.18525828644380155</Value></Attribute></Attributes><ChildElements/><ElementName>mass</ElementName><required>false</required><ValueAttribute z:Ref="i8"/></URDFElement><URDFElement z:Id="i9" i:type="Inertia"><Attributes><Attribute z:Id="i10"><AttributeType>ixx</AttributeType><IsRequired>true</IsRequired><Value i:type="a:double" xmlns:a="http://www.w3.org/2001/XMLSchema">0.00013682137375397964</Value></Attribute><Attribute z:Id="i11"><AttributeType>ixy</AttributeType><IsRequired>true</IsRequired><Value i:type="a:double" xmlns:a="http://www.w3.org/2001/XMLSchema">4.7664113478309233E-07</Value></Attribute><Attribute z:Id="i12"><AttributeType>ixz</AttributeType><IsRequired>true</IsRequired><Value i:type="a:double" xmlns:a="http://www.w3.org/2001/XMLSchema">-5.5693310615540541E-18</Value></Attribute><Attribute z:Id="i13"><AttributeType>iyy</AttributeType><IsRequired>true</IsRequired><Value i:type="a:double" xmlns:a="http://www.w3.org/2001/XMLSchema">0.000243359260792958</Value></Attribute><Attribute z:Id="i14"><AttributeType>iyz</AttributeType><IsRequired>true</IsRequired><Value i:type="a:double" xmlns:a="http://www.w3.org/2001/XMLSchema">-4.7929605110517609E-18</Value></Attribute><Attribute z:Id="i15"><AttributeType>izz</AttributeType><IsRequired>true</IsRequired><Value i:type="a:double" xmlns:a="http://www.w3.org/2001/XMLSchema">0.00013608042295565939</Value></Attribute></Attributes><ChildElements/><ElementName>inertia</ElementName><required>false</required><IxxAttribute z:Ref="i10"/><IxyAttribute z:Ref="i11"/><IxzAttribute z:Ref="i12"/><IyyAttribute z:Ref="i13"/><IyzAttribute z:Ref="i14"/><IzzAttribute z:Ref="i15"/></URDFElement></ChildElements><ElementName>inertial</ElementName><required>false</required><Inertia z:Ref="i9"/><Mass z:Ref="i7"/><Origin z:Ref="i4"/></URDFElement><URDFElement z:Id="i16" i:type="Visual"><Attributes/><ChildElements><URDFElement z:Id="i17" i:type="Origin"><Attributes><Attribute z:Id="i18"><AttributeType>xyz</AttributeType><IsRequired>true</IsRequired><Value i:type="a:ArrayOfdouble" xmlns:a="http://schemas.microsoft.com/2003/10/Serialization/Arrays"><a:double>0</a:double><a:double>0</a:double><a:double>0</a:double></Value></Attribute><Attribute z:Id="i19"><AttributeType>rpy</AttributeType><IsRequired>true</IsRequired><Value i:type="a:ArrayOfdouble" xmlns:a="http://schemas.microsoft.com/2003/10/Serialization/Arrays"><a:double>0</a:double><a:double>0</a:double><a:double>0</a:double></Value></Attribute></Attributes><ChildElements/><ElementName>origin</ElementName><required>false</required><RPYAttribute z:Ref="i19"/><XYZAttribute z:Ref="i18"/><isCustomized>false</isCustomized></URDFElement><URDFElement z:Id="i20" i:type="Geometry"><Attributes/><ChildElements><URDFElement z:Id="i21" i:type="Mesh"><Attributes><Attribute z:Id="i22"><AttributeType>filename</AttributeType><IsRequired>true</IsRequired><Value i:nil="true"/></Attribute></Attributes><ChildElements/><ElementName>mesh</ElementName><required>false</required><FilenameAttribute z:Ref="i22"/></URDFElement></ChildElements><ElementName>geometry</ElementName><required>true</required><Mesh z:Ref="i21"/></URDFElement><URDFElement z:Id="i23" i:type="Material"><Attributes><Attribute z:Id="i24"><AttributeType>name</AttributeType><IsRequired>true</IsRequired><Value i:type="a:string" xmlns:a="http://www.w3.org/2001/XMLSchema"/></Attribute></Attributes><ChildElements><URDFElement z:Id="i25" i:type="Color"><Attributes><Attribute z:Id="i26"><AttributeType>rgba</AttributeType><IsRequired>true</IsRequired><Value i:type="a:ArrayOfdouble" xmlns:a="http://schemas.microsoft.com/2003/10/Serialization/Arrays"><a:double>0.792156862745098</a:double><a:double>0.81960784313725488</a:double><a:double>0.93333333333333335</a:double><a:double>1</a:double></Value></Attribute></Attributes><ChildElements/><ElementName>color</ElementName><required>false</required><RGBAAttribute z:Ref="i26"/></URDFElement><URDFElement z:Id="i27" i:type="Texture"><Attributes><Attribute z:Id="i28"><AttributeType>filename</AttributeType><IsRequired>true</IsRequired><Value i:nil="true"/></Attribute></Attributes><ChildElements/><ElementName>texture</ElementName><required>false</required><FilenameAttribute z:Ref="i28"/><wFilename/></URDFElement></ChildElements><ElementName>material</ElementName><required>false</required><Color z:Ref="i25"/><NameAttribute z:Ref="i24"/><Texture z:Ref="i27"/></URDFElement></ChildElements><ElementName>visual</ElementName><required>false</required><Geometry z:Ref="i20"/><Material z:Ref="i23"/><Origin z:Ref="i17"/></URDFElement><URDFElement z:Id="i29" i:type="Collision"><Attributes/><ChildElements><URDFElement z:Id="i30" i:type="Origin"><Attributes><Attribute z:Id="i31"><AttributeType>xyz</AttributeType><IsRequired>true</IsRequired><Value i:type="a:ArrayOfdouble" xmlns:a="http://schemas.microsoft.com/2003/10/Serialization/Arrays"><a:double>0</a:double><a:double>0</a:double><a:double>0</a:double></Value></Attribute><Attribute z:Id="i32"><AttributeType>rpy</AttributeType><IsRequired>true</IsRequired><Value i:type="a:ArrayOfdouble" xmlns:a="http://schemas.microsoft.com/2003/10/Serialization/Arrays"><a:double>0</a:double><a:double>0</a:double><a:double>0</a:double></Value></Attribute></Attributes><ChildElements/><ElementName>origin</ElementName><required>false</required><RPYAttribute z:Ref="i32"/><XYZAttribute z:Ref="i31"/><isCustomized>false</isCustomized></URDFElement><URDFElement z:Id="i33" i:type="Geometry"><Attributes/><ChildElements><URDFElement z:Id="i34" i:type="Mesh"><Attributes><Attribute z:Id="i35"><AttributeType>filename</AttributeType><IsRequired>true</IsRequired><Value i:nil="true"/></Attribute></Attributes><ChildElements/><ElementName>mesh</ElementName><required>false</required><FilenameAttribute z:Ref="i35"/></URDFElement></ChildElements><ElementName>geometry</ElementName><required>true</required><Mesh z:Ref="i34"/></URDFElement></ChildElements><ElementName>collision</ElementName><required>false</required><Geometry z:Ref="i33"/><Origin z:Ref="i30"/></URDFElement><URDFElement z:Id="i36" i:type="Joint"><Attributes><Attribute z:Id="i37"><AttributeType>name</AttributeType><IsRequired>true</IsRequired><Value i:type="a:string" xmlns:a="http://www.w3.org/2001/XMLSchema"/></Attribute><Attribute z:Id="i38"><AttributeType>type</AttributeType><IsRequired>true</IsRequired><Value i:type="a:string" xmlns:a="http://www.w3.org/2001/XMLSchema"/></Attribute></Attributes><ChildElements><URDFElement z:Id="i39" i:type="Origin"><Attributes><Attribute z:Id="i40"><AttributeType>xyz</AttributeType><IsRequired>true</IsRequired><Value i:type="a:ArrayOfdouble" xmlns:a="http://schemas.microsoft.com/2003/10/Serialization/Arrays"><a:double>0</a:double><a:double>0</a:double><a:double>0</a:double></Value></Attribute><Attribute z:Id="i41"><AttributeType>rpy</AttributeType><IsRequired>true</IsRequired><Value i:type="a:ArrayOfdouble" xmlns:a="http://schemas.microsoft.com/2003/10/Serialization/Arrays"><a:double>0</a:double><a:double>0</a:double><a:double>0</a:double></Value></Attribute></Attributes><ChildElements/><ElementName>origin</ElementName><required>false</required><RPYAttribute z:Ref="i41"/><XYZAttribute z:Ref="i40"/><isCustomized>false</isCustomized></URDFElement><URDFElement z:Id="i42" i:type="ParentLink"><Attributes><Attribute z:Id="i43"><AttributeType>link</AttributeType><IsRequired>true</IsRequired><Value i:type="a:string" xmlns:a="http://www.w3.org/2001/XMLSchema"/></Attribute></Attributes><ChildElements/><ElementName>parent</ElementName><required>true</required><NameAttribute z:Ref="i43"/></URDFElement><URDFElement z:Id="i44" i:type="ChildLink"><Attributes><Attribute z:Id="i45"><AttributeType>link</AttributeType><IsRequired>true</IsRequired><Value i:type="a:string" xmlns:a="http://www.w3.org/2001/XMLSchema"/></Attribute></Attributes><ChildElements/><ElementName>child</ElementName><required>true</required><NameAttribute z:Ref="i45"/></URDFElement><URDFElement z:Id="i46" i:type="Axis"><Attributes><Attribute z:Id="i47"><AttributeType>xyz</AttributeType><IsRequired>true</IsRequired><Value i:type="a:ArrayOfdouble" xmlns:a="http://schemas.microsoft.com/2003/10/Serialization/Arrays"><a:double>0</a:double><a:double>0</a:double><a:double>0</a:double></Value></Attribute></Attributes><ChildElements/><ElementName>axis</ElementName><required>false</required><XYZAttribute z:Ref="i47"/></URDFElement><URDFElement z:Id="i48" i:type="Limit"><Attributes><Attribute z:Id="i49"><AttributeType>lower</AttributeType><IsRequired>false</IsRequired><Value i:nil="true"/></Attribute><Attribute z:Id="i50"><AttributeType>upper</AttributeType><IsRequired>false</IsRequired><Value i:nil="true"/></Attribute><Attribute z:Id="i51"><AttributeType>effort</AttributeType><IsRequired>true</IsRequired><Value i:nil="true"/></Attribute><Attribute z:Id="i52"><AttributeType>velocity</AttributeType><IsRequired>true</IsRequired><Value i:nil="true"/></Attribute></Attributes><ChildElements/><ElementName>limit</ElementName><required>false</required><EffortAttribute z:Ref="i51"/><LowerAttribute z:Ref="i49"/><UpperAttribute z:Ref="i50"/><VelocityAttribute z:Ref="i52"/></URDFElement><URDFElement z:Id="i53" i:type="Calibration"><Attributes><Attribute z:Id="i54"><AttributeType>rising</AttributeType><IsRequired>false</IsRequired><Value i:nil="true"/></Attribute><Attribute z:Id="i55"><AttributeType>falling</AttributeType><IsRequired>false</IsRequired><Value i:nil="true"/></Attribute></Attributes><ChildElements/><ElementName>calibration</ElementName><required>false</required><FallingAttribute z:Ref="i55"/><RisingAttribute z:Ref="i54"/></URDFElement><URDFElement z:Id="i56" i:type="Dynamics"><Attributes><Attribute z:Id="i57"><AttributeType>damping</AttributeType><IsRequired>false</IsRequired><Value i:nil="true"/></Attribute><Attribute z:Id="i58"><AttributeType>friction</AttributeType><IsRequired>false</IsRequired><Value i:nil="true"/></Attribute></Attributes><ChildElements/><ElementName>dynamics</ElementName><required>false</required><DampingAttribute z:Ref="i57"/><FrictionAttribute z:Ref="i58"/></URDFElement><URDFElement z:Id="i59" i:type="SafetyController"><Attributes><Attribute z:Id="i60"><AttributeType>soft_upper_limit</AttributeType><IsRequired>false</IsRequired><Value i:nil="true"/></Attribute><Attribute z:Id="i61"><AttributeType>soft_lower_limit</AttributeType><IsRequired>false</IsRequired><Value i:nil="true"/></Attribute><Attribute z:Id="i62"><AttributeType>k_position</AttributeType><IsRequired>false</IsRequired><Value i:nil="true"/></Attribute><Attribute z:Id="i63"><AttributeType>k_velocity</AttributeType><IsRequired>true</IsRequired><Value i:nil="true"/></Attribute></Attributes><ChildElements/><ElementName>safety_controller</ElementName><required>false</required><KPositionAttribute z:Ref="i62"/><KVelocityAttribute z:Ref="i63"/><SoftLowerAttribute z:Ref="i61"/><SoftUpperAttribute z:Ref="i60"/></URDFElement><URDFElement z:Id="i64" i:type="Mimic"><Attributes><Attribute z:Id="i65"><AttributeType>joint</AttributeType><IsRequired>true</IsRequired><Value i:nil="true"/></Attribute><Attribute z:Id="i66"><AttributeType>multiplier</AttributeType><IsRequired>false</IsRequired><Value i:nil="true"/></Attribute><Attribute z:Id="i67"><AttributeType>offset</AttributeType><IsRequired>false</IsRequired><Value i:nil="true"/></Attribute></Attributes><ChildElements/><ElementName>mimic</ElementName><required>false</required><JointNameAttribute z:Ref="i65"/><MultiplierAttribute z:Ref="i66"/><OffsetAttribute z:Ref="i67"/></URDFElement></ChildElements><ElementName>joint</ElementName><required>false</required><Axis z:Ref="i46"/><AxisName/><Calibration z:Ref="i53"/><Child z:Ref="i44"/><CoordinateSystemName>Coordinate System4</CoordinateSystemName><Dynamics z:Ref="i56"/><Limit z:Ref="i48"/><Mimic z:Ref="i64"/><NameAttribute z:Ref="i37"/><Origin z:Ref="i39"/><Parent z:Ref="i42"/><Safety z:Ref="i59"/><TypeAttribute z:Ref="i38"/></URDFElement></ChildElements><ElementName>link</ElementName><required>true</required><Children><Link z:Id="i68"><Attributes><Attribute z:Id="i69"><AttributeType>name</AttributeType><IsRequired>true</IsRequired><Value i:type="a:string" xmlns:a="http://www.w3.org/2001/XMLSchema">link_1</Value></Attribute></Attributes><ChildElements><URDFElement z:Id="i70" i:type="Inertial"><Attributes/><ChildElements><URDFElement z:Id="i71" i:type="Origin"><Attributes><Attribute z:Id="i72"><AttributeType>xyz</AttributeType><IsRequired>true</IsRequired><Value i:type="a:ArrayOfdouble" xmlns:a="http://schemas.microsoft.com/2003/10/Serialization/Arrays"><a:double>3.7762723454903835E-05</a:double><a:double>0.055099681083352059</a:double><a:double>0.0032111572698478724</a:double></Value></Attribute><Attribute z:Id="i73"><AttributeType>rpy</AttributeType><IsRequired>true</IsRequired><Value i:type="a:ArrayOfdouble" xmlns:a="http://schemas.microsoft.com/2003/10/Serialization/Arrays"><a:double>0</a:double><a:double>0</a:double><a:double>0</a:double></Value></Attribute></Attributes><ChildElements/><ElementName>origin</ElementName><required>false</required><RPYAttribute z:Ref="i73"/><XYZAttribute z:Ref="i72"/><isCustomized>false</isCustomized></URDFElement><URDFElement z:Id="i74" i:type="Mass"><Attributes><Attribute z:Id="i75"><AttributeType>value</AttributeType><IsRequired>true</IsRequired><Value i:type="a:double" xmlns:a="http://www.w3.org/2001/XMLSchema">0.17060644095824795</Value></Attribute></Attributes><ChildElements/><ElementName>mass</ElementName><required>false</required><ValueAttribute z:Ref="i75"/></URDFElement><URDFElement z:Id="i76" i:type="Inertia"><Attributes><Attribute z:Id="i77"><AttributeType>ixx</AttributeType><IsRequired>true</IsRequired><Value i:type="a:double" xmlns:a="http://www.w3.org/2001/XMLSchema">7.93182030993159E-05</Value></Attribute><Attribute z:Id="i78"><AttributeType>ixy</AttributeType><IsRequired>true</IsRequired><Value i:type="a:double" xmlns:a="http://www.w3.org/2001/XMLSchema">-3.2100750581439956E-07</Value></Attribute><Attribute z:Id="i79"><AttributeType>ixz</AttributeType><IsRequired>true</IsRequired><Value i:type="a:double" xmlns:a="http://www.w3.org/2001/XMLSchema">-2.383205673867523E-07</Value></Attribute><Attribute z:Id="i80"><AttributeType>iyy</AttributeType><IsRequired>true</IsRequired><Value i:type="a:double" xmlns:a="http://www.w3.org/2001/XMLSchema">8.8732870596694064E-05</Value></Attribute><Attribute z:Id="i81"><AttributeType>iyz</AttributeType><IsRequired>true</IsRequired><Value i:type="a:double" xmlns:a="http://www.w3.org/2001/XMLSchema">4.1278333121437539E-07</Value></Attribute><Attribute z:Id="i82"><AttributeType>izz</AttributeType><IsRequired>true</IsRequired><Value i:type="a:double" xmlns:a="http://www.w3.org/2001/XMLSchema">0.00012571858820928898</Value></Attribute></Attributes><ChildElements/><ElementName>inertia</ElementName><required>false</required><IxxAttribute z:Ref="i77"/><IxyAttribute z:Ref="i78"/><IxzAttribute z:Ref="i79"/><IyyAttribute z:Ref="i80"/><IyzAttribute z:Ref="i81"/><IzzAttribute z:Ref="i82"/></URDFElement></ChildElements><ElementName>inertial</ElementName><required>false</required><Inertia z:Ref="i76"/><Mass z:Ref="i74"/><Origin z:Ref="i71"/></URDFElement><URDFElement z:Id="i83" i:type="Visual"><Attributes/><ChildElements><URDFElement z:Id="i84" i:type="Origin"><Attributes><Attribute z:Id="i85"><AttributeType>xyz</AttributeType><IsRequired>true</IsRequired><Value i:type="a:ArrayOfdouble" xmlns:a="http://schemas.microsoft.com/2003/10/Serialization/Arrays"><a:double>0</a:double><a:double>0</a:double><a:double>0</a:double></Value></Attribute><Attribute z:Id="i86"><AttributeType>rpy</AttributeType><IsRequired>true</IsRequired><Value i:type="a:ArrayOfdouble" xmlns:a="http://schemas.microsoft.com/2003/10/Serialization/Arrays"><a:double>0</a:double><a:double>0</a:double><a:double>0</a:double></Value></Attribute></Attributes><ChildElements/><ElementName>origin</ElementName><required>false</required><RPYAttribute z:Ref="i86"/><XYZAttribute z:Ref="i85"/><isCustomized>false</isCustomized></URDFElement><URDFElement z:Id="i87" i:type="Geometry"><Attributes/><ChildElements><URDFElement z:Id="i88" i:type="Mesh"><Attributes><Attribute z:Id="i89"><AttributeType>filename</AttributeType><IsRequired>true</IsRequired><Value i:nil="true"/></Attribute></Attributes><ChildElements/><ElementName>mesh</ElementName><required>false</required><FilenameAttribute z:Ref="i89"/></URDFElement></ChildElements><ElementName>geometry</ElementName><required>true</required><Mesh z:Ref="i88"/></URDFElement><URDFElement z:Id="i90" i:type="Material"><Attributes><Attribute z:Id="i91"><AttributeType>name</AttributeType><IsRequired>true</IsRequired><Value i:type="a:string" xmlns:a="http://www.w3.org/2001/XMLSchema"/></Attribute></Attributes><ChildElements><URDFElement z:Id="i92" i:type="Color"><Attributes><Attribute z:Id="i93"><AttributeType>rgba</AttributeType><IsRequired>true</IsRequired><Value i:type="a:ArrayOfdouble" xmlns:a="http://schemas.microsoft.com/2003/10/Serialization/Arrays"><a:double>0.792156862745098</a:double><a:double>0.81960784313725488</a:double><a:double>0.93333333333333335</a:double><a:double>1</a:double></Value></Attribute></Attributes><ChildElements/><ElementName>color</ElementName><required>false</required><RGBAAttribute z:Ref="i93"/></URDFElement><URDFElement z:Id="i94" i:type="Texture"><Attributes><Attribute z:Id="i95"><AttributeType>filename</AttributeType><IsRequired>true</IsRequired><Value i:nil="true"/></Attribute></Attributes><ChildElements/><ElementName>texture</ElementName><required>false</required><FilenameAttribute z:Ref="i95"/><wFilename/></URDFElement></ChildElements><ElementName>material</ElementName><required>false</required><Color z:Ref="i92"/><NameAttribute z:Ref="i91"/><Texture z:Ref="i94"/></URDFElement></ChildElements><ElementName>visual</ElementName><required>false</required><Geometry z:Ref="i87"/><Material z:Ref="i90"/><Origin z:Ref="i84"/></URDFElement><URDFElement z:Id="i96" i:type="Collision"><Attributes/><ChildElements><URDFElement z:Id="i97" i:type="Origin"><Attributes><Attribute z:Id="i98"><AttributeType>xyz</AttributeType><IsRequired>true</IsRequired><Value i:type="a:ArrayOfdouble" xmlns:a="http://schemas.microsoft.com/2003/10/Serialization/Arrays"><a:double>0</a:double><a:double>0</a:double><a:double>0</a:double></Value></Attribute><Attribute z:Id="i99"><AttributeType>rpy</AttributeType><IsRequired>true</IsRequired><Value i:type="a:ArrayOfdouble" xmlns:a="http://schemas.microsoft.com/2003/10/Serialization/Arrays"><a:double>0</a:double><a:double>0</a:double><a:double>0</a:double></Value></Attribute></Attributes><ChildElements/><ElementName>origin</ElementName><required>false</required><RPYAttribute z:Ref="i99"/><XYZAttribute z:Ref="i98"/><isCustomized>false</isCustomized></URDFElement><URDFElement z:Id="i100" i:type="Geometry"><Attributes/><ChildElements><URDFElement z:Id="i101" i:type="Mesh"><Attributes><Attribute z:Id="i102"><AttributeType>filename</AttributeType><IsRequired>true</IsRequired><Value i:nil="true"/></Attribute></Attributes><ChildElements/><ElementName>mesh</ElementName><required>false</required><FilenameAttribute z:Ref="i102"/></URDFElement></ChildElements><ElementName>geometry</ElementName><required>true</required><Mesh z:Ref="i101"/></URDFElement></ChildElements><ElementName>collision</ElementName><required>false</required><Geometry z:Ref="i100"/><Origin z:Ref="i97"/></URDFElement><URDFElement z:Id="i103" i:type="Joint"><Attributes><Attribute z:Id="i104"><AttributeType>name</AttributeType><IsRequired>true</IsRequired><Value i:type="a:string" xmlns:a="http://www.w3.org/2001/XMLSchema">twisting</Value></Attribute><Attribute z:Id="i105"><AttributeType>type</AttributeType><IsRequired>true</IsRequired><Value i:type="a:string" xmlns:a="http://www.w3.org/2001/XMLSchema">revolute</Value></Attribute></Attributes><ChildElements><URDFElement z:Id="i106" i:type="Origin"><Attributes><Attribute z:Id="i107"><AttributeType>xyz</AttributeType><IsRequired>true</IsRequired><Value i:type="a:ArrayOfdouble" xmlns:a="http://schemas.microsoft.com/2003/10/Serialization/Arrays"><a:double>0</a:double><a:double>0</a:double><a:double>0</a:double></Value></Attribute><Attribute z:Id="i108"><AttributeType>rpy</AttributeType><IsRequired>true</IsRequired><Value i:type="a:ArrayOfdouble" xmlns:a="http://schemas.microsoft.com/2003/10/Serialization/Arrays"><a:double>0</a:double><a:double>0</a:double><a:double>0</a:double></Value></Attribute></Attributes><ChildElements/><ElementName>origin</ElementName><required>false</required><RPYAttribute z:Ref="i108"/><XYZAttribute z:Ref="i107"/><isCustomized>false</isCustomized></URDFElement><URDFElement z:Id="i109" i:type="ParentLink"><Attributes><Attribute z:Id="i110"><AttributeType>link</AttributeType><IsRequired>true</IsRequired><Value i:type="a:string" xmlns:a="http://www.w3.org/2001/XMLSchema">base_link</Value></Attribute></Attributes><ChildElements/><ElementName>parent</ElementName><required>true</required><NameAttribute z:Ref="i110"/></URDFElement><URDFElement z:Id="i111" i:type="ChildLink"><Attributes><Attribute z:Id="i112"><AttributeType>link</AttributeType><IsRequired>true</IsRequired><Value i:type="a:string" xmlns:a="http://www.w3.org/2001/XMLSchema">link_1</Value></Attribute></Attributes><ChildElements/><ElementName>child</ElementName><required>true</required><NameAttribute z:Ref="i112"/></URDFElement><URDFElement z:Id="i113" i:type="Axis"><Attributes><Attribute z:Id="i114"><AttributeType>xyz</AttributeType><IsRequired>true</IsRequired><Value i:type="a:ArrayOfdouble" xmlns:a="http://schemas.microsoft.com/2003/10/Serialization/Arrays"><a:double>0</a:double><a:double>1</a:double><a:double>0</a:double></Value></Attribute></Attributes><ChildElements/><ElementName>axis</ElementName><required>false</required><XYZAttribute z:Ref="i114"/></URDFElement><URDFElement z:Id="i115" i:type="Limit"><Attributes><Attribute z:Id="i116"><AttributeType>lower</AttributeType><IsRequired>true</IsRequired><Value i:type="a:double" xmlns:a="http://www.w3.org/2001/XMLSchema">0</Value></Attribute><Attribute z:Id="i117"><AttributeType>upper</AttributeType><IsRequired>true</IsRequired><Value i:type="a:double" xmlns:a="http://www.w3.org/2001/XMLSchema">0</Value></Attribute><Attribute z:Id="i118"><AttributeType>effort</AttributeType><IsRequired>true</IsRequired><Value i:type="a:double" xmlns:a="http://www.w3.org/2001/XMLSchema">0</Value></Attribute><Attribute z:Id="i119"><AttributeType>velocity</AttributeType><IsRequired>true</IsRequired><Value i:type="a:double" xmlns:a="http://www.w3.org/2001/XMLSchema">0</Value></Attribute></Attributes><ChildElements/><ElementName>limit</ElementName><required>true</required><EffortAttribute z:Ref="i118"/><LowerAttribute z:Ref="i116"/><UpperAttribute z:Ref="i117"/><VelocityAttribute z:Ref="i119"/></URDFElement><URDFElement z:Id="i120" i:type="Calibration"><Attributes><Attribute z:Id="i121"><AttributeType>rising</AttributeType><IsRequired>false</IsRequired><Value i:nil="true"/></Attribute><Attribute z:Id="i122"><AttributeType>falling</AttributeType><IsRequired>false</IsRequired><Value i:nil="true"/></Attribute></Attributes><ChildElements/><ElementName>calibration</ElementName><required>false</required><FallingAttribute z:Ref="i122"/><RisingAttribute z:Ref="i121"/></URDFElement><URDFElement z:Id="i123" i:type="Dynamics"><Attributes><Attribute z:Id="i124"><AttributeType>damping</AttributeType><IsRequired>false</IsRequired><Value i:nil="true"/></Attribute><Attribute z:Id="i125"><AttributeType>friction</AttributeType><IsRequired>false</IsRequired><Value i:nil="true"/></Attribute></Attributes><ChildElements/><ElementName>dynamics</ElementName><required>false</required><DampingAttribute z:Ref="i124"/><FrictionAttribute z:Ref="i125"/></URDFElement><URDFElement z:Id="i126" i:type="SafetyController"><Attributes><Attribute z:Id="i127"><AttributeType>soft_upper_limit</AttributeType><IsRequired>false</IsRequired><Value i:nil="true"/></Attribute><Attribute z:Id="i128"><AttributeType>soft_lower_limit</AttributeType><IsRequired>false</IsRequired><Value i:nil="true"/></Attribute><Attribute z:Id="i129"><AttributeType>k_position</AttributeType><IsRequired>false</IsRequired><Value i:nil="true"/></Attribute><Attribute z:Id="i130"><AttributeType>k_velocity</AttributeType><IsRequired>true</IsRequired><Value i:nil="true"/></Attribute></Attributes><ChildElements/><ElementName>safety_controller</ElementName><required>false</required><KPositionAttribute z:Ref="i129"/><KVelocityAttribute z:Ref="i130"/><SoftLowerAttribute z:Ref="i128"/><SoftUpperAttribute z:Ref="i127"/></URDFElement><URDFElement z:Id="i131" i:type="Mimic"><Attributes><Attribute z:Id="i132"><AttributeType>joint</AttributeType><IsRequired>true</IsRequired><Value i:nil="true"/></Attribute><Attribute z:Id="i133"><AttributeType>multiplier</AttributeType><IsRequired>false</IsRequired><Value i:nil="true"/></Attribute><Attribute z:Id="i134"><AttributeType>offset</AttributeType><IsRequired>false</IsRequired><Value i:nil="true"/></Attribute></Attributes><ChildElements/><ElementName>mimic</ElementName><required>false</required><JointNameAttribute z:Ref="i132"/><MultiplierAttribute z:Ref="i133"/><OffsetAttribute z:Ref="i134"/></URDFElement></ChildElements><ElementName>joint</ElementName><required>false</required><Axis z:Ref="i113"/><AxisName>Axis1</AxisName><Calibration z:Ref="i120"/><Child z:Ref="i111"/><CoordinateSystemName>Coordinate System4</CoordinateSystemName><Dynamics z:Ref="i123"/><Limit z:Ref="i115"/><Mimic z:Ref="i131"/><NameAttribute z:Ref="i104"/><Origin z:Ref="i106"/><Parent z:Ref="i109"/><Safety z:Ref="i126"/><TypeAttribute z:Ref="i105"/></URDFElement></ChildElements><ElementName>link</ElementName><required>true</required><Children><Link z:Id="i135"><Attributes><Attribute z:Id="i136"><AttributeType>name</AttributeType><IsRequired>true</IsRequired><Value i:type="a:string" xmlns:a="http://www.w3.org/2001/XMLSchema">link_2</Value></Attribute></Attributes><ChildElements><URDFElement z:Id="i137" i:type="Inertial"><Attributes/><ChildElements><URDFElement z:Id="i138" i:type="Origin"><Attributes><Attribute z:Id="i139"><AttributeType>xyz</AttributeType><IsRequired>true</IsRequired><Value i:type="a:ArrayOfdouble" xmlns:a="http://schemas.microsoft.com/2003/10/Serialization/Arrays"><a:double>0.0055503832930562935</a:double><a:double>0.054568257715747692</a:double><a:double>-0.024846484658592849</a:double></Value></Attribute><Attribute z:Id="i140"><AttributeType>rpy</AttributeType><IsRequired>true</IsRequired><Value i:type="a:ArrayOfdouble" xmlns:a="http://schemas.microsoft.com/2003/10/Serialization/Arrays"><a:double>0</a:double><a:double>0</a:double><a:double>0</a:double></Value></Attribute></Attributes><ChildElements/><ElementName>origin</ElementName><required>false</required><RPYAttribute z:Ref="i140"/><XYZAttribute z:Ref="i139"/><isCustomized>false</isCustomized></URDFElement><URDFElement z:Id="i141" i:type="Mass"><Attributes><Attribute z:Id="i142"><AttributeType>value</AttributeType><IsRequired>true</IsRequired><Value i:type="a:double" xmlns:a="http://www.w3.org/2001/XMLSchema">0.41837203377115872</Value></Attribute></Attributes><ChildElements/><ElementName>mass</ElementName><required>false</required><ValueAttribute z:Ref="i142"/></URDFElement><URDFElement z:Id="i143" i:type="Inertia"><Attributes><Attribute z:Id="i144"><AttributeType>ixx</AttributeType><IsRequired>true</IsRequired><Value i:type="a:double" xmlns:a="http://www.w3.org/2001/XMLSchema">0.0011673627530634965</Value></Attribute><Attribute z:Id="i145"><AttributeType>ixy</AttributeType><IsRequired>true</IsRequired><Value i:type="a:double" xmlns:a="http://www.w3.org/2001/XMLSchema">7.5814850122755465E-05</Value></Attribute><Attribute z:Id="i146"><AttributeType>ixz</AttributeType><IsRequired>true</IsRequired><Value i:type="a:double" xmlns:a="http://www.w3.org/2001/XMLSchema">1.2683817405591957E-06</Value></Attribute><Attribute z:Id="i147"><AttributeType>iyy</AttributeType><IsRequired>true</IsRequired><Value i:type="a:double" xmlns:a="http://www.w3.org/2001/XMLSchema">0.00018128331173276926</Value></Attribute><Attribute z:Id="i148"><AttributeType>iyz</AttributeType><IsRequired>true</IsRequired><Value i:type="a:double" xmlns:a="http://www.w3.org/2001/XMLSchema">-1.967926790380778E-05</Value></Attribute><Attribute z:Id="i149"><AttributeType>izz</AttributeType><IsRequired>true</IsRequired><Value i:type="a:double" xmlns:a="http://www.w3.org/2001/XMLSchema">0.0012757375311084386</Value></Attribute></Attributes><ChildElements/><ElementName>inertia</ElementName><required>false</required><IxxAttribute z:Ref="i144"/><IxyAttribute z:Ref="i145"/><IxzAttribute z:Ref="i146"/><IyyAttribute z:Ref="i147"/><IyzAttribute z:Ref="i148"/><IzzAttribute z:Ref="i149"/></URDFElement></ChildElements><ElementName>inertial</ElementName><required>false</required><Inertia z:Ref="i143"/><Mass z:Ref="i141"/><Origin z:Ref="i138"/></URDFElement><URDFElement z:Id="i150" i:type="Visual"><Attributes/><ChildElements><URDFElement z:Id="i151" i:type="Origin"><Attributes><Attribute z:Id="i152"><AttributeType>xyz</AttributeType><IsRequired>true</IsRequired><Value i:type="a:ArrayOfdouble" xmlns:a="http://schemas.microsoft.com/2003/10/Serialization/Arrays"><a:double>0</a:double><a:double>0</a:double><a:double>0</a:double></Value></Attribute><Attribute z:Id="i153"><AttributeType>rpy</AttributeType><IsRequired>true</IsRequired><Value i:type="a:ArrayOfdouble" xmlns:a="http://schemas.microsoft.com/2003/10/Serialization/Arrays"><a:double>0</a:double><a:double>0</a:double><a:double>0</a:double></Value></Attribute></Attributes><ChildElements/><ElementName>origin</ElementName><required>false</required><RPYAttribute z:Ref="i153"/><XYZAttribute z:Ref="i152"/><isCustomized>false</isCustomized></URDFElement><URDFElement z:Id="i154" i:type="Geometry"><Attributes/><ChildElements><URDFElement z:Id="i155" i:type="Mesh"><Attributes><Attribute z:Id="i156"><AttributeType>filename</AttributeType><IsRequired>true</IsRequired><Value i:nil="true"/></Attribute></Attributes><ChildElements/><ElementName>mesh</ElementName><required>false</required><FilenameAttribute z:Ref="i156"/></URDFElement></ChildElements><ElementName>geometry</ElementName><required>true</required><Mesh z:Ref="i155"/></URDFElement><URDFElement z:Id="i157" i:type="Material"><Attributes><Attribute z:Id="i158"><AttributeType>name</AttributeType><IsRequired>true</IsRequired><Value i:type="a:string" xmlns:a="http://www.w3.org/2001/XMLSchema"/></Attribute></Attributes><ChildElements><URDFElement z:Id="i159" i:type="Color"><Attributes><Attribute z:Id="i160"><AttributeType>rgba</AttributeType><IsRequired>true</IsRequired><Value i:type="a:ArrayOfdouble" xmlns:a="http://schemas.microsoft.com/2003/10/Serialization/Arrays"><a:double>0.792156862745098</a:double><a:double>0.81960784313725488</a:double><a:double>0.93333333333333335</a:double><a:double>1</a:double></Value></Attribute></Attributes><ChildElements/><ElementName>color</ElementName><required>false</required><RGBAAttribute z:Ref="i160"/></URDFElement><URDFElement z:Id="i161" i:type="Texture"><Attributes><Attribute z:Id="i162"><AttributeType>filename</AttributeType><IsRequired>true</IsRequired><Value i:nil="true"/></Attribute></Attributes><ChildElements/><ElementName>texture</ElementName><required>false</required><FilenameAttribute z:Ref="i162"/><wFilename/></URDFElement></ChildElements><ElementName>material</ElementName><required>false</required><Color z:Ref="i159"/><NameAttribute z:Ref="i158"/><Texture z:Ref="i161"/></URDFElement></ChildElements><ElementName>visual</ElementName><required>false</required><Geometry z:Ref="i154"/><Material z:Ref="i157"/><Origin z:Ref="i151"/></URDFElement><URDFElement z:Id="i163" i:type="Collision"><Attributes/><ChildElements><URDFElement z:Id="i164" i:type="Origin"><Attributes><Attribute z:Id="i165"><AttributeType>xyz</AttributeType><IsRequired>true</IsRequired><Value i:type="a:ArrayOfdouble" xmlns:a="http://schemas.microsoft.com/2003/10/Serialization/Arrays"><a:double>0</a:double><a:double>0</a:double><a:double>0</a:double></Value></Attribute><Attribute z:Id="i166"><AttributeType>rpy</AttributeType><IsRequired>true</IsRequired><Value i:type="a:ArrayOfdouble" xmlns:a="http://schemas.microsoft.com/2003/10/Serialization/Arrays"><a:double>0</a:double><a:double>0</a:double><a:double>0</a:double></Value></Attribute></Attributes><ChildElements/><ElementName>origin</ElementName><required>false</required><RPYAttribute z:Ref="i166"/><XYZAttribute z:Ref="i165"/><isCustomized>false</isCustomized></URDFElement><URDFElement z:Id="i167" i:type="Geometry"><Attributes/><ChildElements><URDFElement z:Id="i168" i:type="Mesh"><Attributes><Attribute z:Id="i169"><AttributeType>filename</AttributeType><IsRequired>true</IsRequired><Value i:nil="true"/></Attribute></Attributes><ChildElements/><ElementName>mesh</ElementName><required>false</required><FilenameAttribute z:Ref="i169"/></URDFElement></ChildElements><ElementName>geometry</ElementName><required>true</required><Mesh z:Ref="i168"/></URDFElement></ChildElements><ElementName>collision</ElementName><required>false</required><Geometry z:Ref="i167"/><Origin z:Ref="i164"/></URDFElement><URDFElement z:Id="i170" i:type="Joint"><Attributes><Attribute z:Id="i171"><AttributeType>name</AttributeType><IsRequired>true</IsRequired><Value i:type="a:string" xmlns:a="http://www.w3.org/2001/XMLSchema">Revolute1</Value></Attribute><Attribute z:Id="i172"><AttributeType>type</AttributeType><IsRequired>true</IsRequired><Value i:type="a:string" xmlns:a="http://www.w3.org/2001/XMLSchema">revolute</Value></Attribute></Attributes><ChildElements><URDFElement z:Id="i173" i:type="Origin"><Attributes><Attribute z:Id="i174"><AttributeType>xyz</AttributeType><IsRequired>true</IsRequired><Value i:type="a:ArrayOfdouble" xmlns:a="http://schemas.microsoft.com/2003/10/Serialization/Arrays"><a:double>-0.0096532</a:double><a:double>0.063856</a:double><a:double>-0.04692</a:double></Value></Attribute><Attribute z:Id="i175"><AttributeType>rpy</AttributeType><IsRequired>true</IsRequired><Value i:type="a:ArrayOfdouble" xmlns:a="http://schemas.microsoft.com/2003/10/Serialization/Arrays"><a:double>0</a:double><a:double>0</a:double><a:double>0</a:double></Value></Attribute></Attributes><ChildElements/><ElementName>origin</ElementName><required>false</required><RPYAttribute z:Ref="i175"/><XYZAttribute z:Ref="i174"/><isCustomized>false</isCustomized></URDFElement><URDFElement z:Id="i176" i:type="ParentLink"><Attributes><Attribute z:Id="i177"><AttributeType>link</AttributeType><IsRequired>true</IsRequired><Value i:type="a:string" xmlns:a="http://www.w3.org/2001/XMLSchema">link_1</Value></Attribute></Attributes><ChildElements/><ElementName>parent</ElementName><required>true</required><NameAttribute z:Ref="i177"/></URDFElement><URDFElement z:Id="i178" i:type="ChildLink"><Attributes><Attribute z:Id="i179"><AttributeType>link</AttributeType><IsRequired>true</IsRequired><Value i:type="a:string" xmlns:a="http://www.w3.org/2001/XMLSchema">link_2</Value></Attribute></Attributes><ChildElements/><ElementName>child</ElementName><required>true</required><NameAttribute z:Ref="i179"/></URDFElement><URDFElement z:Id="i180" i:type="Axis"><Attributes><Attribute z:Id="i181"><AttributeType>xyz</AttributeType><IsRequired>true</IsRequired><Value i:type="a:ArrayOfdouble" xmlns:a="http://schemas.microsoft.com/2003/10/Serialization/Arrays"><a:double>0</a:double><a:double>0</a:double><a:double>-1</a:double></Value></Attribute></Attributes><ChildElements/><ElementName>axis</ElementName><required>false</required><XYZAttribute z:Ref="i181"/></URDFElement><URDFElement z:Id="i182" i:type="Limit"><Attributes><Attribute z:Id="i183"><AttributeType>lower</AttributeType><IsRequired>true</IsRequired><Value i:type="a:double" xmlns:a="http://www.w3.org/2001/XMLSchema">0</Value></Attribute><Attribute z:Id="i184"><AttributeType>upper</AttributeType><IsRequired>true</IsRequired><Value i:type="a:double" xmlns:a="http://www.w3.org/2001/XMLSchema">0</Value></Attribute><Attribute z:Id="i185"><AttributeType>effort</AttributeType><IsRequired>true</IsRequired><Value i:type="a:double" xmlns:a="http://www.w3.org/2001/XMLSchema">0</Value></Attribute><Attribute z:Id="i186"><AttributeType>velocity</AttributeType><IsRequired>true</IsRequired><Value i:type="a:double" xmlns:a="http://www.w3.org/2001/XMLSchema">0</Value></Attribute></Attributes><ChildElements/><ElementName>limit</ElementName><required>true</required><EffortAttribute z:Ref="i185"/><LowerAttribute z:Ref="i183"/><UpperAttribute z:Ref="i184"/><VelocityAttribute z:Ref="i186"/></URDFElement><URDFElement z:Id="i187" i:type="Calibration"><Attributes><Attribute z:Id="i188"><AttributeType>rising</AttributeType><IsRequired>false</IsRequired><Value i:nil="true"/></Attribute><Attribute z:Id="i189"><AttributeType>falling</AttributeType><IsRequired>false</IsRequired><Value i:nil="true"/></Attribute></Attributes><ChildElements/><ElementName>calibration</ElementName><required>false</required><FallingAttribute z:Ref="i189"/><RisingAttribute z:Ref="i188"/></URDFElement><URDFElement z:Id="i190" i:type="Dynamics"><Attributes><Attribute z:Id="i191"><AttributeType>damping</AttributeType><IsRequired>false</IsRequired><Value i:nil="true"/></Attribute><Attribute z:Id="i192"><AttributeType>friction</AttributeType><IsRequired>false</IsRequired><Value i:nil="true"/></Attribute></Attributes><ChildElements/><ElementName>dynamics</ElementName><required>false</required><DampingAttribute z:Ref="i191"/><FrictionAttribute z:Ref="i192"/></URDFElement><URDFElement z:Id="i193" i:type="SafetyController"><Attributes><Attribute z:Id="i194"><AttributeType>soft_upper_limit</AttributeType><IsRequired>false</IsRequired><Value i:nil="true"/></Attribute><Attribute z:Id="i195"><AttributeType>soft_lower_limit</AttributeType><IsRequired>false</IsRequired><Value i:nil="true"/></Attribute><Attribute z:Id="i196"><AttributeType>k_position</AttributeType><IsRequired>false</IsRequired><Value i:nil="true"/></Attribute><Attribute z:Id="i197"><AttributeType>k_velocity</AttributeType><IsRequired>true</IsRequired><Value i:nil="true"/></Attribute></Attributes><ChildElements/><ElementName>safety_controller</ElementName><required>false</required><KPositionAttribute z:Ref="i196"/><KVelocityAttribute z:Ref="i197"/><SoftLowerAttribute z:Ref="i195"/><SoftUpperAttribute z:Ref="i194"/></URDFElement><URDFElement z:Id="i198" i:type="Mimic"><Attributes><Attribute z:Id="i199"><AttributeType>joint</AttributeType><IsRequired>true</IsRequired><Value i:nil="true"/></Attribute><Attribute z:Id="i200"><AttributeType>multiplier</AttributeType><IsRequired>false</IsRequired><Value i:nil="true"/></Attribute><Attribute z:Id="i201"><AttributeType>offset</AttributeType><IsRequired>false</IsRequired><Value i:nil="true"/></Attribute></Attributes><ChildElements/><ElementName>mimic</ElementName><required>false</required><JointNameAttribute z:Ref="i199"/><MultiplierAttribute z:Ref="i200"/><OffsetAttribute z:Ref="i201"/></URDFElement></ChildElements><ElementName>joint</ElementName><required>false</required><Axis z:Ref="i180"/><AxisName>Axis2</AxisName><Calibration z:Ref="i187"/><Child z:Ref="i178"/><CoordinateSystemName>Coordinate System5</CoordinateSystemName><Dynamics z:Ref="i190"/><Limit z:Ref="i182"/><Mimic z:Ref="i198"/><NameAttribute z:Ref="i171"/><Origin z:Ref="i173"/><Parent z:Ref="i176"/><Safety z:Ref="i193"/><TypeAttribute z:Ref="i172"/></URDFElement></ChildElements><ElementName>link</ElementName><required>true</required><Children><Link z:Id="i202"><Attributes><Attribute z:Id="i203"><AttributeType>name</AttributeType><IsRequired>true</IsRequired><Value i:type="a:string" xmlns:a="http://www.w3.org/2001/XMLSchema">link_3</Value></Attribute></Attributes><ChildElements><URDFElement z:Id="i204" i:type="Inertial"><Attributes/><ChildElements><URDFElement z:Id="i205" i:type="Origin"><Attributes><Attribute z:Id="i206"><AttributeType>xyz</AttributeType><IsRequired>true</IsRequired><Value i:type="a:ArrayOfdouble" xmlns:a="http://schemas.microsoft.com/2003/10/Serialization/Arrays"><a:double>-0.12465508171620587</a:double><a:double>-0.02043429221406956</a:double><a:double>0.00424570622658697</a:double></Value></Attribute><Attribute z:Id="i207"><AttributeType>rpy</AttributeType><IsRequired>true</IsRequired><Value i:type="a:ArrayOfdouble" xmlns:a="http://schemas.microsoft.com/2003/10/Serialization/Arrays"><a:double>0</a:double><a:double>0</a:double><a:double>0</a:double></Value></Attribute></Attributes><ChildElements/><ElementName>origin</ElementName><required>false</required><RPYAttribute z:Ref="i207"/><XYZAttribute z:Ref="i206"/><isCustomized>false</isCustomized></URDFElement><URDFElement z:Id="i208" i:type="Mass"><Attributes><Attribute z:Id="i209"><AttributeType>value</AttributeType><IsRequired>true</IsRequired><Value i:type="a:double" xmlns:a="http://www.w3.org/2001/XMLSchema">0.11837875296973439</Value></Attribute></Attributes><ChildElements/><ElementName>mass</ElementName><required>false</required><ValueAttribute z:Ref="i209"/></URDFElement><URDFElement z:Id="i210" i:type="Inertia"><Attributes><Attribute z:Id="i211"><AttributeType>ixx</AttributeType><IsRequired>true</IsRequired><Value i:type="a:double" xmlns:a="http://www.w3.org/2001/XMLSchema">2.5455400282051028E-05</Value></Attribute><Attribute z:Id="i212"><AttributeType>ixy</AttributeType><IsRequired>true</IsRequired><Value i:type="a:double" xmlns:a="http://www.w3.org/2001/XMLSchema">-6.2629100683012355E-05</Value></Attribute><Attribute z:Id="i213"><AttributeType>ixz</AttributeType><IsRequired>true</IsRequired><Value i:type="a:double" xmlns:a="http://www.w3.org/2001/XMLSchema">5.2681088225009141E-07</Value></Attribute><Attribute z:Id="i214"><AttributeType>iyy</AttributeType><IsRequired>true</IsRequired><Value i:type="a:double" xmlns:a="http://www.w3.org/2001/XMLSchema">0.00039731799267176326</Value></Attribute><Attribute z:Id="i215"><AttributeType>iyz</AttributeType><IsRequired>true</IsRequired><Value i:type="a:double" xmlns:a="http://www.w3.org/2001/XMLSchema">8.6362481414677434E-08</Value></Attribute><Attribute z:Id="i216"><AttributeType>izz</AttributeType><IsRequired>true</IsRequired><Value i:type="a:double" xmlns:a="http://www.w3.org/2001/XMLSchema">0.000418159144693089</Value></Attribute></Attributes><ChildElements/><ElementName>inertia</ElementName><required>false</required><IxxAttribute z:Ref="i211"/><IxyAttribute z:Ref="i212"/><IxzAttribute z:Ref="i213"/><IyyAttribute z:Ref="i214"/><IyzAttribute z:Ref="i215"/><IzzAttribute z:Ref="i216"/></URDFElement></ChildElements><ElementName>inertial</ElementName><required>false</required><Inertia z:Ref="i210"/><Mass z:Ref="i208"/><Origin z:Ref="i205"/></URDFElement><URDFElement z:Id="i217" i:type="Visual"><Attributes/><ChildElements><URDFElement z:Id="i218" i:type="Origin"><Attributes><Attribute z:Id="i219"><AttributeType>xyz</AttributeType><IsRequired>true</IsRequired><Value i:type="a:ArrayOfdouble" xmlns:a="http://schemas.microsoft.com/2003/10/Serialization/Arrays"><a:double>0</a:double><a:double>0</a:double><a:double>0</a:double></Value></Attribute><Attribute z:Id="i220"><AttributeType>rpy</AttributeType><IsRequired>true</IsRequired><Value i:type="a:ArrayOfdouble" xmlns:a="http://schemas.microsoft.com/2003/10/Serialization/Arrays"><a:double>0</a:double><a:double>0</a:double><a:double>0</a:double></Value></Attribute></Attributes><ChildElements/><ElementName>origin</ElementName><required>false</required><RPYAttribute z:Ref="i220"/><XYZAttribute z:Ref="i219"/><isCustomized>false</isCustomized></URDFElement><URDFElement z:Id="i221" i:type="Geometry"><Attributes/><ChildElements><URDFElement z:Id="i222" i:type="Mesh"><Attributes><Attribute z:Id="i223"><AttributeType>filename</AttributeType><IsRequired>true</IsRequired><Value i:nil="true"/></Attribute></Attributes><ChildElements/><ElementName>mesh</ElementName><required>false</required><FilenameAttribute z:Ref="i223"/></URDFElement></ChildElements><ElementName>geometry</ElementName><required>true</required><Mesh z:Ref="i222"/></URDFElement><URDFElement z:Id="i224" i:type="Material"><Attributes><Attribute z:Id="i225"><AttributeType>name</AttributeType><IsRequired>true</IsRequired><Value i:type="a:string" xmlns:a="http://www.w3.org/2001/XMLSchema"/></Attribute></Attributes><ChildElements><URDFElement z:Id="i226" i:type="Color"><Attributes><Attribute z:Id="i227"><AttributeType>rgba</AttributeType><IsRequired>true</IsRequired><Value i:type="a:ArrayOfdouble" xmlns:a="http://schemas.microsoft.com/2003/10/Serialization/Arrays"><a:double>0.792156862745098</a:double><a:double>0.81960784313725488</a:double><a:double>0.93333333333333335</a:double><a:double>1</a:double></Value></Attribute></Attributes><ChildElements/><ElementName>color</ElementName><required>false</required><RGBAAttribute z:Ref="i227"/></URDFElement><URDFElement z:Id="i228" i:type="Texture"><Attributes><Attribute z:Id="i229"><AttributeType>filename</AttributeType><IsRequired>true</IsRequired><Value i:nil="true"/></Attribute></Attributes><ChildElements/><ElementName>texture</ElementName><required>false</required><FilenameAttribute z:Ref="i229"/><wFilename/></URDFElement></ChildElements><ElementName>material</ElementName><required>false</required><Color z:Ref="i226"/><NameAttribute z:Ref="i225"/><Texture z:Ref="i228"/></URDFElement></ChildElements><ElementName>visual</ElementName><required>false</required><Geometry z:Ref="i221"/><Material z:Ref="i224"/><Origin z:Ref="i218"/></URDFElement><URDFElement z:Id="i230" i:type="Collision"><Attributes/><ChildElements><URDFElement z:Id="i231" i:type="Origin"><Attributes><Attribute z:Id="i232"><AttributeType>xyz</AttributeType><IsRequired>true</IsRequired><Value i:type="a:ArrayOfdouble" xmlns:a="http://schemas.microsoft.com/2003/10/Serialization/Arrays"><a:double>0</a:double><a:double>0</a:double><a:double>0</a:double></Value></Attribute><Attribute z:Id="i233"><AttributeType>rpy</AttributeType><IsRequired>true</IsRequired><Value i:type="a:ArrayOfdouble" xmlns:a="http://schemas.microsoft.com/2003/10/Serialization/Arrays"><a:double>0</a:double><a:double>0</a:double><a:double>0</a:double></Value></Attribute></Attributes><ChildElements/><ElementName>origin</ElementName><required>false</required><RPYAttribute z:Ref="i233"/><XYZAttribute z:Ref="i232"/><isCustomized>false</isCustomized></URDFElement><URDFElement z:Id="i234" i:type="Geometry"><Attributes/><ChildElements><URDFElement z:Id="i235" i:type="Mesh"><Attributes><Attribute z:Id="i236"><AttributeType>filename</AttributeType><IsRequired>true</IsRequired><Value i:nil="true"/></Attribute></Attributes><ChildElements/><ElementName>mesh</ElementName><required>false</required><FilenameAttribute z:Ref="i236"/></URDFElement></ChildElements><ElementName>geometry</ElementName><required>true</required><Mesh z:Ref="i235"/></URDFElement></ChildElements><ElementName>collision</ElementName><required>false</required><Geometry z:Ref="i234"/><Origin z:Ref="i231"/></URDFElement><URDFElement z:Id="i237" i:type="Joint"><Attributes><Attribute z:Id="i238"><AttributeType>name</AttributeType><IsRequired>true</IsRequired><Value i:type="a:string" xmlns:a="http://www.w3.org/2001/XMLSchema">Revolute2</Value></Attribute><Attribute z:Id="i239"><AttributeType>type</AttributeType><IsRequired>true</IsRequired><Value i:type="a:string" xmlns:a="http://www.w3.org/2001/XMLSchema">revolute</Value></Attribute></Attributes><ChildElements><URDFElement z:Id="i240" i:type="Origin"><Attributes><Attribute z:Id="i241"><AttributeType>xyz</AttributeType><IsRequired>true</IsRequired><Value i:type="a:ArrayOfdouble" xmlns:a="http://schemas.microsoft.com/2003/10/Serialization/Arrays"><a:double>-0.007</a:double><a:double>0.2195</a:double><a:double>-0.04808</a:double></Value></Attribute><Attribute z:Id="i242"><AttributeType>rpy</AttributeType><IsRequired>true</IsRequired><Value i:type="a:ArrayOfdouble" xmlns:a="http://schemas.microsoft.com/2003/10/Serialization/Arrays"><a:double>0</a:double><a:double>0</a:double><a:double>0</a:double></Value></Attribute></Attributes><ChildElements/><ElementName>origin</ElementName><required>false</required><RPYAttribute z:Ref="i242"/><XYZAttribute z:Ref="i241"/><isCustomized>false</isCustomized></URDFElement><URDFElement z:Id="i243" i:type="ParentLink"><Attributes><Attribute z:Id="i244"><AttributeType>link</AttributeType><IsRequired>true</IsRequired><Value i:type="a:string" xmlns:a="http://www.w3.org/2001/XMLSchema">link_2</Value></Attribute></Attributes><ChildElements/><ElementName>parent</ElementName><required>true</required><NameAttribute z:Ref="i244"/></URDFElement><URDFElement z:Id="i245" i:type="ChildLink"><Attributes><Attribute z:Id="i246"><AttributeType>link</AttributeType><IsRequired>true</IsRequired><Value i:type="a:string" xmlns:a="http://www.w3.org/2001/XMLSchema">link_3</Value></Attribute></Attributes><ChildElements/><ElementName>child</ElementName><required>true</required><NameAttribute z:Ref="i246"/></URDFElement><URDFElement z:Id="i247" i:type="Axis"><Attributes><Attribute z:Id="i248"><AttributeType>xyz</AttributeType><IsRequired>true</IsRequired><Value i:type="a:ArrayOfdouble" xmlns:a="http://schemas.microsoft.com/2003/10/Serialization/Arrays"><a:double>0</a:double><a:double>0</a:double><a:double>-1</a:double></Value></Attribute></Attributes><ChildElements/><ElementName>axis</ElementName><required>false</required><XYZAttribute z:Ref="i248"/></URDFElement><URDFElement z:Id="i249" i:type="Limit"><Attributes><Attribute z:Id="i250"><AttributeType>lower</AttributeType><IsRequired>true</IsRequired><Value i:type="a:double" xmlns:a="http://www.w3.org/2001/XMLSchema">0</Value></Attribute><Attribute z:Id="i251"><AttributeType>upper</AttributeType><IsRequired>true</IsRequired><Value i:type="a:double" xmlns:a="http://www.w3.org/2001/XMLSchema">0</Value></Attribute><Attribute z:Id="i252"><AttributeType>effort</AttributeType><IsRequired>true</IsRequired><Value i:type="a:double" xmlns:a="http://www.w3.org/2001/XMLSchema">0</Value></Attribute><Attribute z:Id="i253"><AttributeType>velocity</AttributeType><IsRequired>true</IsRequired><Value i:type="a:double" xmlns:a="http://www.w3.org/2001/XMLSchema">0</Value></Attribute></Attributes><ChildElements/><ElementName>limit</ElementName><required>true</required><EffortAttribute z:Ref="i252"/><LowerAttribute z:Ref="i250"/><UpperAttribute z:Ref="i251"/><VelocityAttribute z:Ref="i253"/></URDFElement><URDFElement z:Id="i254" i:type="Calibration"><Attributes><Attribute z:Id="i255"><AttributeType>rising</AttributeType><IsRequired>false</IsRequired><Value i:nil="true"/></Attribute><Attribute z:Id="i256"><AttributeType>falling</AttributeType><IsRequired>false</IsRequired><Value i:nil="true"/></Attribute></Attributes><ChildElements/><ElementName>calibration</ElementName><required>false</required><FallingAttribute z:Ref="i256"/><RisingAttribute z:Ref="i255"/></URDFElement><URDFElement z:Id="i257" i:type="Dynamics"><Attributes><Attribute z:Id="i258"><AttributeType>damping</AttributeType><IsRequired>false</IsRequired><Value i:nil="true"/></Attribute><Attribute z:Id="i259"><AttributeType>friction</AttributeType><IsRequired>false</IsRequired><Value i:nil="true"/></Attribute></Attributes><ChildElements/><ElementName>dynamics</ElementName><required>false</required><DampingAttribute z:Ref="i258"/><FrictionAttribute z:Ref="i259"/></URDFElement><URDFElement z:Id="i260" i:type="SafetyController"><Attributes><Attribute z:Id="i261"><AttributeType>soft_upper_limit</AttributeType><IsRequired>false</IsRequired><Value i:nil="true"/></Attribute><Attribute z:Id="i262"><AttributeType>soft_lower_limit</AttributeType><IsRequired>false</IsRequired><Value i:nil="true"/></Attribute><Attribute z:Id="i263"><AttributeType>k_position</AttributeType><IsRequired>false</IsRequired><Value i:nil="true"/></Attribute><Attribute z:Id="i264"><AttributeType>k_velocity</AttributeType><IsRequired>true</IsRequired><Value i:nil="true"/></Attribute></Attributes><ChildElements/><ElementName>safety_controller</ElementName><required>false</required><KPositionAttribute z:Ref="i263"/><KVelocityAttribute z:Ref="i264"/><SoftLowerAttribute z:Ref="i262"/><SoftUpperAttribute z:Ref="i261"/></URDFElement><URDFElement z:Id="i265" i:type="Mimic"><Attributes><Attribute z:Id="i266"><AttributeType>joint</AttributeType><IsRequired>true</IsRequired><Value i:nil="true"/></Attribute><Attribute z:Id="i267"><AttributeType>multiplier</AttributeType><IsRequired>false</IsRequired><Value i:nil="true"/></Attribute><Attribute z:Id="i268"><AttributeType>offset</AttributeType><IsRequired>false</IsRequired><Value i:nil="true"/></Attribute></Attributes><ChildElements/><ElementName>mimic</ElementName><required>false</required><JointNameAttribute z:Ref="i266"/><MultiplierAttribute z:Ref="i267"/><OffsetAttribute z:Ref="i268"/></URDFElement></ChildElements><ElementName>joint</ElementName><required>false</required><Axis z:Ref="i247"/><AxisName>Axis3</AxisName><Calibration z:Ref="i254"/><Child z:Ref="i245"/><CoordinateSystemName>Coordinate System6</CoordinateSystemName><Dynamics z:Ref="i257"/><Limit z:Ref="i249"/><Mimic z:Ref="i265"/><NameAttribute z:Ref="i238"/><Origin z:Ref="i240"/><Parent z:Ref="i243"/><Safety z:Ref="i260"/><TypeAttribute z:Ref="i239"/></URDFElement></ChildElements><ElementName>link</ElementName><required>true</required><Children/><Collision z:Ref="i230"/><Inertial z:Ref="i204"/><Joint z:Ref="i237"/><NameAttribute z:Ref="i203"/><Parent z:Ref="i135"/><STLQualityFine>false</STLQualityFine><SWComponentPIDs xmlns:a="http://schemas.microsoft.com/2003/10/Serialization/Arrays"><a:base64Binary>UEYAAAUAAAD//v8KbABpAG4AawAgADMALQAxAEAAMQAEAAAAEAAAAAEAAAABAAAAJQAAAA==</a:base64Binary></SWComponentPIDs><SWMainComponentPID i:nil="true"/><Visual z:Ref="i217"/><isFixedFrame>false</isFixedFrame><isIncomplete>false</isIncomplete></Link></Children><Collision z:Ref="i163"/><Inertial z:Ref="i137"/><Joint z:Ref="i170"/><NameAttribute z:Ref="i136"/><Parent z:Ref="i68"/><STLQualityFine>false</STLQualityFine><SWComponentPIDs xmlns:a="http://schemas.microsoft.com/2003/10/Serialization/Arrays"><a:base64Binary>UEYAAAUAAAD//v8KbABpAG4AawAgADIALQAxAEAAMQAEAAAAEAAAAAEAAAABAAAAIgAAAA==</a:base64Binary></SWComponentPIDs><SWMainComponentPID i:nil="true"/><Visual z:Ref="i150"/><isFixedFrame>false</isFixedFrame><isIncomplete>false</isIncomplete></Link></Children><Collision z:Ref="i96"/><Inertial z:Ref="i70"/><Joint z:Ref="i103"/><NameAttribute z:Ref="i69"/><Parent z:Ref="i1"/><STLQualityFine>false</STLQualityFine><SWComponentPIDs xmlns:a="http://schemas.microsoft.com/2003/10/Serialization/Arrays"><a:base64Binary>UEYAAAUAAAD//v8KbABpAG4AawAgADEALQAxAEAAMQAEAAAAEAAAAAEAAAABAAAAHwAAAA==</a:base64Binary></SWComponentPIDs><SWMainComponentPID i:nil="true"/><Visual z:Ref="i83"/><isFixedFrame>false</isFixedFrame><isIncomplete>false</isIncomplete></Link></Children><Collision z:Ref="i29"/><Inertial z:Ref="i3"/><Joint z:Ref="i36"/><NameAttribute z:Ref="i2"/><Parent i:nil="true"/><STLQualityFine>false</STLQualityFine><SWComponentPIDs xmlns:a="http://schemas.microsoft.com/2003/10/Serialization/Arrays"><a:base64Binary>UEYAAAUAAAD//v8NYgBhAHMAZQAgAGwAaQBuAGsALQAyAEAAMQAEAAAAEAAAAAEAAAABAAAAHAAAAA==</a:base64Binary></SWComponentPIDs><SWMainComponentPID i:nil="true"/><Visual z:Ref="i16"/><isFixedFrame>false</isFixedFrame><isIncomplete>false</isIncomplete></Link>
2025-09-14 10:00:47,960 INFO  AssemblyExportForm.cs: 309 - Saving URDF package to C:\Users\sawan\Downloads\New folder\1.SLDASM
2025-09-14 10:00:47,966 INFO  ExportHelper.cs: 147 - Beginning the export process
2025-09-14 10:00:47,971 INFO  ExportHelper.cs: 153 - Creating package directories with name 1.SLDASM and save path C:\Users\sawan\Downloads\New folder
2025-09-14 10:00:50,710 INFO  ExportHelper.cs: 162 - Creating CMakeLists.txt at C:\Users\sawan\Downloads\New folder\1.SLDASM\CMakeLists.txt
2025-09-14 10:00:50,714 INFO  ExportHelper.cs: 166 - Creating joint names config at C:\Users\sawan\Downloads\New folder\1.SLDASM\config\joint_names_1.SLDASM.yaml
2025-09-14 10:00:50,720 INFO  ExportHelper.cs: 170 - Creating package.xml at C:\Users\sawan\Downloads\New folder\1.SLDASM\package.xml
2025-09-14 10:00:50,724 INFO  PackageXMLWriter.cs: 21 - Creating package.xml at C:\Users\sawan\Downloads\New folder\1.SLDASM\package.xml
2025-09-14 10:00:50,736 INFO  ExportHelper.cs: 177 - Creating RVIZ launch file in C:\Users\sawan\Downloads\New folder\1.SLDASM\launch\
2025-09-14 10:00:50,742 INFO  ExportHelper.cs: 182 - Creating Gazebo launch file in C:\Users\sawan\Downloads\New folder\1.SLDASM\launch\
2025-09-14 10:00:50,747 INFO  ExportHelper.cs: 187 - Saving existing STL preferences
2025-09-14 10:00:50,749 INFO  ExportHelper.cs: 450 - Saving users preferences
2025-09-14 10:00:50,756 INFO  ExportHelper.cs: 190 - Modifying STL preferences
2025-09-14 10:00:50,757 INFO  ExportHelper.cs: 464 - Setting STL preferences
2025-09-14 10:00:50,780 INFO  ExportHelper.cs: 196 - Found 0 hidden components 
2025-09-14 10:00:50,781 INFO  ExportHelper.cs: 197 - Hiding all components
2025-09-14 10:00:50,914 INFO  ExportHelper.cs: 204 - Beginning individual files export
2025-09-14 10:00:50,921 INFO  ExportHelper.cs: 270 - Exporting link: base_link
2025-09-14 10:00:50,922 INFO  ExportHelper.cs: 272 - Link base_link has 1 children
2025-09-14 10:00:50,925 INFO  ExportHelper.cs: 270 - Exporting link: link_1
2025-09-14 10:00:50,926 INFO  ExportHelper.cs: 272 - Link link_1 has 1 children
2025-09-14 10:00:50,928 INFO  ExportHelper.cs: 270 - Exporting link: link_2
2025-09-14 10:00:50,929 INFO  ExportHelper.cs: 272 - Link link_2 has 1 children
2025-09-14 10:00:50,932 INFO  ExportHelper.cs: 270 - Exporting link: link_3
2025-09-14 10:00:50,933 INFO  ExportHelper.cs: 272 - Link link_3 has 0 children
2025-09-14 10:00:50,935 INFO  ExportHelper.cs: 317 - link_3: Exporting STL with coordinate frame Coordinate System6
2025-09-14 10:00:50,937 INFO  ExportHelper.cs: 322 - link_3: Reference geometry name 
2025-09-14 10:00:50,999 INFO  ExportHelper.cs: 330 - Saving STL to C:\Users\sawan\Downloads\New folder\1.SLDASM\meshes\link_3.STL
2025-09-14 10:00:51,182 INFO  ExportHelper.cs: 405 - Removing SW header in STL file
2025-09-14 10:00:51,184 INFO  ExportHelper.cs: 317 - link_2: Exporting STL with coordinate frame Coordinate System5
2025-09-14 10:00:51,186 INFO  ExportHelper.cs: 322 - link_2: Reference geometry name 
2025-09-14 10:00:51,204 INFO  ExportHelper.cs: 330 - Saving STL to C:\Users\sawan\Downloads\New folder\1.SLDASM\meshes\link_2.STL
2025-09-14 10:00:51,659 INFO  ExportHelper.cs: 405 - Removing SW header in STL file
2025-09-14 10:00:51,660 INFO  ExportHelper.cs: 317 - link_1: Exporting STL with coordinate frame Coordinate System4
2025-09-14 10:00:51,661 INFO  ExportHelper.cs: 322 - link_1: Reference geometry name 
2025-09-14 10:00:51,770 INFO  ExportHelper.cs: 330 - Saving STL to C:\Users\sawan\Downloads\New folder\1.SLDASM\meshes\link_1.STL
2025-09-14 10:00:51,978 INFO  ExportHelper.cs: 405 - Removing SW header in STL file
2025-09-14 10:00:51,980 INFO  ExportHelper.cs: 317 - base_link: Exporting STL with coordinate frame Coordinate System4
2025-09-14 10:00:51,981 INFO  ExportHelper.cs: 322 - base_link: Reference geometry name 
2025-09-14 10:00:51,997 INFO  ExportHelper.cs: 330 - Saving STL to C:\Users\sawan\Downloads\New folder\1.SLDASM\meshes\base_link.STL
2025-09-14 10:00:52,115 INFO  ExportHelper.cs: 405 - Removing SW header in STL file
2025-09-14 10:00:52,116 INFO  ExportHelper.cs: 145 - Showing all components except previously hidden components
2025-09-14 10:00:52,237 INFO  ExportHelper.cs: 145 - Resetting STL preferences
2025-09-14 10:00:52,238 INFO  ExportHelper.cs: 478 - Returning STL preferences to user preferences
2025-09-14 10:00:52,239 INFO  ExportHelper.cs: 228 - Writing URDF file to C:\Users\sawan\Downloads\New folder\1.SLDASM\urdf\1.SLDASM.urdf
2025-09-14 10:00:53,089 INFO  CSVImportExport.cs: 32 - Writing CSV file C:\Users\sawan\Downloads\New folder\1.SLDASM\urdf\1.SLDASM.csv
2025-09-14 10:00:53,140 ERROR CSVImportExport.cs: 130 - The following columns were not written to the CSV: Link.Joint.ChildLink.link,
2025-09-14 10:00:53,142 ERROR CSVImportExport.cs: 130 - The following columns were not written to the CSV: Link.Joint.ChildLink.link,
2025-09-14 10:00:53,143 ERROR CSVImportExport.cs: 130 - The following columns were not written to the CSV: Link.Joint.ChildLink.link,
2025-09-14 10:00:53,144 ERROR CSVImportExport.cs: 130 - The following columns were not written to the CSV: Link.Joint.ChildLink.link,
2025-09-14 10:00:53,145 INFO  ExportHelper.cs: 234 - Copying log file
2025-09-14 10:00:53,155 INFO  ExportHelper.cs: 439 - Copying C:\Users\sawan\sw2urdf_logs\sw2urdf.log to C:\Users\sawan\Downloads\New folder\1.SLDASM\export.log
